cmpdname,isosmiles
"2,3-Dihydroxybenzoic acid",C1=CC(=C(C(=C1)O)O)C(=O)O
3-Methyl-2-oxobutanoic acid,CC(C)C(=O)C(=O)O
3-Hydroxybenzyl alcohol,C1=CC(=CC(=C1)O)CO
4-Hydroxybenzaldehyde,C1=CC(=CC=C1C=O)O
4-Hydroxyphenylacetic acid,C1=CC(=CC=C1CC(=O)O)O
Acetic Acid,CC(=O)O
Acetaldehyde,CC=O
Acetoin,CC(C(=O)C)O
Acetone,CC(=O)C
Benzaldehyde,C1=CC=C(C=C1)C=O
Benzoic Acid,C1=CC=C(C=C1)C(=O)O
Benzyl Alcohol,C1=CC=C(C=C1)CO
Butyraldehyde,CCCC=O
"2,3-Butanediol",CC(C(C)O)O
1-Butanol,CCCCO
Butyric Acid,CCCC(=O)O
Formic Acid,C(=O)O
Methane,C
"2,2-dichloro-N-[1,3-dihydroxy-1-(4-nitrophenyl)propan-2-yl]acetamide",C1=CC(=CC=C1C(C(CO)NC(=O)C(Cl)Cl)O)[N+](=O)[O-]
o-Cresol,CC1=CC=CC=C1O
Salicylic Acid,C1=CC=C(C(=C1)C(=O)O)O
Sym-homospermidine,C(CCNCCCCN)CN
Gallic Acid,C1=C(C=C(C(=C1O)O)O)C(=O)O
Octanoic acid,CCCCCCCC(=O)O
Indole-3-acetamide,C1=CC=C2C(=C1)C(=CN2)CC(=O)N
Octanal,CCCCCCCC=O
Guaiacol,COC1=CC=CC=C1O
Propionaldehyde,CCC=O
Cytosar,C1=CN(C(=O)N=C1N)C2C(C(C(O2)CO)O)O
Lactic Acid,CC(C(=O)O)O
"2,3-Butanedione",CC(=O)C(=O)C
Glycine,C(C(=O)O)N
Glycerol,C(C(CO)O)O
Indole,C1=CC=C2C(=C1)C=CN2
Malonic acid,C(C(=O)O)C(=O)O
Methanethiol,CS
Methylglyoxal,CC(=O)C=O
"5,7-Dihydroxy-2-(4-hydroxyphenyl)chroman-4-one",C1C(OC2=CC(=CC(=C2C1=O)O)O)C3=CC=C(C=C3)O
1-Octanol,CCCCCCCCO
Phenol,C1=CC=C(C=C1)O
Phenylacetaldehyde,C1=CC=C(C=C1)CC=O
Phenylacetic acid,C1=CC=C(C=C1)CC(=O)O
1-Propanol,CCCO
Propionic Acid,CCC(=O)O
Pyrogallol,C1=CC(=C(C(=C1)O)O)O
Pyruvic acid,CC(=O)C(=O)O
Quinolinic acid,C1=CC(=C(N=C1)C(=O)O)C(=O)O
Dimethyl sulfide,CSC
Succinic Acid,C(CC(=O)O)C(=O)O
Vanillin,COC1=C(C=CC(=C1)C=O)O
Ibotenic acid,C1=C(ONC1=O)C(C(=O)O)N
2-Heptyl-4-hydroxyquinoline n-oxide,CCCCCCCC1=CC(=O)C2=CC=CC=C2N1O
3-Nitropropionic acid,C(C[N+](=O)[O-])C(=O)O
7-Chlorokynurenic acid,C1=CC2=C(C=C1Cl)NC(=CC2=O)C(=O)O
N-Acetyl-DL-tryptophan,CC(=O)NC(CC1=CNC2=CC=CC=C21)C(=O)O
Spectinomicina,CC1CC(=O)C2(C(O1)OC3C(C(C(C(C3O2)NC)O)NC)O)O
Benzyl benzoate,C1=CC=C(C=C1)COC(=O)C2=CC=CC=C2
Berberine,COC1=C(C2=C[N+]3=C(C=C2C=C1)C4=CC5=C(C=C4CC3)OCO5)OC
Bisindolylmaleimide v,CN1C(=O)C(=C(C1=O)C2=CNC3=CC=CC=C32)C4=CNC5=CC=CC=C54
Caffeine,CN1C=NC2=C1C(=O)N(C(=O)N2C)C
Eucalyptol,CC1(C2CCC(O1)(CC2)C)C
Compactin;ML236B,CCC(C)C(=O)OC1CCC=C2C1C(C(C=C2)C)CCC3CC(CC(=O)O3)O
Diferuloylmethane;Natural Yellow 3;Turmeric yellow,COC1=C(C=CC(=C1)C=CC(=O)CC(=O)C=CC2=CC(=C(C=C2)O)OC)O
Decanoic acid,CCCCCCCCCC(=O)O
Dephostatin,CN(C1=C(C=CC(=C1)O)O)N=O
"3,3'-Diindolylmethane",C1=CC=C2C(=C1)C(=CN2)CC3=CNC4=CC=CC=C43
Benzophenone,C1=CC=C(C=C1)C(=O)C2=CC=CC=C2
Emodin,CC1=CC2=C(C(=C1)O)C(=O)C3=C(C2=O)C=C(C=C3O)O
Eugenol,COC1=C(C=CC(=C1)CC=C)O
Fusaric acid,CCCCC1=CN=C(C=C1)C(=O)O
"3-Amino-2,3-dihydrobenzoic acid",C1C(C=CC=C1C(=O)O)N
Indigotindisulfonic acid,C1=CC2=C(C=C1S(=O)(=O)O)C(=C(N2)C3=NC4=C(C3=O)C=C(C=C4)S(=O)(=O)O)O
Isopropyl Alcohol,CC(C)O
Juglone,C1=CC2=C(C(=O)C=CC2=O)C(=C1)O
"6,7,12,13-tetrahydro-5H-indolo[2,3-a]pyrrolo[3,4-c]carbazol-5-one",C1C2=C3C4=CC=CC=C4NC3=C5C(=C2C(=O)N1)C6=CC=CC=C6N5
Kojic acid,C1=C(OC=C(C1=O)O)CO
2-Benzylsuccinic acid,C1=CC=C(C=C1)CC(CC(=O)O)C(=O)O
Lapachol,CC(=CCC1=C(C2=CC=CC=C2C(=O)C1=O)O)C
Lauric Acid,CCCCCCCCCCCC(=O)O
Lavendustin A,C1=CC=C(C(=C1)CN(CC2=C(C=CC(=C2)O)O)C3=CC(=C(C=C3)O)C(=O)O)O
Lavendustin b,C1=CC=C(C(=C1)CN(CC2=CC=CC=C2O)C3=CC(=C(C=C3)O)C(=O)O)O
N-Acetyl-L-leucyl-L-leucyl-L-argininal,CC(C)CC(C(=O)NC(CC(C)C)C(=O)NC(CCCN=C(N)N)C=O)NC(=O)C
Methyl Salicylate,COC(=O)C1=CC=CC=C1O
Muscimol,C1=C(ONC1=O)CN
Diethyltoluamide,CCN(CC)C(=O)C1=CC=CC(=C1)C
Patulin,C1C=C2C(=CC(=O)O2)C(O1)O
Phloretin,C1=CC(=CC=C1CCC(=O)C2=C(C=C(C=C2O)O)O)O
Psilocin,CN(C)CCC1=CNC2=C1C(=CC=C2)O
Resorcinol,C1=CC(=CC(=C1)O)O
Salicylamide,C1=CC=C(C(=C1)C(=O)N)O
Fluoroacetic acid,C(C(=O)O)F
Theobromine,CN1C=NC2=C1C(=O)NC(=O)N2C
Triacetin,CC(=O)OCC(COC(=O)C)OC(=O)C
Triclosan,C1=CC(=C(C=C1Cl)O)OC2=C(C=C(C=C2)Cl)Cl
Undecylenic acid,C=CCCCCCCCCC(=O)O
mitomycin C,CC1=C(C(=O)C2=C(C1=O)N3C[C@H]4[C@@H]([C@@]3([C@@H]2COC(=O)N)OC)N4)N
"2,4-Dichlorobenzoic acid",C1=CC(=C(C=C1Cl)Cl)C(=O)O
N-(4-Methoxyphenyl)acetamide,CC(=O)NC1=CC=C(C=C1)OC
Estrone,C[C@]12CC[C@H]3[C@H]([C@@H]1CCC2=O)CCC4=C3C=CC(=C4)O
Bis(3-aminopropyl)amine,C(CN)CNCCCN
Alanine,C[C@@H](C(=O)O)N
Allyl isothiocyanate,C=CCN=C=S
Physostigmine,C[C@@]12CCN([C@@H]1N(C3=C2C=C(C=C3)OC(=O)NC)C)C
2-Phenylethanol,C1=CC=C(C=C1)CCO
P-Toluenesulfonic acid,CC1=CC=C(C=C1)S(=O)(=O)O
Phenylalanine,C1=CC=C(C=C1)C[C@@H](C(=O)O)N
Hexanal,CCCCCC=O
Cycloserine,C1[C@H](C(=O)NO1)N
1-Pentanol,CCCCCO
Valine,CC(C)[C@@H](C(=O)O)N
Cordycepin,C1[C@H](O[C@H]([C@@H]1O)N2C=NC3=C(N=CN=C32)N)CO
Arginine,C(C[C@@H](C(=O)O)N)CN=C(N)N
Bromodichloromethane,C(Cl)(Cl)Br
Gibberellic acid,C[C@@]12[C@H](C=C[C@@]3([C@@H]1[C@@H]([C@]45[C@H]3CC[C@](C4)(C(=C)C5)O)C(=O)O)OC2=O)O
Triethyl citrate,CCOC(=O)CC(CC(=O)OCC)(C(=O)OCC)O
Isophorone,CC1=CC(=O)CC(C1)(C)C
Linalool,CC(=CCCC(C)(C=C)O)C
Isoprene,CC(=C)C=C
Isobutanol,CC(C)CO
Isobutyraldehyde,CC(C)C=O
2-Butanol,CCC(C)O
Methyl Ethyl Ketone,CCC(=O)C
Methyl acetate,CC(=O)OC
Isobutyric acid,CC(C)C(=O)O
Purpurin,C1=CC=C2C(=C1)C(=O)C3=C(C2=O)C(=C(C=C3O)O)O
"2-Hydroxy-1,4-naphthoquinone",C1=CC=C2C(=C1)C(=CC(=O)C2=O)O
Diethyl phthalate,CCOC(=O)C1=CC=CC=C1C(=O)OCC
Pyocyanine,CN1C2=CC=CC=C2N=C3C1=CC=CC3=O
Methyl 2-(methylamino)benzoate,CNC1=CC=CC=C1C(=O)OC
Thiolutin,CC(=O)NC1=C2C(=CSS2)N(C1=O)C
Isoamyl salicylate,CC(C)CCOC(=O)C1=CC=CC=C1O
Thymol,CC1=CC(=C(C=C1)C(C)C)O
N-Phenyl-1-naphthylamine,C1=CC=C(C=C1)NC2=CC=CC3=CC=CC=C32
"2,6-Dimethoxyphenol",COC1=C(C(=CC=C1)OC)O
Isatin,C1=CC=C2C(=C1)C(=O)C(=O)N2
Methyleugenol,COC1=C(C=C(C=C1)CC=C)OC
2-Methoxy-4-methylphenol,CC1=CC(=C(C=C1)O)OC
Methyl benzoate,COC(=O)C1=CC=CC=C1
Ethyl benzoate,CCOC(=O)C1=CC=CC=C1
Propylparaben,CCCOC(=O)C1=CC=C(C=C1)O
Isopentyl benzoate,CC(C)CCOC(=O)C1=CC=CC=C1
2-Methylbutyraldehyde,CCC(C)C=O
gamma-Butyrolactone,C1CC(=O)OC1
Ethyl isobutyrate,CCOC(=O)C(C)C
Ethyl lactate,CCOC(=O)C(C)O
Isobutyl isobutyrate,CC(C)COC(=O)C(C)C
Butyl isobutyrate,CCCCOC(=O)C(C)C
Furfuryl alcohol,C1=COC(=C1)CO
Furfural,C1=COC(=C1)C=O
Furfuryl mercaptan,C1=COC(=C1)CS
Acetophenone,CC(=O)C1=CC=CC=C1
3-Hydroxybenzoic acid,C1=CC(=CC(=C1)O)C(=O)O
"3,5-Dihydroxybenzoic acid",C1=C(C=C(C=C1O)O)C(=O)O
alpha-Phellandrene,CC1=CCC(C=C1)C(C)C
gamma-Terpinene,CC1=CCC(=CC1)C(C)C
4-Methoxybenzoic acid,COC1=CC=C(C=C1)C(=O)O
Styrene,C=CC1=CC=CC=C1
Anisole,COC1=CC=CC=C1
Ethyl phenylacetate,CCOC(=O)CC1=CC=CC=C1
Benzyl isobutyrate,CC(C)C(=O)OCC1=CC=CC=C1
Benzyl butyrate,CCCC(=O)OCC1=CC=CC=C1
Benzyl isovalerate,CC(C)CC(=O)OCC1=CC=CC=C1
Phenethyl acetate,CC(=O)OCCC1=CC=CC=C1
Phenethyl isobutyrate,CC(C)C(=O)OCCC1=CC=CC=C1
Phenethyl butyrate,CCCC(=O)OCCC1=CC=CC=C1
3-Phenylpropyl isobutyrate,CC(C)C(=O)OCCCC1=CC=CC=C1
Phenylacetone,CC(=O)CC1=CC=CC=C1
4-Methoxybenzyl acetate,CC(=O)OCC1=CC=C(C=C1)OC
gamma-Octalactone,CCCCC1CCC(=O)O1
Benzyl formate,C1=CC=C(C=C1)COC=O
Gamma-nonalactone,CCCCCC1CCC(=O)O1
2-Phenylethyl formate,C1=CC=C(C=C1)CCOC=O
Gamma-undecalactone,CCCCCCCC1CCC(=O)O1
4-Methoxybenzyl alcohol,COC1=CC=C(C=C1)CO
gamma-Heptalactone,CCCC1CCC(=O)O1
Ethyl propionate,CCC(=O)OCC
Ethyl butyrate,CCCC(=O)OCC
"1,1-Diethoxyethane",CCOC(C)OCC
Propyl butyrate,CCCC(=O)OCCC
Isoamyl propionate,CCC(=O)OCCC(C)C
Isobutyl hexanoate,CCCCCC(=O)OCC(C)C
Citronellal,CC(CCC=C(C)C)CC=O
Isoamyl butyrate,CCCC(=O)OCCC(C)C
Ethyl heptanoate,CCCCCCC(=O)OCC
Ethyl octanoate,CCCCCCCC(=O)OCC
Propyl propionate,CCCOC(=O)CC
Methyl hexanoate,CCCCCC(=O)OC
Methyl heptanoate,CCCCCCC(=O)OC
1-Propanethiol,CCCS
2-Pentanone,CCCC(=O)C
Methyl isobutyl ketone,CC(C)CC(=O)C
gamma-Valerolactone,CC1CCC(=O)O1
"2,6-Dimethylpyrazine",CC1=CN=CC(=N1)C
Ethyl isovalerate,CCOC(=O)CC(C)C
"2,6-Dimethyl-4-heptanone",CC(C)CC(=O)CC(C)C
Butyl isovalerate,CCCCOC(=O)CC(C)C
Butyl butyrate,CCCCOC(=O)CCC
Propyl acetate,CCCOC(=O)C
Ethyl formate,CCOC=O
Isobutyl acetate,CC(C)COC(=O)C
Ethyl decanoate,CCCCCCCCCC(=O)OCC
Methyl decanoate,CCCCCCCCCC(=O)OC
2-Heptanone,CCCCCC(=O)C
Pentanal,CCCCC=O
Methyl octanoate,CCCCCCCC(=O)OC
2-Octanone,CCCCCCC(=O)C
Heptanoic acid,CCCCCCC(=O)O
1-Hexanol,CCCCCCO
1-Heptanol,CCCCCCCO
Heptanal,CCCCCCC=O
Nonanoic acid,CCCCCCCCC(=O)O
Heptyl acetate,CCCCCCCOC(=O)C
2-Undecanone,CCCCCCCCCC(=O)C
Octyl acetate,CCCCCCCCOC(=O)C
1-Decanol,CCCCCCCCCCO
Decanal,CCCCCCCCCC=O
Undecanal,CCCCCCCCCCC=O
Dodecanal,CCCCCCCCCCCC=O
3-Hydroxy-3-methyl-2-butanone,CC(=O)C(C)(C)O
Linalyl acetate,CC(=CCCC(C)(C=C)OC(=O)C)C
2-Methylbutanoic acid,CCC(C)C(=O)O
"3,4,5-Trimethoxybenzoic acid",COC1=CC(=CC(=C1OC)OC)C(=O)O
Maltol,CC1=C(C(=O)C=CO1)O
2-Benzyl-4-chlorophenol,C1=CC=C(C=C1)CC2=C(C=CC(=C2)Cl)O
Piperonal,C1OC2=C(O1)C=C(C=C2)C=O
Dimethyl terephthalate,COC(=O)C1=CC=C(C=C1)C(=O)OC
Vanillic acid,COC1=C(C=CC(=C1)C(=O)O)O
Methyl anthranilate,COC(=O)C1=CC=CC=C1N
Butyl benzoate,CCCCOC(=O)C1=CC=CC=C1
2-Methyl-1-butanol,CCC(C)CO
Butyl lactate,CCCCOC(=O)C(C)O
Benzyl acetate,CC(=O)OCC1=CC=CC=C1
Phenethyl isovalerate,CC(C)CC(=O)OCCC1=CC=CC=C1
Estragole,COC1=CC=C(C=C1)CC=C
Ethyl acrylate,CCOC(=O)C=C
Citronellyl propionate,CCC(=O)OCCC(C)CCC=C(C)C
Citronellyl butyrate,CCCC(=O)OCCC(C)CCC=C(C)C
Citronellol,CC(CCC=C(C)C)CCO
Ethyl Acetate,CCOC(=O)C
Ethyl acetoacetate,CCOC(=O)CC(=O)C
Allyl heptanoate,CCCCCCC(=O)OCC=C
"1,6,10-Dodecatrien-3-ol, 3,7,11-trimethyl-",CC(=CCCC(=CCCC(C)(C=C)O)C)C
Hexanoic acid,CCCCCC(=O)O
Hexyl acetate,CCCCCCOC(=O)C
"1,4-Dimethoxybenzene",COC1=CC=C(C=C1)OC
Citronellyl acetate,CC(CCC=C(C)C)CCOC(=O)C
"1,3-Dimethoxybenzene",COC1=CC(=CC=C1)OC
Cianidanol,C1[C@@H]([C@H](OC2=CC(=CC(=C21)O)O)C3=CC(=C(C=C3)O)O)O
Muscarine,C[C@H]1[C@@H](C[C@H](O1)C[N+](C)(C)C)O
6-Methyl-5-hepten-2-one,CC(=CCCC(=O)C)C
beta-Cyclocitral,CC1=C(C(CCC1)(C)C)C=O
"1,4-Cineole",CC(C)C12CCC(O1)(CC2)C
Chrysophanol,CC1=CC2=C(C(=C1)O)C(=O)C3=C(C2=O)C=CC=C3O
Indigo,C1=CC=C2C(=C1)C(=C(N2)C3=NC4=CC=CC=C4C3=O)O
"2-Hydroxy-3-methyl-1,4-naphthoquinone",CC1=C(C2=CC=CC=C2C(=O)C1=O)O
Quinoline-4-carboxylic acid,C1=CC=C2C(=C1)C(=CC=N2)C(=O)O
Aspergillic acid,CCC(C)C1=CN=C(C(=O)N1O)CC(C)C
Carvacrol,CC1=C(C=C(C=C1)C(C)C)O
2-(4-Hydroxyphenyl)ethanol,C1=CC(=CC=C1CCO)O
Citronellic acid,CC(CCC=C(C)C)CC(=O)O
Isovaleric acid,CC(C)CC(=O)O
Orcinol,CC1=CC(=CC(=C1)O)O
"1,4-Dithiane",C1CSCCS1
Podofilox,COC1=CC(=CC(=C1OC)OC)[C@H]2[C@@H]3[C@H](COC3=O)[C@H](C4=CC5=C(C=C24)OCO5)O
Tryptophol,C1=CC=C2C(=C1)C(=CN2)CCO
2-Nitroimidazole,C1=CN=C(N1)[N+](=O)[O-]
"1,2,4-Benzenetriol",C1=CC(=C(C=C1O)O)O
Ethyl valerate,CCCCC(=O)OCC
Ethyl levulinate,CCOC(=O)CCC(=O)C
Isobutyl butyrate,CCCC(=O)OCC(C)C
Pentyl hexanoate,CCCCCC(=O)OCCCCC
Pentyl butyrate,CCCCCOC(=O)CCC
Isobutyl propionate,CCC(=O)OCC(C)C
Isobutyl formate,CC(C)COC=O
Cellocidin,C(#CC(=O)N)C(=O)N
2-Heptanol,CCCCCC(C)O
Methyl isobutyrate,CC(C)C(=O)OC
6-Aminopenicillanic acid,CC1([C@@H](N2[C@H](S1)[C@@H](C2=O)N)C(=O)O)C
2'-Aminoacetophenone,CC(=O)C1=CC=CC=C1N
Methyl propionate,CCC(=O)OC
Methyl isovalerate,CC(C)CC(=O)OC
3-Methyl-2-buten-1-OL,CC(=CCO)C
Propyl isovalerate,CCCOC(=O)CC(C)C
3-Hexanone,CCCC(=O)CC
Isobutyl isovalerate,CC(C)CC(=O)OCC(C)C
3-Octanol,CCCCCC(CC)O
Butyl propionate,CCCCOC(=O)CC
3-Methylbutanal,CC(C)CC=O
Levulinic acid,CC(=O)CCC(=O)O
"2,3-Pentanedione",CCC(=O)C(=O)C
Toyocamycin,C1=C(C2=C(N=CN=C2N1[C@H]3[C@@H]([C@@H]([C@H](O3)CO)O)O)N)C#N
Methyl 2-furoate,COC(=O)C1=CC=CO1
1-Ethyl-2-methylbenzene,CCC1=CC=CC=C1C
"2-Methoxy-5-methyl-1,4-benzoquinone",CC1=CC(=O)C(=CC1=O)OC
2-Amino-5-nitrobenzoic acid,C1=CC(=C(C=C1[N+](=O)[O-])C(=O)O)N
Ethyl pyruvate,CCOC(=O)C(=O)C
2-Phenyl-2-propanol,CC(C)(C1=CC=CC=C1)O
2-Chloro-4-nitrophenol,C1=CC(=C(C=C1[N+](=O)[O-])Cl)O
5-Methylfurfural,CC1=CC=C(O1)C=O
Furfuryl acetate,CC(=O)OCC1=CC=CO1
Methyl butyrate,CCCC(=O)OC
2-Methylbutyl acetate,CCC(C)COC(=O)C
Pentyl propionate,CCCCCOC(=O)CC
Dimethyl disulfide,CSSC
"2,5-Dimethylfuran",CC1=CC=C(O1)C
Propyl hexanoate,CCCCCC(=O)OCCC
Butyl hexanoate,CCCCCC(=O)OCCCC
Pentyl acetate,CCCCCOC(=O)C
2-Nonanol,CCCCCCCC(C)O
Propyl isobutyrate,CCCOC(=O)C(C)C
Isoamyl isovalerate,CC(C)CCOC(=O)CC(C)C
gamma-Caprolactone,CCC1CCC(=O)O1
delta-Decalactone,CCCCCC1CCCC(=O)O1
gamma-Decalactone,CCCCCCC1CCC(=O)O1
delta-Dodecalactone,CCCCCCCC1CCCC(=O)O1
3-Methyl-3-buten-1-OL,CC(=C)CCO
2-Nonanone,CCCCCCCC(=O)C
Methyl 2-methylbutyrate,CCC(C)C(=O)OC
6-Methylheptan-2-one,CC(C)CCCC(=O)C
Pyrrolnitrin,C1=CC(=C(C(=C1)Cl)[N+](=O)[O-])C2=CNC=C2Cl
1H-Imidazole-4-carboxylic acid,C1=C(NC=N1)C(=O)O
2-Acetylpyridine,CC(=O)C1=CC=CC=N1
"2,3,5,6-Tetramethylpyrazine",CC1=C(N=C(C(=N1)C)C)C
2-Acetylfuran,CC(=O)C1=CC=CO1
2-Acetyl-5-methylfuran,CC1=CC=C(O1)C(=O)C
Tetrachlorocatechol,C1(=C(C(=C(C(=C1Cl)Cl)Cl)Cl)O)O
"2,5-Heptanedione",CCC(=O)CCC(=O)C
3-Methylbutyl octanoate,CCCCCCCC(=O)OCCC(C)C
Perillaldehyde,CC(=C)C1CCC(=CC1)C=O
"2,4-Diacetylphloroglucinol",CC(=O)C1=C(C(=C(C=C1O)O)C(=O)C)O
3-Methylbutyl hexanoate,CCCCCC(=O)OCCC(C)C
l-Menthol,C[C@@H]1CC[C@H]([C@@H](C1)O)C(C)C
d-Carvone,CC1=CC[C@@H](CC1=O)C(=C)C
gamma-Dodecalactone,CCCCCCCCC1CCC(=O)O1
Isopropyl hexanoate,CCCCCC(=O)OC(C)C
Hexyl isobutyrate,CCCCCCOC(=O)C(C)C
"2,2,6-Trimethylcyclohexanone",CC1CCCC(C1=O)(C)C
11-Aminoundecanoic acid,C(CCCCCN)CCCCC(=O)O
Dodecanenitrile,CCCCCCCCCCCC#N
alpha-TERPINEOL,CC1=CCC(CC1)C(C)(C)O
2-Methylbutyl 2-methylbutyrate,CCC(C)COC(=O)C(C)CC
Hexyl butyrate,CCCCCCOC(=O)CCC
"2-Amino-3-chloro-1,4-naphthoquinone",C1=CC=C2C(=C1)C(=O)C(=C(C2=O)Cl)N
2-Methoxy-3-methylpyrazine,CC1=NC=CN=C1OC
2-Methyltetrahydrofuran-3-one,CC1C(=O)CCO1
2-Ethylfuran,CCC1=CC=CO1
3-(Methylthio)propionaldehyde,CSCCC=O
delta-Nonalactone,CCCCC1CCCC(=O)O1
"3,5-Dichloro-4-hydroxybenzoic acid",C1=C(C=C(C(=C1Cl)O)Cl)C(=O)O
1-Octen-3-OL,CCCCCC(C=C)O
N-Butylbenzenesulfonamide,CCCCNS(=O)(=O)C1=CC=CC=C1
Furaneol,CC1C(=O)C(=C(O1)C)O
2-Pentylfuran,CCCCCC1=CC=CO1
2-Heptylfuran,CCCCCCCC1=CC=CO1
"2,3-Hexanedione",CCCC(=O)C(=O)C
3-Chloro-4-hydroxybenzoic acid,C1=CC(=C(C=C1C(=O)O)Cl)O
2-Octanol,CCCCCCC(C)O
Stipitatic acid,C1=C(C=C(C(=CC1=O)O)O)C(=O)O
6-Methylhept-5-en-2-ol,CC(CCC=C(C)C)O
3-Methyl-1-heptene,CCCCC(C)C=C
4-(4-Hydroxyphenyl)-2-butanone,CC(=O)CCC1=CC=C(C=C1)O
"2,3-Dimethylpyrazine",CC1=NC=CN=C1C
Limonene,CC1=CCC(CC1)C(=C)C
2-Dodecanone,CCCCCCCCCCC(=O)C
Hexyl hexanoate,CCCCCCOC(=O)CCCCC
Psoromic acid,CC1=CC(=C(C2=C1C(=O)OC3=C(O2)C(=CC(=C3C)OC)C(=O)O)C=O)O
Ethyl 2-methylbutyrate,CCC(C)C(=O)OCC
Butyl butyryllactate,CCCCOC(=O)C(C)OC(=O)CCC
Camptothecin,CC[C@@]1(C2=C(COC1=O)C(=O)N3CC4=CC5=CC=CC=C5N=C4C3=C2)O
Riboprine,CC(=CCNC1=C2C(=NC=N1)N(C=N2)[C@H]3[C@@H]([C@@H]([C@H](O3)CO)O)O)C
Isobutyl heptanoate,CCCCCCC(=O)OCC(C)C
Hexyl 2-methylbutanoate,CCCCCCOC(=O)C(C)CC
Norsolorinic acid,CCCCCC(=O)C1=C(C=C2C(=C1O)C(=O)C3=C(C2=O)C=C(C=C3O)O)O
2-Ethyl-5-methylpyrazine,CCC1=NC=C(N=C1)C
"3-Ethyl-2,5-dimethylpyrazine",CCC1=NC(=CN=C1C)C
"2-Ethyl-3,5-dimethylpyrazine",CCC1=NC=C(N=C1C)C
Menthone,C[C@@H]1CC[C@H](C(=O)C1)C(C)C
"2,3,5-Trimethylpyrazine",CC1=CN=C(C(=N1)C)C
Dihydroactinidiolide,CC1(CCCC2(C1=CC(=O)O2)C)C
5-Methyl-2-heptanone,CCC(C)CCC(=O)C
1-Deoxynojirimycin,C1[C@@H]([C@H]([C@@H]([C@H](N1)CO)O)O)O
Zingerone,CC(=O)CCC1=CC(=C(C=C1)O)OC
Benzyl propionate,CCC(=O)OCC1=CC=CC=C1
2-Phenylethyl propionate,CCC(=O)OCCC1=CC=CC=C1
3-Phenylpropyl acetate,CC(=O)OCCCC1=CC=CC=C1
4-Methoxyphenylacetone,CC(=O)CC1=CC=C(C=C1)OC
3-Phenyl-1-propanol,C1=CC=C(C=C1)CCCO
4-Methoxybenzaldehyde,COC1=CC=C(C=C1)C=O
4-Heptanone,CCCC(=O)CCC
Diethyl succinate,CCOC(=O)CCC(=O)OCC
Ethyl nonanoate,CCCCCCCCC(=O)OCC
"2,5-Dimethylpyrazine",CC1=CN=C(C=N1)C
Myrcene,CC(=CCCC(=C)C=C)C
Diacetone alcohol,CC(=O)CC(C)(C)O
Isoamyl alcohol,CC(C)CCO
Ethyl hexanoate,CCCCCC(=O)OCC
Allyl hexanoate,CCCCCC(=O)OCC=C
Butyl acetate,CCCCOC(=O)C
Isoamyl acetate,CC(C)CCOC(=O)C
Nonanal,CCCCCCCCC=O
Silibinin,COC1=C(C=CC(=C1)[C@@H]2[C@H](OC3=C(O2)C=C(C=C3)[C@@H]4[C@H](C(=O)C5=C(C=C(C=C5O4)O)O)O)CO)O
Isotridecanoic acid,CC(C)CCCCCCCCCC(=O)O
Glutamic Acid,C(CC(=O)O)[C@@H](C(=O)O)N
Botryodiplodin,CC1C(COC1O)C(=O)C
Altenuene,C[C@]12C[C@@H]([C@H](C=C1C3=C(C(=CC(=C3)OC)O)C(=O)O2)O)O
Bikaverin,CC1=CC(=CC2=C1C(=O)C3=C(O2)C(=O)C4=C(C3=O)C(=CC(=C4O)OC)O)OC
2-Acetyl-7-methoxybenzofuran,CC(=O)C1=CC2=C(O1)C(=CC=C2)OC
Massoia lactone,CCCCCC1CC=CC(=O)O1
Austidiol,CC1=CC2=C(C(=O)[C@]([C@H](C2=CO1)O)(C)O)C=O
Staurosporine,C[C@@]12[C@@H]([C@@H](C[C@@H](O1)N3C4=CC=CC=C4C5=C6C(=C7C8=CC=CC=C8N2C7=C53)CNC6=O)NC)OC
"3,7-Dimethyl-8-hydroxy-6-methoxyisochroman",CC1CC2=CC(=C(C(=C2CO1)O)C)OC
(R)-colchicine,CC(=O)N[C@@H]1CCC2=CC(=C(C(=C2C3=CC=C(C(=O)C=C13)OC)OC)OC)OC
Thiotropocin,C1=CC(=O)C2=C(C(=C1)S)SOC2=O
4-(4-Methoxyphenyl)-2-butanone,CC(=O)CCC1=CC=C(C=C1)OC
"2,6-Dimethyl-5-heptenal",CC(CCC=C(C)C)C=O
Octyl butyrate,CCCCCCCCOC(=O)CCC
Isobutyl benzoate,CC(C)COC(=O)C1=CC=CC=C1
4-Methoxybenzyl formate,COC1=CC=C(C=C1)COC=O
Octyl propionate,CCCCCCCCOC(=O)CC
Furfuryl propionate,CCC(=O)OCC1=CC=CO1
6-Hexyltetrahydro-2H-pyran-2-one,CCCCCCC1CCCC(=O)O1
"3-Methylcyclopentane-1,2-dione",CC1CCC(=O)C1=O
3-Nonanone,CCCCCCC(=O)CC
"2,5-Dimethyl-4-methoxy-3(2H)-furanone",CC1C(=O)C(=C(O1)C)OC
"2,5-Dimethyl-4-oxo-4,5-dihydrofuran-3-yl acetate",CC1C(=O)C(=C(O1)C)OC(=O)C
Butylphthalide,CCCCC1C2=CC=CC=C2C(=O)O1
d-Piperitone,CC1=CC(=O)[C@@H](CC1)C(C)C
Hexyl isovalerate,CCCCCCOC(=O)CC(C)C
4-(Ethoxymethyl)-2-methoxyphenol,CCOCC1=CC(=C(C=C1)O)OC
2-(Methoxymethyl)furan,COCC1=CC=CO1
Butyl 2-methylbutyrate,CCCCOC(=O)C(C)CC
4-(Methylthio)-2-butanone,CC(=O)CCSC
p-Mentha-8-thiol-3-one,CC1CCC(C(=O)C1)C(C)(C)S
Benzaldehyde dimethyl acetal,COC(C1=CC=CC=C1)OC
Dihydrojasmone,CCCCCC1=C(CCC1=O)C
S-Methyl butanethioate,CCCC(=O)SC
2-Methylbutyl isovalerate,CCC(C)COC(=O)CC(C)C
4-Ethyl-2-methoxyphenol,CCC1=CC(=C(C=C1)O)OC
3-Ethyl-2-hydroxy-2-cyclopenten-1-one,CCC1=C(C(=O)CC1)O
Benzoyleneurea,C1=CC=C2C(=C1)C(=O)NC(=O)N2
"9H-Pyrido[3,4-B]indole",C1=CC=C2C(=C1)C3=C(N2)C=NC=C3
4-Hydroxybenzamide,C1=CC(=CC=C1C(=O)N)O
"4-Acetyl-1,4-dimethyl-1-cyclohexene",CC1=CCC(CC1)(C)C(=O)C
Cedrol,C[C@@H]1CC[C@@H]2[C@]13CC[C@@]([C@H](C3)C2(C)C)(C)O
Toxoflavin,CN1C2=NC(=O)N(C(=O)C2=NC=N1)C
Atranorin,CC1=CC(=C(C(=C1C(=O)OC2=C(C(=C(C(=C2)C)C(=O)OC)O)C)O)C=O)O
"2,4-Dihydroxy-6-methylbenzoic acid",CC1=CC(=CC(=C1C(=O)O)O)O
3-Hydroxypropionic acid,C(CO)C(=O)O
N-Acetyltryptamine,CC(=O)NCCC1=CNC2=CC=CC=C21
5-Hydroxymaltol,CC1=C(C(=O)C(=CO1)O)O
1-Deoxymannojirimycin,C1[C@H]([C@H]([C@@H]([C@H](N1)CO)O)O)O
Sesamin,C1[C@H]2[C@H](CO[C@@H]2C3=CC4=C(C=C3)OCO4)[C@H](O1)C5=CC6=C(C=C5)OCO6
Alkannin,CC(=CC[C@@H](C1=CC(=O)C2=C(C=CC(=C2C1=O)O)O)O)C
2-Amino-3H-phenoxazin-3-one,C1=CC=C2C(=C1)N=C3C=C(C(=O)C=C3O2)N
Azoxybacilin,CN=[N+](CC[C@@H](C(=O)O)N)[O-]
Brazilin,C1C2=CC(=C(C=C2[C@H]3[C@@]1(COC4=C3C=CC(=C4)O)O)O)O
S-Methyl thioacetate,CC(=O)SC
2-Ethyl-5-methylfuran,CCC1=CC=C(O1)C
methyl 2-(1H-indol-3-yl)acetate,COC(=O)CC1=CNC2=CC=CC=C21
"Methyl 3,5-dichloro-4-hydroxybenzoate",COC(=O)C1=CC(=C(C(=C1)Cl)O)Cl
S-Methyl benzenecarbothioate,CSC(=O)C1=CC=CC=C1
2-Hydroxyphenethyl alcohol,C1=CC=C(C(=C1)CCO)O
"2,5-Dimethyl-3(2H)-furanone",CC1C(=O)C=C(O1)C
Hexathiepane,C1SSSSSS1
Hexyl propionate,CCCCCCOC(=O)CC
Cinchonine,C=C[C@H]1CN2CC[C@H]1C[C@@H]2[C@H](C3=CC=NC4=CC=CC=C34)O
Terreic acid,CC1=C(C(=O)[C@H]2[C@@H](C1=O)O2)O
beta-Thujone,C[C@H]1[C@H]2C[C@]2(CC1=O)C(C)C
beta-Eudesmol,C[C@]12CCCC(=C)[C@@H]1C[C@@H](CC2)C(C)(C)O
N-(3-Methylbut-2-EN-1-YL)-9H-purin-6-amine,CC(=CCNC1=NC=NC2=C1NC=N2)C
Monocerin,CCC[C@H]1C[C@@H]2[C@H](O1)C3=CC(=C(C(=C3C(=O)O2)O)OC)OC
Orotidine,C1=C(N(C(=O)NC1=O)[C@H]2[C@@H]([C@@H]([C@H](O2)CO)O)O)C(=O)O
2-Hydroxy-4-methylvaleric acid,CC(C)CC(C(=O)O)O
Indole-3-lactic acid,C1=CC=C2C(=C1)C(=CN2)CC(C(=O)O)O
Melanostatin,CC(C)C[C@@H](C(=O)NCC(=O)N)NC(=O)[C@@H]1CCCN1
"2,3,5-Trithiahexane",CSCSSC
diprotin A,CC[C@H](C)[C@@H](C(=O)N1CCC[C@H]1C(=O)N[C@@H]([C@@H](C)CC)C(=O)O)N
Diffractaic acid,CC1=CC(=C(C(=C1C(=O)O)O)C)OC(=O)C2=C(C(=C(C=C2C)OC)C)OC
Phenazine-1-carboxylic acid,C1=CC=C2C(=C1)N=C3C=CC=C(C3=N2)C(=O)O
2-Amino-5-hydroxypentanoic acid,C(CC(C(=O)O)N)CO
Pimprinine,CC1=NC=C(O1)C2=CNC3=CC=CC=C32
Canthin-6-one,C1=CC=C2C(=C1)C3=C4N2C(=O)C=CC4=NC=C3
N-(3-Methylbutyl)acetamide,CC(C)CCNC(=O)C
Tetrangulol,CC1=CC2=C(C(=C1)O)C3=C(C=C2)C(=O)C4=C(C3=O)C=CC=C4O
Epsilon-rhodomycinone,CC[C@]1(C[C@@H](C2=C([C@H]1C(=O)OC)C(=C3C(=C2O)C(=O)C4=C(C3=O)C=CC=C4O)O)O)O
5-Dehydro-D-fructose,C(C(=O)[C@H]([C@@H](C(=O)CO)O)O)O
1-Methylpseudouridine,CN1C=C(C(=O)NC1=O)[C@H]2[C@@H]([C@@H]([C@H](O2)CO)O)O
Lecanoric acid,CC1=CC(=CC(=C1C(=O)OC2=CC(=C(C(=C2)C)C(=O)O)O)O)O
Brevianamide A,CC1(C2CC34CCCN3C(=O)C2(CC15C(=O)C6=CC=CC=C6N5)NC4=O)C
2-Hydroxy-3-methylbutyric acid,CC(C)C(C(=O)O)O
"3,4-Dihydroxybenzyl alcohol",C1=CC(=C(C=C1CO)O)O
"2,6,6-Trimethyl-2-hydroxycyclohexanone",CC1(CCCC(C1=O)(C)O)C
(-)-Cinchonidine,C=C[C@H]1CN2CC[C@H]1C[C@H]2[C@@H](C3=CC=NC4=CC=CC=C34)O
"6,10-Dimethylundec-9-en-2-one",CC(CCCC(=O)C)CCC=C(C)C
"3-Isobutylhexahydropyrrolo[1,2-a]pyrazine-1,4-dione",CC(C)CC1C(=O)N2CCCC2C(=O)N1
"4H-1-Benzopyran-4-one, 2,3-dihydro-6,7-dimethoxy-2,2-dimethyl-",CC1(CC(=O)C2=CC(=C(C=C2O1)OC)OC)C
"3',5'-Dihydroxyacetophenone",CC(=O)C1=CC(=CC(=C1)O)O
Paxilline,C[C@]12CC[C@H]3C(=CC(=O)[C@H](O3)C(C)(C)O)[C@@]1(CC[C@@H]4[C@@]2(C5=C(C4)C6=CC=CC=C6N5)C)O
beta-N-Methylamino-L-alanine,CNC[C@@H](C(=O)O)N
Fumitremorgin B,CC(=CCN1C2=C(C=CC(=C2)OC)C3=C1[C@@H](N4C(=O)[C@@H]5CCCN5C(=O)[C@@]4([C@H]3O)O)C=C(C)C)C
Allyl (3-methylbutoxy)acetate,CC(C)CCOCC(=O)OCC=C
Fusarochromanone,CC1(CC(=O)C2=C(O1)C=CC(=C2N)C(=O)CC(CO)N)C
alpha-Terpinyl acetate,CC1=CCC(CC1)C(C)(C)OC(=O)C
Trichodiene,CC1=CC[C@@](CC1)(C)[C@]2(CCCC2=C)C
Merulidial,C[C@@]12C[C@@]1(C(=C3CC(C[C@H]3[C@@H]2O)(C)C)C=O)C=O
2-((2-Hydroxyethyl)amino)benzoic acid,C1=CC=C(C(=C1)C(=O)O)NCCO
2-Acetamidobenzamide,CC(=O)NC1=CC=CC=C1C(=O)N
Solanapyrone A,C[C@H]1C=C[C@H]2CCCC[C@H]2[C@@H]1C3=CC(=C(C(=O)O3)C=O)OC
Maculosin,C1C[C@H]2C(=O)N[C@H](C(=O)N2C1)CC3=CC=C(C=C3)O
Phenazine-1-carboxamide,C1=CC=C2C(=C1)N=C3C=CC=C(C3=N2)C(=O)N
"4-[(2R)-2-[(1R,3S,5S)-3,5-dimethyl-2-oxocyclohexyl]-2-hydroxyethyl]piperidine-2,6-dione",C[C@H]1C[C@@H](C(=O)[C@H](C1)[C@@H](CC2CC(=O)NC(=O)C2)O)C
N-Acetyltyramine,CC(=O)NCCC1=CC=C(C=C1)O
6-deoxyerythronolide B,CC[C@@H]1[C@@H]([C@@H]([C@H](C(=O)[C@@H](C[C@@H]([C@@H]([C@H]([C@@H]([C@H](C(=O)O1)C)O)C)O)C)C)C)O)C
Diazaquinomycin A,CCCC1=C(C(=O)NC2=C1C(=O)C3=C(C2=O)NC(=O)C(=C3CCC)C)C
4-(Hydroxymethyl)benzenediazonium,C1=CC(=CC=C1CO)[N+]#N
"1H-Indole, 3-(2-propyl-5-oxazolyl)-",CCCC1=NC=C(O1)C2=CNC3=CC=CC=C32
Alteichin,C1[C@@H]([C@@H]2C3=C(C=CC(=C3C1=O)O)C4=C5[C@]2(C=CC(=O)C5=C(C=C4)O)O)O
Ectoine,CC1=NCC[C@H](N1)C(=O)O
3-Amino-5-hydroxybenzoic acid,C1=C(C=C(C=C1N)O)C(=O)O
Terpentecin,C[C@@H]1[C@H](C(=O)[C@]2([C@H]([C@]1(C)C[C@H]([C@@]3(CO3)C(=O)C=O)O)CCC=C2C)C)O
Tetracenomycin F1,CC1=C(C(=CC2=CC3=C(C(=C12)O)C(=O)C4=C(C3)C=C(C=C4O)O)O)C(=O)O
4-Fluorothreonine,C([C@H]([C@@H](C(=O)O)N)O)F
3-(4-hydroxy-5-oxo-3-phenyl-2H-furan-2-yl)propanoic acid,C1=CC=C(C=C1)C2=C(C(=O)OC2CCC(=O)O)O
Eutypine,CC(=C)C#CC1=C(C=CC(=C1)C=O)O
Culpin,CC(=CCC1=CC(=C(C=C1O)C#CC(=C)C)O)C
Pyrophen,CC(=O)N[C@@H](CC1=CC=CC=C1)C2=CC(=CC(=O)O2)OC
Vermixocin B,CC1=CC2=C(C(=C1)O)OC3=C(C(=C(C=C3)C(CC(C)C)OC(=O)C)OC)C(=O)OC2
D-Xylose,C1[C@H]([C@@H]([C@H](C(O1)O)O)O)O
N-(2-Methylpropyl)acetamide,CC(C)CNC(=O)C
Diprotin B,CC(C)C[C@@H](C(=O)O)NC(=O)[C@@H]1CCCN1C(=O)[C@H](C(C)C)N
Questinol,COC1=CC(=CC2=C1C(=O)C3=C(C2=O)C=C(C=C3O)CO)O
Austalide B,CC1=C2COC(=O)C2=C(C3=C1O[C@]4(C[C@H]([C@@]56[C@@]([C@H]4C3)(CC[C@@](O5)(OC6(C)C)OC)C)O)C)OC
Versicolorone,CC(=O)CCC1COC2=C1C(=C3C(=C2)C(=O)C4=C(C3=O)C(=CC(=C4)O)O)O
D-Camphor,C[C@@]12CC[C@@H](C1(C)C)CC2=O
Caerulomycin,COC1=CC(=NC(=C1)C2=CC=CC=N2)C=NO
Eritadenine,C1=NC(=C2C(=N1)N(C=N2)C[C@H]([C@H](C(=O)O)O)O)N
Fonsecin B,CC1(CC(=O)C2=C(C3=C(C=C(C=C3C=C2O1)OC)OC)O)O
Questin,CC1=CC2=C(C(=C1)O)C(=O)C3=C(C2=O)C=C(C=C3OC)O
Stizolobic acid,C1=C(C=C(OC1=O)C(=O)O)C[C@@H](C(=O)O)N
2-Methylthio-N-6-isopentenyladenosine,CC(=CCNC1=C2C(=NC(=N1)SC)N(C=N2)[C@H]3[C@@H]([C@@H]([C@H](O3)CO)O)O)C
Verruculotoxin,C1CCN2C[C@@H](NC(=O)[C@@H]2C1)CC3=CC=CC=C3
(3-(Acetylhydroxyamino)propyl)phosphonic acid,CC(=O)N(CCCP(=O)(O)O)O
N(5)-Hydroxy-L-arginine,C(C[C@@H](C(=O)O)N)CN(C(=N)N)O
Sclareol,C[C@]12CCCC([C@@H]1CC[C@@]([C@@H]2CC[C@](C)(C=C)O)(C)O)(C)C
Frenolicin B,CCC[C@@H]1C2=C([C@@H]3[C@H](O1)CC(=O)O3)C(=O)C4=C(C2=O)C(=CC=C4)O
3-Amino-3-deoxyglucose,C([C@H]([C@H]([C@@H]([C@H](C=O)O)N)O)O)O
2-heptylquinolin-4(1H)-one,CCCCCCCC1=CC(=O)C2=CC=CC=C2N1
"Benzoic acid, 2-hydroxy-4-((2-hydroxy-4-methoxy-3,6-dimethylbenzoyl)oxy)-3,6-dimethyl-",CC1=CC(=C(C(=C1C(=O)OC2=C(C(=C(C(=C2)C)C(=O)O)O)C)O)C)OC
Terferol,COC1=C(C(=C(C(=C1)C2=CC=CC=C2)O)O)C3=CC=CC=C3
(-)-Isopulegol,C[C@@H]1CC[C@H]([C@@H](C1)O)C(=C)C
Biotin,C1[C@H]2[C@@H]([C@@H](S1)CCCCC(=O)O)NC(=O)N2
6-Hydroxymellein,C[C@@H]1CC2=C(C(=CC(=C2)O)O)C(=O)O1
"1(3H)-Isobenzofuranone, 4-methoxy-5-methyl-6-((3-methyl-2-butenyl)oxy)-",CC1=C(C=C2C(=C1OC)COC2=O)OCC=C(C)C
Sporogen-AO1,C[C@H]1[C@@H](CCC2=CC(=O)[C@]3([C@@H]([C@]12C)O3)C(=C)C)O
Pseudomonine,CC1C(C(=O)N(O1)CCC2=CN=CN2)NC(=O)C3=CC=CC=C3O
Dendroamide A,C[C@@H]1C2=NC(=C(O2)C)C(=O)N[C@@H](C3=NC(=CS3)C(=O)N[C@@H](C4=NC(=CS4)C(=O)N1)C)C(C)C
Porritoxin,CC1=C(C=C2C(=C1OC)CN(C2=O)CCO)OCC=C(C)C
Brevianamide F,C1C[C@H]2C(=O)N[C@H](C(=O)N2C1)CC3=CNC4=CC=CC=C43
Deoxybrevianamide E,CC(C)(C=C)C1=C(C2=CC=CC=C2N1)C[C@H]3C(=O)N4CCC[C@H]4C(=O)N3
Seiricardine A,C[C@H]1[C@@](CC[C@H]2[C@]1(C[C@@H]([C@H]2C(=C)C)O)C)(C)O
(R)-gamma-Decalactone,CCCCCC[C@@H]1CCC(=O)O1
solanapyrone D,C[C@@H]1C=C[C@@H]2CCCC[C@H]2[C@@H]1C3=CC(=C(C(=O)O3)C=O)OC
Botrydial,C[C@@H]1C[C@@H]([C@@H]2[C@]([C@H]1C=O)([C@@](CC2(C)C)(C)C=O)O)OC(=O)C
Bauerine C,CN1C2=C(C=CC(=C2Cl)Cl)C3=C1C(=O)NC=C3
Bauerine B,CN1C2=C(C=CN=C2)C3=C1C(=C(C=C3)Cl)Cl
4-Hydroxy-L-threonine,C([C@H]([C@@H](C(=O)O)N)O)O
N-Nitroethylenediamine,C(CN[N+](=O)[O-])N
Thermospermine,C(CCNCCCNCCCN)CN
Bisdethiobis(methylthio)gliotoxin,CN1C(=O)[C@@]2(CC3=CC=C[C@@H]([C@H]3N2C(=O)[C@@]1(CO)SC)O)SC
Tetracenomycin B3,CC1=C(C(=CC2=CC3=C(C(=C12)O)C(=O)C4=C(C3=O)C=C(C=C4O)OC)O)C(=O)O
Tetracenomycin D3,CC1=C(C(=CC2=CC3=C(C(=C12)O)C(=O)C4=C(C3=O)C=C(C=C4O)O)O)C(=O)O
2-Hydroxy-1-(1H-indol-3-yl)ethanone,C1=CC=C2C(=C1)C(=CN2)C(=O)CO
L-Menthyl acetate,C[C@@H]1CC[C@H]([C@@H](C1)OC(=O)C)C(C)C
Erythritol,C([C@H]([C@H](CO)O)O)O
Octyl isovalerate,CCCCCCCCOC(=O)CC(C)C
5-Hydroxymethylfurfural,C1=C(OC(=C1)C=O)CO
Anisyl butyrate,CCCC(=O)OCC1=CC=C(C=C1)OC
3-Octanone,CCCCCC(=O)CC
Anisomycin,CC(=O)O[C@@H]1[C@H](CN[C@@H]1CC2=CC=C(C=C2)OC)O
"2-Hydroxy-3,6-dimethylbenzoic acid",CC1=C(C(=C(C=C1)C)O)C(=O)O
4-Phenylfuran-2(5h)-one,C1C(=CC(=O)O1)C2=CC=CC=C2
4-Methylquinazolin-2-amine,CC1=NC(=NC2=CC=CC=C12)N
"3,6-Dibromocarbazole",C1=CC2=C(C=C1Br)C3=C(N2)C=CC(=C3)Br
6-hydroxy-1H-indole-3-acetamide,C1=CC2=C(C=C1O)NC=C2CC(=O)N
Wortmannin,CC(=O)O[C@@H]1C[C@]2([C@@H](CCC2=O)C3=C1[C@]4([C@H](OC(=O)C5=COC(=C54)C3=O)COC)C)C
Oxindole,C1C2=CC=CC=C2NC1=O
"3,4-diphenyl-5H-furan-2-one",C1C(=C(C(=O)O1)C2=CC=CC=C2)C3=CC=CC=C3
Illudin S,CC1=C2[C@H]([C@](C=C2C(=O)[C@](C13CC3)(C)O)(C)CO)O
Arphamenine A,C1=CC=C(C=C1)CC(CC(=O)C(CCCN=C(N)N)N)C(=O)O
Emodic acid,C1=C(C=C(C2=C1C(=O)C3=C(C2=O)C(=CC(=C3)O)O)O)C(=O)O
Citreorosein,C1=C(C=C(C2=C1C(=O)C3=C(C2=O)C(=CC(=C3)O)O)O)CO
Fumitremorgin C,CC(=C[C@H]1C2=C(C[C@@H]3N1C(=O)[C@@H]4CCCN4C3=O)C5=C(N2)C=C(C=C5)OC)C
5'-Deoxy-5'-methylthioadenosine,CSC[C@@H]1[C@H]([C@H]([C@@H](O1)N2C=NC3=C(N=CN=C32)N)O)O
"3,4-Dihydro-3,6,8-trihydoroxy-1(2H)-napthalenone",C1[C@@H](CC(=O)C2=C1C=C(C=C2O)O)O
(-)-Carvone,CC1=CC[C@H](CC1=O)C(=C)C
alpha-Fenchol,C[C@]12CC[C@H](C1)C([C@H]2O)(C)C
"N6,N6-Dimethyladenosine",CN(C)C1=NC=NC2=C1N=CN2[C@H]3[C@@H]([C@@H]([C@H](O3)CO)O)O
(2S)-2-amino-4-chloropent-4-enoic acid,C=C(C[C@@H](C(=O)O)N)Cl
"2,8-Dihydroxy-1,4-naphthoquinone",C1=CC2=C(C(=C1)O)C(=O)C(=O)C=C2O
"Salidroside, Natural extracted",C1=CC(=CC=C1CCO[C@@H]2[C@@H]([C@H]([C@@H]([C@H](O2)CO)O)O)O)O
D-Limonene,CC1=CC[C@@H](CC1)C(=C)C
(-)-beta-Pinene,CC1([C@H]2CCC(=C)[C@@H]1C2)C
(-)-alpha-Pinene,CC1=CC[C@H]2C[C@@H]1C2(C)C
(+)-delta-Cadinene,CC1=C[C@H]2[C@@H](CCC(=C2CC1)C)C(C)C
Quinidine,COC1=CC2=C(C=CN=C2C=C1)[C@@H]([C@H]3C[C@@H]4CCN3C[C@@H]4C=C)O
Thienodolin,C1=CC2=C(C=C1Cl)NC3=C2C=C(S3)C(=O)N
CID 442408,CC1=C[C@@H]2[C@]([C@@H](C1=O)O)([C@]3(C[C@H]([C@H]([C@]34CO4)O2)O)C)CO
Pulegone,C[C@@H]1CCC(=C(C)C)C(=O)C1
Haematoxylin,C1C2=CC(=C(C=C2[C@H]3[C@@]1(COC4=C3C=CC(=C4O)O)O)O)O
Ochratoxin A,C[C@@H]1CC2=C(C=C(C(=C2C(=O)O1)O)C(=O)N[C@@H](CC3=CC=CC=C3)C(=O)O)Cl
7-Chloroemodin,CC1=CC2=C(C(=C1)O)C(=O)C3=C(C(=C(C=C3C2=O)O)Cl)O
Sirodesmin H,C[C@@H]1C(C(=O)[C@]2(O1)C[C@@H]3[C@]([C@@H]2OC(=O)C)(C[C@@]45N3C(=O)[C@@](S4)(N(C5=O)C)CO)O)(C)C
Zinnimidine,CC1=C(C=C2C(=C1OC)CNC2=O)OCC=C(C)C
(-)-Linalool,CC(=CCC[C@](C)(C=C)O)C
(-)-beta-Phellandrene,CC(C)[C@H]1CCC(=C)C=C1
(-)-alpha-Terpineol,CC1=CC[C@H](CC1)C(C)(C)O
N-Heptanoylhomoserine lactone,CCCCCCC(=O)N[C@H]1CCOC1=O
Gibberellin A24,C[C@]1(CCC[C@@]2([C@@H]1[C@@H]([C@]34[C@H]2CC[C@H](C3)C(=C)C4)C(=O)O)C=O)C(=O)O
CID 443457,CC12[C@H](CC[C@@]3([C@@H]1[C@@H]([C@]45[C@H]3CC[C@H](C4)C(=C)C5)C(=O)O)OC2=O)O
Actinonin,CCCCC[C@H](CC(=O)NO)C(=O)N[C@@H](C(C)C)C(=O)N1CCC[C@H]1CO
4-Hydroxy-3-nitrosobenzamide,C1=CC(=C(C=C1C(=O)N)N=O)O
Saphenic acid methyl ester,CC(C1=C2C(=CC=C1)N=C3C(=N2)C=CC=C3C(=O)OC)O
6-Acetylphenazine-1-carboxylic acid,CC(=O)C1=C2C(=CC=C1)N=C3C(=N2)C=CC=C3C(=O)O
Dehydrorabelomycin,CC1=CC2=CC(=C3C(=C2C(=C1)O)C(=O)C4=C(C3=O)C(=CC=C4)O)O
8-O-Methyltetrangulol,CC1=CC2=C(C(=C1)O)C3=C(C=C2)C(=O)C4=C(C3=O)C=CC=C4OC
Aklaviketone,CC[C@]1(CC(=O)C2=C(C3=C(C=C2[C@H]1C(=O)OC)C(=O)C4=C(C3=O)C(=CC=C4)O)O)O
Dihydrokalafungin,C[C@@H]1C2=C(C[C@H](O1)CC(=O)O)C(=O)C3=C(C2=O)C(=CC=C3)O
3-Dimethylallyl-4-hydroxybenzaldehyde,CC(=CCC1=C(C=CC(=C1)C=O)O)C
L-Tartaric acid,[C@@H]([C@H](C(=O)O)O)(C(=O)O)O
Cinnamic acid,C1=CC=C(C=C1)/C=C/C(=O)O
Farnesol,CC(=CCC/C(=C/CC/C(=C/CO)/C)/C)C
Resveratrol,C1=CC(=CC=C1/C=C/C2=CC(=CC(=C2)O)O)O
(3R)-octan-3-ol,CCCCC[C@@H](CC)O
Mycophenolic acid,CC1=C2COC(=O)C2=C(C(=C1OC)C/C=C(\\C)/CCC(=O)O)O
Fosfomycin,C[C@H]1[C@H](O1)P(=O)(O)O
Epothilone D,C[C@H]1CCC/C(=C\\C[C@H](OC(=O)C[C@@H](C(C(=O)[C@@H]([C@H]1O)C)(C)C)O)/C(=C/C2=CSC(=N2)C)/C)/C
Epothilone A,C[C@H]1CCC[C@@H]2[C@@H](O2)C[C@H](OC(=O)C[C@@H](C(C(=O)[C@@H]([C@H]1O)C)(C)C)O)/C(=C/C3=CSC(=N3)C)/C
trans-Zeatin,C/C(=C\\CNC1=NC=NC2=C1NC=N2)/CO
Aphidicolin,C[C@]12CC[C@H]([C@@]([C@@H]1CC[C@@H]3[C@@]24CC[C@@]([C@H](C3)C4)(CO)O)(C)CO)O
Azaserine,C([C@@H](C(=O)O)N)OC(=O)C=[N+]=[N-]
"(3S,10R,13S)-3-[[4-(2-hydroxyethoxy)phenyl]methyl]-13-[(2S)-2-hydroxypentyl]-4,10-dimethyl-1-oxa-4-azacyclotridecane-2,5-dione",CCC[C@@H](C[C@@H]1CC[C@@H](CCCCC(=O)N([C@H](C(=O)O1)CC2=CC=C(C=C2)OCCO)C)C)O
"2,3,5-Trimethylfuran",CC1=CC(=C(O1)C)C
Dihydro-beta-ionone,CC1=C(C(CCC1)(C)C)CCC(=O)C
Isopentyl isobutyrate,CC(C)CCOC(=O)C(C)C
2-Phenylethyl 2-methylbutanoate,CCC(C)C(=O)OCCC1=CC=CC=C1
delta-Tetradecalactone,CCCCCCCCCC1CCCC(=O)O1
12-Methyltridecanoic acid,CC(C)CCCCCCCCCCC(=O)O
3-Methylbutyl 2-methylbutanoate,CCC(C)C(=O)OCCC(C)C
3-Octyl acetate,CCCCCC(CC)OC(=O)C
Acetoin acetate,CC(C(=O)C)OC(=O)C
1-Methyl-2-oxopropyl butyrate,CCCC(=O)OC(C)C(=O)C
Heptan-3-yl acetate,CCCCC(CC)OC(=O)C
Thiacremonone,CC1=C(C(=O)C(S1)(C)O)O
"3,11,12-Trihydroxy-1(10)-spirovetiven-2-one",CC1C(C(=O)C=C(C12CCC(C2)C(C)(CO)O)C)O
1-{4-[(3-Aminopropyl)amino]butyl}guanidine,C(CCN=C(N)N)CNCCCN
Methyl 3-phenyl-2-(phenylformamido)propanoate,COC(=O)C(CC1=CC=CC=C1)NC(=O)C2=CC=CC=C2
"Benzeneethanamine, N-(phenylmethylene)-",C1=CC=C(C=C1)CCN=CC2=CC=CC=C2
Dihydro-beta-ionol,CC1=C(C(CCC1)(C)C)CCC(C)O
2-(1H-Indol-3-yl)ethyl acetate,CC(=O)OCCC1=CNC2=CC=CC=C21
Salfredin B11,CC1(C=CC2=C(O1)C=C3COC(=O)C3=C2O)C
Dictyoquinazol A,COC1=CC(=C(C=C1)N2C=NC3=C(C2=O)C=C(C=C3)OC)CO
"(4S,8aR,12S,12aR)-12-Hydroxy-4-methyl-4,5,6,7,8,8a,12,12a-octahydro-2H-3-benzoxecine-2,9(1H)-dione",C[C@H]1CCCC[C@@H]2[C@@H](CC(=O)O1)[C@H](C=CC2=O)O
Cinnamaldehyde,C1=CC=C(C=C1)/C=C/C=O
Methyl cinnamate,COC(=O)/C=C/C1=CC=CC=C1
Anethole,C/C=C/C1=CC=C(C=C1)OC
Geraniol,CC(=CCC/C(=C/CO)/C)C
Ethyl cinnamate,CCOC(=O)/C=C/C1=CC=CC=C1
Benzylideneacetone,CC(=O)/C=C/C1=CC=CC=C1
Methylisoeugenol,C/C=C/C1=CC(=C(C=C1)OC)OC
Citral,CC(=CCC/C(=C/C=O)/C)C
beta-Ionone,CC1=C(C(CCC1)(C)C)/C=C/C(=O)C
Piperine,C1CCN(CC1)C(=O)/C=C/C=C/C2=CC3=C(C=C2)OCO3
Trichodermamide B,COC1=C(C2=C(C=C1)C=C(C(=O)O2)NC(=O)C3=NO[C@H]4[C@@H](C=C[C@H]([C@]4(C3)O)Cl)O)OC
Methyl 4-methoxycinnamate,COC1=CC=C(C=C1)/C=C/C(=O)OC
2-Methoxycinnamaldehyde,COC1=CC=CC=C1/C=C/C=O
Nerol,CC(=CCC/C(=C\\CO)/C)C
N-(3-Oxohexanoyl)-L-homoserine lactone,CCCC(=O)CC(=O)N[C@H]1CCOC1=O
cis-Zeatin,C/C(=C/CNC1=NC=NC2=C1NC=N2)/CO
Caffeic Acid,C1=CC(=C(C=C1/C=C/C(=O)O)O)O
1-(4-methyl-1H-pyrrol-3-yl)ethanone,CC1=CNC=C1C(=O)C
"5,7-Dimethoxy-4-phenylchromen-2-one",COC1=CC2=C(C(=CC(=O)O2)C3=CC=CC=C3)C(=C1)OC
"2,4-Dihydroxy-3,6-dimethylbenzoic acid",CC1=CC(=C(C(=C1C(=O)O)O)C)O
Urocanic acid,C1=C(NC=N1)/C=C/C(=O)O
(E)-2-methyl-3-(2-nitrovinyl)-1H-indole,CC1=C(C2=CC=CC=C2N1)/C=C/[N+](=O)[O-]
1-methyl-1H-indole-3-carboxamide,CN1C=C(C2=CC=CC=C21)C(=O)N
Isoeugenol,C/C=C/C1=CC(=C(C=C1)O)OC
Sclareolide,C[C@]12CCCC([C@@H]1CC[C@@]3([C@@H]2CC(=O)O3)C)(C)C
Curcumin,COC1=C(C=CC(=C1)/C=C/C(=O)CC(=O)/C=C/C2=CC(=C(C=C2)O)OC)O
(+)-Fenchone,C[C@]12CC[C@H](C1)C(C2=O)(C)C
Capsaicin,CC(C)/C=C/CCCCC(=O)NCC1=CC(=C(C=C1)O)OC
Neryl acetate,CC(=CCC/C(=C\\COC(=O)C)/C)C
Geranyl acetate,CC(=CCC/C(=C/COC(=O)C)/C)C
Coniferyl alcohol,COC1=C(C=CC(=C1)/C=C/CO)O
cis-Caffeic acid,C1=CC(=C(C=C1/C=C\\C(=O)O)O)O
alpha-Hexylcinnamaldehyde,CCCCCC/C(=C\\C1=CC=CC=C1)/C=O
Cinnamyl cinnamate,C1=CC=C(C=C1)/C=C/COC(=O)/C=C/C2=CC=CC=C2
Amylcinnamaldehyde,CCCCC/C(=C\\C1=CC=CC=C1)/C=O
2-Benzylideneheptanal,CCCCC/C(=C/C1=CC=CC=C1)/C=O
Thioguanine,C1=NC2=C(N1)C(=S)N=C(N2)N
2-Heptyl-3-hydroxy-4-quinolone,CCCCCCCC1=C(C(=O)C2=CC=CC=C2N1)O
6-Bromoindole-3-carboxaldehyde,C1=CC2=C(C=C1Br)NC=C2C=O
2-methyl-N-(2-phenylethyl)butanamide,CCC(C)C(=O)NCCC1=CC=CC=C1
Lincomycin,CCC[C@@H]1C[C@H](N(C1)C)C(=O)N[C@@H]([C@@H]2[C@@H]([C@@H]([C@H]([C@H](O2)SC)O)O)O)[C@@H](C)O
(Z)-gamma-bisabolene,CC1=CC/C(=C(/C)\\CCC=C(C)C)/CC1
Quinine,COC1=CC2=C(C=CN=C2C=C1)[C@H]([C@@H]3C[C@@H]4CCN3C[C@@H]4C=C)O
Nemotinic acid,C#CC#CC=C=CC(CCC(=O)O)O
Ucn-01,C[C@@]12[C@@H]([C@@H](C[C@@H](O1)N3C4=CC=CC=C4C5=C6C(=C7C8=CC=CC=C8N2C7=C53)[C@@H](NC6=O)O)NC)OC
"Ethyl 2,4-dihydroxy-3,6-dimethylbenzoate",CCOC(=O)C1=C(C(=C(C=C1C)O)C)O
"3,6-Diiodo-9H-carbazole",C1=CC2=C(C=C1I)C3=C(N2)C=CC(=C3)I
5-Methoxy-2-(methoxymethyl)-4-pyranone,COCC1=CC(=O)C(=CO1)OC
"2-(4-Hydroxy-1,3-dihydro-2-benzofuran-1-yl)acetic acid",C1C2=C(C=CC=C2O)C(O1)CC(=O)O
Vanillyl butyl ether,CCCCOCC1=CC(=C(C=C1)O)OC
Methyl 2-hydroxy-6-(4-hydroxy-2-methoxy-6-methoxycarbonylphenoxy)-4-methylbenzoate,CC1=CC(=C(C(=C1)OC2=C(C=C(C=C2OC)O)C(=O)OC)C(=O)OC)O
Isopentyl cinnamate,CC(C)CCOC(=O)/C=C/C1=CC=CC=C1
"(4aR,5R,6R)-6-hydroxy-3-isopropenyl-4a,5-dimethyl-5,6,7,8-tetrahydronaphthalen-2-one",C[C@H]1[C@@H](CCC2=CC(=O)C(=C[C@]12C)C(=C)C)O
Cytosporic acid,CCCC[C@@H](C)C1=C(C(=O)[C@@H]2C[C@@H](C[C@@H]([C@H]2[C@]1(C)C(=O)CCO)C(=O)O)C)O
Australifungin,CCCCCC[C@@H](C)C1=C(C(=O)[C@H]2[C@H]([C@]1(C)C(=O)/C=C\\O)[C@H](C[C@H]([C@H]2O)C)O)O
Quercetin,C1=CC(=C(C=C1C2=C(C(=O)C3=C(C=C(C=C3O2)O)O)O)O)O
Sterigmatocystin,COC1=C2C(=C3[C@@H]4C=CO[C@@H]4OC3=C1)OC5=CC=CC(=C5C2=O)O
Apigenin,C1=CC(=CC=C1C2=CC(=O)C3=C(C=C(C=C3O2)O)O)O
Luteolin,C1=CC(=C(C=C1C2=CC(=O)C3=C(C=C(C=C3O2)O)O)O)O
(Z)-3-Phenyl-2-propen-1-ol,C1=CC=C(C=C1)/C=C\\CO
4-Hydroxy-3-methoxycinnamaldehyde,COC1=C(C=CC(=C1)/C=C/C=O)O
"(1S,2S)-3-oxo-2-(2'Z-pentenyl)-cyclopentaneoctanoic acid",CC/C=C\\C[C@H]1[C@H](CCC1=O)CCCCCCCC(=O)O
Kaempferol,C1=CC(=CC=C1C2=C(C(=O)C3=C(C=C(C=C3O2)O)O)O)O
Genistein,C1=CC(=CC=C1C2=COC3=CC(=CC(=C3C2=O)O)O)O
Isoclavulanic acid,C1[C@@H]2N(C1=O)[C@H](/C(=C\\CO)/O2)C(=O)O
14-Dihydroxycornestin,CCC[C@H]1[C@@H](C(=O)C[C@@H](/C(=C\\C)/CC2=C1C(=O)OC2=O)O)O
"ethyl (2E,4Z)-deca-2,4-dienoate",CCCCC/C=C\\C=C\\C(=O)OCC
cis-3-Hexen-1-ol,CC/C=C\\CCO
2-Hexenal,CCC/C=C/C=O
Pinolidoxin,CCCC1C(C(/C=C/CCC(C(=O)O1)OC(=O)/C=C/C=C/C)O)O
Isocaryophyllene,C/C/1=C/CCC(=C)[C@H]2CC([C@@H]2CC1)(C)C
beta-Sinensal,C/C(=C\\CCC(=C)C=C)/CC/C=C(\\C)/C=O
beta-Ocimene,CC(=CC/C=C(\\C)/C=C)C
Chlorflavonin,COC1=C(C2=C(C(=C1)O)C(=O)C(=C(O2)C3=C(C(=CC=C3)Cl)O)OC)OC
Datiscetin,C1=CC=C(C(=C1)C2=C(C(=O)C3=C(C=C(C=C3O2)O)O)O)O
Fisetin,C1=CC(=C(C=C1C2=C(C(=O)C3=C(O2)C=C(C=C3)O)O)O)O
Morin,C1=CC(=C(C=C1O)O)C2=C(C(=O)C3=C(C=C(C=C3O2)O)O)O
Nigrifactin,C/C=C/C=C/C=C/C1=NCCCC1
Daidzein,C1=CC(=CC=C1C2=COC3=C(C2=O)C=CC(=C3)O)O
Ellagic acid,C1=C2C3=C(C(=C1O)O)OC(=O)C4=CC(=C(C(=C43)OC2=O)O)O
10-Deoxymethymycin,CC[C@@H]1[C@@H](/C=C/C(=O)[C@@H](C[C@@H]([C@@H]([C@H](C(=O)O1)C)O[C@H]2[C@@H]([C@H](C[C@H](O2)C)N(C)C)O)C)C)C
Neomethymycin,C[C@H]1C[C@H](C(=O)/C=C/[C@H]([C@H](OC(=O)[C@@H]([C@H]1O[C@H]2[C@@H]([C@H](C[C@H](O2)C)N(C)C)O)C)[C@@H](C)O)C)C
Methymycin,CC[C@@H]1[C@@](/C=C/C(=O)[C@@H](C[C@@H]([C@@H]([C@H](C(=O)O1)C)O[C@H]2[C@@H]([C@H](C[C@H](O2)C)N(C)C)O)C)C)(C)O
alpha-Ionone,CC1=CCCC(C1/C=C/C(=O)C)(C)C
Geranyl formate,CC(=CCC/C(=C/COC=O)/C)C
Kinobscurinone,CC1=CC2=C(C(=C1)O)C3=C(C2=O)C(=O)C4=C(C3=O)C=CC=C4O
2-Decenoic acid,CCCCCCC/C=C/C(=O)O
"10,11-epoxy-chlorovulone I",CCCCC/C=C\\C[C@]\\1([C@H]2[C@](O2)(C(=O)/C1=C/C=C\\CCCC(=O)OC)Cl)O
"1,3-Dihydroxy-8-decen-5-one",C/C=C/CCC(=O)C[C@H](CCO)O
2-Nonenal,CCCCCC/C=C/C=O
"2-Nonene-4,6,8-triynal",C#CC#CC#C/C=C/C=O
"2,4-Decadienal",CCCCC/C=C/C=C/C=O
2-Dodecenal,CCCCCCCCC/C=C/C=O
"7alpha,12alpha-Dihydroxy-3-oxochola-1,4-dien-24-oic Acid",C[C@H](CCC(=O)O)[C@H]1CC[C@@H]2[C@@]1([C@H](C[C@H]3[C@H]2[C@@H](CC4=CC(=O)C=C[C@]34C)O)O)C
"5,6-Dimethoxysterigmatocystin",COC1=C(C2=C(C(=C1)O)C(=O)C3=C(C=C4C(=C3O2)C5C=COC5O4)OC)OC
"L-Leucinamide, N-acetyl-L-leucyl-N-[4-[(aminoiminomethyl)amino]-1-formylbutyl]-",CC(C)C[C@@H](C(=O)N[C@@H](CC(C)C)C(=O)NC(CCCN=C(N)N)C=O)NC(=O)C
Nerolidol,CC(=CCC/C(=C/CCC(C)(C=C)O)/C)C
Pyochelin,CN1[C@@H](CS[C@@H]1[C@H]2CSC(=N2)C3=CC=CC=C3O)C(=O)O
"(3E)-3-(3,4-dihydroxybenzylidene)-5-(3,4-dihydroxyphenyl)furan-2(3H)-one",C1=CC(=C(C=C1/C=C/2\\C=C(OC2=O)C3=CC(=C(C=C3)O)O)O)O
"9-hydroxy-10E,14Z-octadecadien-12-ynoic acid",CCC/C=C\\C#C/C=C/C(CCCCCCCC(=O)O)O
Cinnamyl alcohol,C1=CC=C(C=C1)/C=C/CO
3-Nonen-2-one,CCCCC/C=C/C(=O)C
2-Hexen-1-OL,CCC/C=C/CO
Deoxyeritadenine,C1=NC(=C2C(=N1)N(C=N2)CCC(C(=O)O)O)N
"2,2-Dimethyl-2H-chromene-6-carboxylic acid",CC1(C=CC2=C(O1)C=CC(=C2)C(=O)O)C
Rhapontigenin,COC1=C(C=C(C=C1)/C=C/C2=CC(=CC(=C2)O)O)O
Nostocarboline,C[N+]1=CC2=C(C=C1)C3=C(N2)C=CC(=C3)Cl
Erbstatin,C1=CC(=C(C=C1O)/C=C/NC=O)O
Neryl butyrate,CCCC(=O)OC/C=C(/C)\\CCC=C(C)C
cis-3-Hexenyl butyrate,CCCC(=O)OCC/C=C\\CC
beta-Ionone epoxide,CC(=O)/C=C/C12C(CCCC1(O2)C)(C)C
cis-3-Hexenyl hexanoate,CCCCCC(=O)OCC/C=C\\CC
psi-Tectorigenin,COC1=C(C=C(C2=C1OC=C(C2=O)C3=CC=C(C=C3)O)O)O
Neryl formate,CC(=CCC/C(=C\\COC=O)/C)C
cis-3-Hexenoic acid,CC/C=C\\CC(=O)O
"1,2-Anthracenedicarboxylic acid, 7-acetyl-6-ethyl-9,10-dihydro-3,5,8-trihydroxy-9,10-dioxo-",CCC1=C(C(=C2C(=C1O)C(=O)C3=CC(=C(C(=C3C2=O)C(=O)O)C(=O)O)O)O)C(=O)C
Geranyl propionate,CCC(=O)OC/C=C(\\C)/CCC=C(C)C
Geranyl butyrate,CCCC(=O)OC/C=C(\\C)/CCC=C(C)C
Pyridindolol,C1=CC=C2C(=C1)C3=C(N2)C(=NC(=C3)CO)C(CO)O
Reticulol,CC1=CC2=CC(=C(C(=C2C(=O)O1)O)OC)O
Alternariol,CC1=CC(=CC2=C1C3=C(C(=CC(=C3)O)O)C(=O)O2)O
Alternariol monomethyl ether,CC1=CC(=CC2=C1C3=C(C(=CC(=C3)OC)O)C(=O)O2)O
Ethyl (E)-3-hexenoate,CC/C=C\\CC(=O)OCC
cis-4-Heptenal,CC/C=C\\CCC=O
Geranyl isovalerate,CC(C)CC(=O)OC/C=C(\\C)/CCC=C(C)C
cis-3-Hexenyl acetate,CC/C=C\\CCOC(=O)C
4-Methyl-2-phenyl-2-pentenal,CC(C)/C=C(\\C=O)/C1=CC=CC=C1
cis-3-Hexenyl lactate,CC/C=C\\CCOC(=O)C(C)O
3-Hepten-2-one,CCC/C=C/C(=O)C
(Z)-2-Octen-1-ol,CCCCC/C=C\\CO
cis-3-Hexenyl propionate,CC/C=C\\CCOC(=O)CC
cis-3-Hexenyl 2-methylbutanoate,CC/C=C\\CCOC(=O)C(C)CC
"4,8-Dimethyl-3,7-nonadien-2-ol",CC(/C=C(\\C)/CCC=C(C)C)O
Methyl geranate,CC(=CCC/C(=C/C(=O)OC)/C)C
Neryl propionate,CCC(=O)OC/C=C(/C)\\CCC=C(C)C
Neryl isobutyrate,CC(C)C(=O)OC/C=C(/C)\\CCC=C(C)C
Damascenone,C/C=C/C(=O)C1=C(C=CCC1(C)C)C
cis-3-Hexenyl pentanoate,CCCCC(=O)OCC/C=C\\CC
5-Methyl-2-phenylhex-2-enal,CC(C)C/C=C(/C=O)\\C1=CC=CC=C1
Noreugenin,CC1=CC(=O)C2=C(C=C(C=C2O1)O)O
"3-(9H-pyrido[3,4-b]indol-1-yl)propanoic acid",C1=CC=C2C(=C1)C3=C(N2)C(=NC=C3)CCC(=O)O
Sorbicillin,C/C=C/C=C/C(=O)C1=C(C(=C(C(=C1)C)O)C)O
Radicinin,C/C=C/C1=CC2=C(C(=O)[C@H]([C@@H](O2)C)O)C(=O)O1
"5,7-Dihydroxy-3',4'-dimethoxyisoflavone",COC1=C(C=C(C=C1)C2=COC3=CC(=CC(=C3C2=O)O)O)OC
Cytochalasin e,C[C@H]1C/C=C/[C@H]2[C@H]3[C@](O3)([C@H]([C@@H]4[C@]2(C(=O)N[C@H]4CC5=CC=CC=C5)OC(=O)O/C=C/[C@@](C1=O)(C)O)C)C
(R)-3-((R)-3-Hydroxybutanoyloxy)butanoate,C[C@H](CC(=O)O[C@H](C)CC(=O)O)O
L-(+)-Arabinose,C([C@@H]([C@@H]([C@H](C=O)O)O)O)O
Obscurolide A2,CC(/C=C/C1C(CC(=O)O1)NC2=CC=C(C=C2)C=O)O
Cystothiazole A,C[C@H]([C@H](/C=C/C1=CSC(=N1)C2=CSC(=N2)C(C)C)OC)/C(=C\\C(=O)OC)/OC
Ergometrinine,C[C@@H](CO)NC(=O)[C@@H]1CN([C@@H]2CC3=CNC4=CC=CC(=C34)C2=C1)C
De-O-methyldihydrosterigmatocystin,C1COC2C1C3=C(O2)C=C(C4=C3OC5=CC=CC(=C5C4=O)O)O
"(5'R)-7-chloro-3',4,6-trimethoxy-5'-methylspiro[1-benzofuran-2,4'-cyclohex-2-ene]-1',3-dione",C[C@@H]1CC(=O)C=C(C12C(=O)C3=C(O2)C(=C(C=C3OC)OC)Cl)OC
"3',5,7-Trihydroxy-4',8-dimethoxyisoflavone",COC1=C(C=C(C=C1)C2=COC3=C(C2=O)C(=CC(=C3OC)O)O)O
Flavasperone,CC1=CC(=O)C2=C(O1)C3=C(C=C(C=C3C=C2O)OC)OC
Albonoursin,CC(C)/C=C\\1/C(=O)N/C(=C\\C2=CC=CC=C2)/C(=O)N1
Cinnamaldehyde ethylene glycol acetal,C1COC(O1)/C=C/C2=CC=CC=C2
"(Z)-2-Decene-4,6,8-triyn-1-ol",CC#CC#CC#C/C=C/CO
"(1Z,4Z)-germacrene B",C/C/1=C/CC/C(=C\\CC(=C(C)C)CC1)/C
"7-(4-(Dimethylamino)phenyl)-N-hydroxy-4,6-dimethyl-7-oxohepta-2,4-dienamide",CC(/C=C(\\C)/C=C/C(=O)NO)C(=O)C1=CC=C(C=C1)N(C)C
"(E)-4,8-Dimethyl-1,3,7-nonatriene",CC(=CCC/C(=C/C=C)/C)C
Methyl (+)-7-isojasmonate,CC/C=C\\C[C@H]1[C@H](CCC1=O)CC(=O)OC
"2-[(2R,5S)-5-ethenyl-5-methyloxolan-2-yl]propan-2-ol",C[C@]1(CC[C@@H](O1)C(C)(C)O)C=C
"2-Methoxy-3,5-dimethylpyrazine",CC1=CN=C(C(=N1)C)OC
(+)-gamma-Cadinene,CC1=C[C@@H]2[C@@H](CC1)C(=C)CC[C@H]2C(C)C
Diatretyne 2,C(=C/C(=O)O)\\C#CC#CC#N
cis-3-Hexenyl cis-3-hexenoate,CC/C=C\\CCOC(=O)C/C=C\\CC
Ebelactone B,CC[C@H]1[C@@H](OC1=O)[C@@H](C)C/C(=C/[C@@H](C)C(=O)[C@@H](C)[C@@H]([C@H](C)CC)O)/C
Myriocin,CCCCCCC(=O)CCCCCC/C=C/C[C@H]([C@@H]([C@@](CO)(C(=O)O)N)O)O
Trichostatin C,C[C@H](/C=C(\\C)/C=C/C(=O)NO[C@H]1[C@@H]([C@H]([C@@H]([C@H](O1)CO)O)O)O)C(=O)C2=CC=C(C=C2)N(C)C
Obscurolide A1,CC(/C=C/C1C(CC(=O)O1)NC2=CC=C(C=C2)C(=O)O)O
Phthoxazolin,C/C(=C/C=C\\C=C\\CC1=CN=CO1)/[C@H](C(C)(C)C(=O)N)O
"Formamide, N-(2-(4-hydroxyphenyl)ethenyl)-, (Z)-",C1=CC(=CC=C1/C=C\\NC=O)O
Monocillin I,C[C@@H]1C[C@@H]2[C@H](O2)/C=C\\C=C\\C(=O)CC3=C(C(=CC(=C3)O)O)C(=O)O1
Zeatin riboside,C/C(=C\\CNC1=C2C(=NC=N1)N(C=N2)[C@H]3[C@@H]([C@@H]([C@H](O3)CO)O)O)/CO
Phomopsolide B,C/C=C(\\C)/C(=O)O[C@H]1C=CC(=O)O[C@H]1/C=C/[C@@H]([C@H](C)O)O
"(1R,3Z,5S,8Z,12Z,15S)-5,17-dihydroxy-18-[(2S)-1-hydroxypropan-2-yl]-4,8,12,15-tetramethylbicyclo[13.3.0]octadeca-3,8,12,17-tetraen-16-one",C/C/1=C/CC/C(=C\\C[C@]2([C@H](C/C=C(\\[C@H](CC1)O)/C)C(=C(C2=O)O)[C@H](C)CO)C)/C
Maytenine,C1=CC=C(C=C1)/C=C/C(=O)NCCCCNCCCNC(=O)/C=C/C2=CC=CC=C2
Harziphilone,C/C=C/C=C/C1=CC2=C(CO1)C(=O)[C@]([C@@H](C2)O)(C)O
Isochromophilone IV,CC[C@H](C)/C=C(\\C)/C=C/C1=CC2=C(C(=O)[C@]([C@@H]([C@H]2CO1)OC(=O)C)(C)O)Cl
"1H-Indole, 3,3'-ethylidenebis-",CC(C1=CNC2=CC=CC=C21)C3=CNC4=CC=CC=C43
"6-hydroxy-7E,9E-Octadecadiene-11,13,15,17-tetraynoic acid",C#CC#CC#CC#C/C=C/C=C/C(CCCCC(=O)O)O
"(E,7S)-7-methoxydodec-4-enoic acid",CCCCC[C@@H](C/C=C/CCC(=O)O)OC
Isocycloheximide,C[C@H]1C[C@H](C(=O)[C@H](C1)[C@@H](CC2CC(=O)NC(=O)C2)O)C
Lactacystin,C[C@@H]1[C@@H]([C@](NC1=O)([C@H](C(C)C)O)C(=O)SC[C@@H](C(=O)O)NC(=O)C)O
Platensimycin,C[C@]12C[C@]34C[C@H]1C[C@@H]([C@H]3[C@](C(=O)C=C4)(C)CCC(=O)NC5=C(C=CC(=C5O)C(=O)O)O)O2
Fumagillin,CC(=CC[C@@H]1[C@@](O1)(C)[C@H]2[C@@H]([C@@H](CC[C@]23CO3)OC(=O)/C=C/C=C/C=C/C=C/C(=O)O)OC)C
"(3S,6S)-3,6-bis((1H-Indol-3-yl)methyl)piperazine-2,5-dione",C1=CC=C2C(=C1)C(=CN2)C[C@H]3C(=O)N[C@H](C(=O)N3)CC4=CNC5=CC=CC=C54
"6-hydroxy-7E,9Z-Octadecadiene-11,13,15,17-tetraynoic acid",C#CC#CC#CC#C/C=C\\C=C\\C(CCCCC(=O)O)O
"6-hydroxy-7Z,9E-Octadecadiene-11,13,15,17-tetraynoic acid",C#CC#CC#CC#C/C=C/C=C\\C(CCCCC(=O)O)O
"3Z-Undecene-5,7,10-triynoic acid",C#CCC#CC#C/C=C\\CC(=O)O
"(1R,2R,4aS,8aS)-2-[(2R)-2-hydroxybutyl]-1,3-dimethyl-4a,5,6,7,8,8a-hexahydro-2H-naphthalene-1-carboxylic acid",CC[C@H](C[C@@H]1C(=C[C@@H]2CCCC[C@@H]2[C@@]1(C)C(=O)O)C)O
Topopyrone D,CC1=CC(=O)C2=C(O1)C=C3C(=C2O)C(=O)C4=C(C3=O)C=C(C=C4O)O
N-[(2S)-3-hydroxy-1-[[1-[2-(hydroxymethyl)oxiran-2-yl]-4-methyl-1-oxopentan-2-yl]amino]-1-oxobutan-2-yl]-3-methylbutanamide,CCCC(=O)N[C@@H](CO)C(=O)NC(CC(=C)C)C(=O)C1(CO1)CO
Topopyrone A,CC1=CC(=O)C2=C(C=C3C(=C2O1)C(=O)C4=C(C(=C(C=C4C3=O)O)Cl)O)O
Vermixocin A,CC1=CC2=C(C(=C1)O)OC3=C(C(=C(C=C3)C(CC(C)C)O)OC)C(=O)OC2
Topopyrone B,CC1=CC(=O)C2=C(O1)C=C3C(=C2O)C(=O)C4=C(C(=C(C=C4C3=O)O)Cl)O
trichostatin D,C[C@H](/C=C(\\C)/C=C/C(=O)NO[C@@H]1[C@@H]([C@H]([C@@H]([C@H](O1)CO)O)O)O)C(=O)C2=CC=C(C=C2)N(C)C
Tryprostatin b,CC(=CCC1=C(C2=CC=CC=C2N1)C[C@H]3C(=O)N4CCC[C@H]4C(=O)N3)C
Brasiliquinone B,CC[C@H]1CC2=CC(=C3C(=C2C(=O)C1)C(=O)C4=C(C3=O)C(=CC=C4)O)O
Topopyrone C,CC1=CC(=O)C2=C(C=C3C(=C2O1)C(=O)C4=C(C3=O)C=C(C=C4O)O)O
"[(3R,4S,5S,6R)-5-methoxy-4-[(2R,3R)-2-methyl-3-(3-methylbut-2-enyl)oxiran-2-yl]-1-oxaspiro[2.5]octan-6-yl] (E)-4,5-dihydroxyhex-2-enoate",CC(C(/C=C/C(=O)O[C@@H]1CC[C@]2(CO2)[C@H]([C@@H]1OC)[C@@]3([C@H](O3)CC=C(C)C)C)O)O
3-Formylbutyl diphosphate,CC(CCOP(=O)(O)OP(=O)(O)O)C=O
Nidulalin A,CC1=CC(=C2C(=C1)O[C@@]3([C@@H](C=CC=C3C2=O)O)C(=O)OC)O
Tryprostatin A,CC(=CCC1=C(C2=C(N1)C=C(C=C2)OC)C[C@H]3C(=O)N4CCC[C@H]4C(=O)N3)C
Malyngic acid,CC/C=C\\C[C@@H]([C@@H](/C=C/[C@H](CCCCCCCC(=O)O)O)O)O
Laccaridione A,CCC(C)/C=C(\\C)/C1=CC2=C(C(O1)OC)C(=C3C(=C2)C=C(C(=O)C3=O)OC)O
"(3R)-4alpha,4aalpha,8abeta-Trihydroxy-5alpha-methoxy-4-methyl-3alpha-(3-methyl-2-butenyl)hexahydro-1H-2-benzothiopyran-6(5H)-one",CC(=CC[C@@H]1[C@]([C@]2([C@@H](C(=O)CC[C@@]2(CS1)O)OC)O)(C)O)C
Cinnatriacetin A,C1=CC(=CC=C1/C=C/C(=O)OCC#CC#CC#CC/C=C\\CCCC(=O)O)O
"(7S)-3-[(1E,3E,5E)-hepta-1,3,5-trien-1-yl]-7-methyl-6,8-dioxo-7,8-dihydro-6H-oxireno[j]isochromen-7-yl (3S)-3-hydroxybutanoate",C/C=C/C=C/C=C/C1=CC2=CC(=O)[C@](C(=O)C23C(O1)O3)(C)OC(=O)C[C@H](C)O
10-Norparvulenone,COC1=C(C(=C2C(=O)CCC(C2=C1)O)O)CO
(+)-Aspermytin A,C[C@H]1CC[C@H]2[C@H](C1)C=C[C@@]([C@]2(C)C(=O)CCO)(C)O
(-)-trans-Clavicipitic acid,CC(=C[C@@H]1C2=C3C(=CNC3=CC=C2)C[C@H](N1)C(=O)O)C
neoechinulin A,C[C@H]1C(=O)N/C(=C\\C2=C(NC3=CC=CC=C32)C(C)(C)C=C)/C(=O)N1
6-hydroxy-N-[(2S)-3-hydroxy-1-({1-[2-(hydroxymethyl)oxiran-2-yl]-4-methyl-1-oxopent-4-en-2-yl}amino)-1-oxopropan-2-yl]-6-methylheptanamide,CC(=C)CC(C(=O)C1(CO1)CO)NC(=O)[C@H](CO)NC(=O)CCCCC(C)(C)O
"1,2-Diacetoxy-4,7,8-trihydroxy-3-(4-hydroxyphenyl)dibenzofuran",CC(=O)OC1=C(C2=C(C(=C1C3=CC=C(C=C3)O)O)OC4=CC(=C(C=C42)O)O)OC(=O)C
"(1R,2'S,3'aS,12R,14S)-2',12-dimethylspiro[13-oxa-2,10,17-triazatetracyclo[10.3.2.02,11.04,9]heptadeca-4,6,8,10-tetraene-14,4'-3,3a-dihydro-2H-imidazo[1,2-a]indole]-1',3,16-trione",C[C@H]1C(=O)N2[C@H](N1)[C@]3(C[C@@H]4C(=O)N[C@](O3)(C5=NC6=CC=CC=C6C(=O)N45)C)C7=CC=CC=C72
"NCGC00380949-01_C28H42O5_3,5,9,23-Tetrahydroxy-18,22-cycloergosta-6,8(14)-dien-11-one",CC1C2CCC3=C4C=CC5(CC(CCC5(C4(C(=O)CC23CC1C(C(C)C(C)C)O)O)C)O)O
6-epi-Albrassitriol,CC1=C[C@H]([C@@H]2[C@@]([C@]1(CO)O)(CCCC2(C)C)C)O
Bassiatin,CC(C)[C@@H]1C(=O)N([C@H](C(=O)O1)CC2=CC=CC=C2)C
"(7S)-3-[(1E,3E,5E)-hepta-1,3,5-trien-1-yl]-7-methyl-6,8-dioxo-7,8-dihydro-6H-isochromen-7-yl (3S)-3-hydroxybutanoate",C/C=C/C=C/C=C/C1=CC2=CC(=O)[C@](C(=O)C2=CO1)(C)OC(=O)C[C@H](C)O
Arisugacin B,C[C@@]12CC[C@@]3([C@@]([C@]1(CC4=C(O2)C=C(OC4=O)C5=CC=C(C=C5)OC)O)(C(=O)C=CC3(C)C)C)O
"(2R,3S,4aS,7R,8R,8aS)-2,3,4'-trihydroxy-4,4,7,8a-tetramethylspiro[2,3,4a,5,6,7-hexahydro-1H-naphthalene-8,2'-7,8-dihydro-3H-furo[2,3-e]isoindole]-6'-one",C[C@@H]1CC[C@@H]2[C@@]([C@@]13CC4=C(C=C5C(=C4O3)CNC5=O)O)(C[C@H]([C@H](C2(C)C)O)O)C
Fungerin,CC(=CCC1=C(N=CN1C)/C=C/C(=O)OC)C
Aureoquinone,CC1=C(C2=C(C(=C1O)O)C(=O)C(=O)C(=C2O)C)O
Fumiquinazoline F,C[C@H]1C2=NC3=CC=CC=C3C(=O)N2[C@@H](C(=O)N1)CC4=CNC5=CC=CC=C54
Fiscalin B,CC(C)[C@H]1C2=NC3=CC=CC=C3C(=O)N2[C@@H](C(=O)N1)CC4=CNC5=CC=CC=C54
6-hydroxy-1H-indole-3-carbaldehyde,C1=CC2=C(C=C1O)NC=C2C=O
N-[(3s)-2-Oxotetrahydrofuran-3-Yl]butanamide,CCCC(=O)N[C@H]1CCOC1=O
Gerfelin,CC1=CC(=C(C(=C1)OC2=CC(=C(C(=C2)C)C(=O)O)O)O)O
"3-hydroxy-5,7-di[(1E)-prop-1-en-1-yl]-3,5,7,7a-tetrahydro-2H-furo[3,4-b]pyran-2-one",C/C=C/C1C2C(=CC(C(=O)O2)O)C(O1)/C=C/C
Phenopyrrozin,C1CC2C(=C(C(=O)N2C1)O)C3=CC=CC=C3
3-Oxo-N-[(3s)-2-Oxotetrahydrofuran-3-Yl]decanamide,CCCCCCCC(=O)CC(=O)N[C@H]1CCOC1=O
Quinolactacin A,CCC(C)C1C2=C(C(=O)C3=CC=CC=C3N2C)C(=O)N1
N-dodecanoyl-L-Homoserine lactone,CCCCCCCCCCCC(=O)N[C@H]1CCOC1=O
Epicocconone,C/C=C/C=C/C=C/C(=O)/C=C(/C1=C2C=C3C[C@H](OC=C3C(=O)[C@]2(OC1=O)C)CO)\\O
Pyrocoll,C1=CN2C(=C1)C(=O)N3C=CC=C3C2=O
"7-Acetyl-3,6-dihydroxy-8-methyl-tetralone",CC1=C2C(=CC(=C1C(=O)C)O)CC(CC2=O)O
Stachybotrin B,CC(=CCC/C(=C/CC[C@]1([C@H](CC2=C(C=C3C(=C2O1)CNC3=O)O)O)C)/C)C
Arisugacin A,C[C@@]12CC[C@@]3([C@@]([C@]1(CC4=C(O2)C=C(OC4=O)C5=CC(=C(C=C5)OC)OC)O)(C(=O)C=CC3(C)C)C)O
stephacidin A,CC1(C=CC2=C(O1)C=CC3=C2NC4=C3CC56C(C4(C)C)CC7(CCCN7C5=O)C(=O)N6)C
N-methylwelwitinsolinone C isonitrile,C[C@]1(C(=C[C@H]2C(=O)[C@@]1(C3=C4[C@@H](C2(C)C)C(=O)N(C4=CC=C3)C)[N+]#[C-])Cl)C=C
Thysanone,C[C@H]1CC2=C([C@@H](O1)O)C(=O)C3=C(C2=O)C=C(C=C3O)O
"2-Anthracenecarboxylic acid, 9,10-dihydro-3,8-dihydroxy-9,10-dioxo-1-propyl-",CCCC1=C2C(=CC(=C1C(=O)O)O)C(=O)C3=C(C2=O)C(=CC=C3)O
demethoxyfumitremorgin C,CC(=C[C@H]1C2=C(C[C@@H]3N1C(=O)[C@@H]4CCCN4C3=O)C5=CC=CC=C5N2)C
Purpactin A,CC1=CC2=C(C(=C1)O)OC3=C(C(=C(C=C3)[C@H](CC(C)C)OC(=O)C)OC)C(=O)OC2
Pentalenolactone O,C[C@H]1[C@H]2C=C([C@H]3C2(C=C1C)[C@](C(=O)OC3)(CO)O)C(=O)O
"methyl (4R,4aS)-4,8-dihydroxy-6-(hydroxymethyl)-9-oxo-4,9-dihydro-4aH-xanthene-4a-carboxylate",COC(=O)[C@@]12[C@@H](C=CC=C1C(=O)C3=C(C=C(C=C3O2)CO)O)O
"2-(1,5-Dihydroxy-3,4-dioxonaphthalen-2-yl)-3-methoxy-5-methylbenzoic acid",CC1=CC(=C(C(=C1)OC)C2=C(C3=C(C(=CC=C3)O)C(=O)C2=O)O)C(=O)O
4-Oxo-5-phenylpentanoic acid,C1=CC=C(C=C1)CC(=O)CCC(=O)O
SF-2738-D; Collismycin D,COC1=CC(=NC(=C1SC)C#N)C2=CC=CC=N2
Phomopsidin,C/C=C(\\C)/[C@H]1[C@H]([C@@H]2[C@H](CC[C@@H]([C@@H]2C=C1C)O)C)/C=C/C=C/C(=O)O
Benzastatin C,CC(=C(C)CC[C@]1([C@@H](CC2=C(N1)C=CC(=C2)C(=O)N)Cl)COC)C
Etrogol,CC(=CCOC1=CC=C(C=C1)CCO)C
"methyl (4R,4aS)-4-(acetyloxy)-8-hydroxy-6-methyl-9-oxo-4,9-dihydro-4aH-xanthene-4a-carboxylate",CC1=CC(=C2C(=C1)O[C@@]3([C@@H](C=CC=C3C2=O)OC(=O)C)C(=O)OC)O
"(2E,4E)-2,4,6-Octatrienoic acid [(5R)-1,3,5,5aalpha,6,7,8,9,9a,9balpha-decahydro-9balpha-hydroxy-6,6,9abeta-trimethyl-1-oxonaphtho[1,2-c]furan]-5beta-yl ester",C/C=C/C=C/C=C/C(=O)O[C@@H]1C=C2COC(=O)[C@@]2([C@@]3([C@@H]1C(CCC3)(C)C)C)O
"(3R)-4alpha,4aalpha,8abeta-Trihydroxy-5alpha-methoxy-4-methyl-3alpha-(3-methyl-2-butenyl)hexahydro-1H-2-benzopyran-6(5H)-one",CC(=CC[C@@H]1[C@]([C@]2([C@@H](C(=O)CC[C@@]2(CO1)O)OC)O)(C)O)C
"11-hydroxy-4-methyl-2E,4E,6E-dodecatrienoic acid",CC(CCC/C=C/C=C(\\C)/C=C/C(=O)O)O
Ochracenomicin A,CC1CC(=O)C2(C3=C(C=CC2(C1)O)C(=O)C4=C(C3=O)C=CC=C4O)O
Brasiliquinone C,CC[C@H]1CC2=CC(=C3C(=C2C(=O)C1)C(=O)C4=C(C3=O)C(=CC=C4)OC)O
Phosphatoquinone A,CC(=CCC/C(=C/C[C@@]12C(=O)C3=C(C(=CC(=C3)O)O)C(=O)[C@@]1(O2)C)/C)C
"(4R,5S,6R,7R,9E,11Z)-13-amino-7-hydroxy-4,6-dimethyl-13-oxotrideca-9,11-dien-5-yl (2E)-3-phenylprop-2-enoate",CCC[C@@H](C)[C@@H]([C@H](C)[C@@H](C/C=C/C=C\\C(=O)N)O)OC(=O)/C=C/C1=CC=CC=C1
Arisugacin C,C[C@]12CCC(=O)C([C@@]1(CC[C@@]3([C@@H]2CC4=C(O3)C=C(OC4=O)C5=CC=C(C=C5)OC)C)O)(C)C
2-[Methyl(3-phenylpropanoyl)amino]benzoic acid,CN(C1=CC=CC=C1C(=O)O)C(=O)CCC2=CC=CC=C2
"5,7,8,3',4'-Pentahydroxyisoflavone",C1=CC(=C(C=C1C2=COC3=C(C2=O)C(=CC(=C3O)O)O)O)O
sphaeropsidin C,C[C@@]1(CC[C@]2(C(=C1)C(=O)C[C@@H]3[C@@]2(CCCC3(C)C)C(=O)O)O)C=C
"(3R)-5,6,8-trihydroxy-3-methyl-isochroman-1-one",C[C@@H]1CC2=C(C(=CC(=C2O)O)O)C(=O)O1
(-)-Microperfuranone,C1=CC=C(C=C1)CC2=C(C(=O)OC2O)C3=CC=CC=C3
"(2E,4E)-2,4-Hexadienoic acid (1-oxo-6,6,9abeta-trimethyl-9balpha-hydroxy-1,3,5,5aalpha,6,7,8,9,9a,9b-decahydronaphtho[1,2-c]furan)-5beta-yl ester",C/C=C/C=C/C(=O)O[C@@H]1C=C2COC(=O)[C@@]2([C@@]3([C@@H]1C(CCC3)(C)C)C)O
12-Hydroxy-6-epi-albrassitriol,C[C@]12CCCC([C@@H]1[C@@H](C=C([C@@]2(CO)O)CO)O)(C)C
5-Hydroxy-2-(1-hydroxy-5-methyl-4-hexenyl)benzofuran,CC(=CCCC(C1=CC2=C(O1)C=CC(=C2)O)O)C
candelalide C,CC1=C(OC(=C(C1=O)C[C@@H]2C(=C)CC[C@@H]3[C@@]2(CC[C@@H]4[C@]3(CC[C@@H](O4)C(C)(C)O)C)C)OC)C
Hexacyclinic acid,C[C@@H]1[C@H]([C@H]2[C@@H]([C@H]1OC(=O)C)C=C([C@@H]3[C@@H]2[C@H]4[C@@H](C3)[C@]5(CC[C@@H]6[C@H]([C@]([C@@H]4C(=O)O6)(O5)O)C)C)C(=O)O)O
"2,4-Dimethyl-3-furylcarbonyl alpha-L-rhamnopyranoside",C[C@H]1[C@@H]([C@H]([C@H]([C@@H](O1)OC(=O)C2=C(OC=C2C)C)O)O)O
"2,4,6-Octatrienoic acid (1R)-1alpha,9balpha-dihydroxy-6,6,9abeta-trimethyl-1,3,5,5aalpha,6,7,8,9,9a,9b-decahydronaphtho[1,2-c]furan-5beta-yl ester",C/C=C/C=C/C=C/C(=O)O[C@@H]1C=C2CO[C@H]([C@@]2([C@@]3([C@@H]1C(CCC3)(C)C)C)O)O
Citreopyrone C,CC1=C(OC(=O)C=C1OC)C=O
Cytosporone B,CCCCCCCC(=O)C1=C(C=C(C=C1O)O)CC(=O)OCC
candelalide B,CC1=C(OC(=C(C1=O)C[C@@H]2C(=C)CC[C@@H]3[C@@]2(CC[C@@H]4[C@]3(C[C@@H]([C@@H](O4)C(C)(C)O)O)C)C)OC)C
"(2E)-N-[(1S,5R,6R)-5-hydroxy-5-{(1E,3E,5E)-7-[(2-hydroxy-5-oxocyclopent-1-en-1-yl)amino]-7-oxohepta-1,3,5-trien-1-yl}-2-oxo-7-oxabicyclo[4.1.0]hept-3-en-3-yl]-4-methyloct-2-enamide",CCCCC(C)/C=C/C(=O)NC1=C[C@@]([C@H]2[C@@H](C1=O)O2)(/C=C/C=C/C=C/C(=O)NC3=C(CCC3=O)O)O
"(E)-1-(2,3-dihydro-1H-pyrrol-1-yl)-2-methyldec-8-ene-1,3-dione",C/C=C/CCCCC(=O)C(C)C(=O)N1CCC=C1
5-Hydroxy-2-(5-methyl-1-oxo-4-hexenyl)benzofuran,CC(=CCCC(=O)C1=CC2=C(O1)C=CC(=C2)O)C
(+)-Sabinene,CC(C)[C@]12CCC(=C)[C@H]1C2
Dendryphiellic acid A,CC[C@H](C)/C=C/C=C/C(=O)O
4-Acetyl-3-methoxy-5-methylbenzoic acid,CC1=CC(=CC(=C1C(=O)C)OC)C(=O)O
Dictyoquinazol B,COC1=CC2=C(C=C1)N(CN(C2)C3=C(C=C(C=C3)OC)CO)C=O
Pentalenic acid,C[C@@H]1CC[C@@H]2[C@]13CC([C@@H]([C@H]3C=C2C(=O)O)O)(C)C
"2,4-dimethyl-1H-indole",CC1=C2C=C(NC2=CC=C1)C
Isoochracinol,C1=CC2=C(C(=C1)O)C(=O)OC2CCO
Pentalenene,C[C@@H]1CC[C@@H]2[C@]13CC(C[C@H]3C=C2C)(C)C
pentalenolactone E,CC1(C[C@H]2C=C([C@H]3[C@]2(C1)C(=C)C(=O)OC3)C(=O)O)C
Hispidospermidin,C[C@@H]1CC[C@H]2[C@]13CC[C@@]4([C@H](C3)[C@@H]([C@]2(O4)C)NCCCCN(C)CCCN(C)C)C
Solanapyrone B,C[C@H]1C=C[C@H]2CCCC[C@H]2[C@@H]1C3=CC(=C(C(=O)O3)CO)OC
Dictyoquinazol C,COC1=CC(=C(C=C1)N2CN(C3=C(C2=O)C=C(C=C3)OC)C=O)CO
"11,12-Dihydrolactaroviolin",CC1=C2C=CC(=C2C=C(C=C1)C(C)C)C=O
9-Hydroxy-helminthosporol,CC1=C([C@H]2[C@H](CC[C@@]1([C@H]2CO)C)C(C)(C)O)C=O
salinosporamide B,CC[C@H]1C(=O)N[C@@]2([C@]1(OC2=O)C)[C@H]([C@H]3CCCC=C3)O
venturamide A,C[C@@H]1C2=NC(=C(O2)C)C(=O)N[C@@H](C3=NC(=CS3)C(=O)N[C@@H](C4=NC(=CS4)C(=O)N1)C(C)C)C
Fumiquinazoline A,C[C@H]1C2=NC3=CC=CC=C3C(=O)N2[C@@H](C(=O)N1)C[C@]4([C@H]5N[C@H](C(=O)N5C6=CC=CC=C64)C)O
rostratin C,CO[C@H]1CC(=O)[C@H]2C[C@@]34C(=O)N5[C@@H]6[C@H](C[C@]5(C(=O)N3[C@H]2[C@H]1O)SS4)C(=O)C[C@@H]([C@@H]6O)OC
(-)-9-Hydroxyhexylitaconic acid,CC(CCCCC(C(=C)C(=O)O)C(=O)O)O
(-)-Rasfonin,C/C=C(\\C)/C[C@H](C)C[C@H](C)[C@@H]1[C@@H](C=CC(=O)O1)OC(=O)/C=C/C(=C/[C@H](CCO)CO)/C
Graphislactone A,CC1=CC(=C(C2=C1C3=C(C(=CC(=C3)OC)O)C(=O)O2)O)OC
Aurantricholide B,C1=CC(=CC=C1C2=C3C(=CC4=CC(=C(C=C4O3)O)O)OC2=O)O
rostratin A,C1C[C@@H]([C@@H]2[C@@H]([C@H]1O)C[C@]34N2C(=O)[C@@]5(C[C@@H]6[C@H](CC[C@@H]([C@H]6N5C3=O)O)O)SS4)O
Tjipanazole B,C1[C@H]([C@@H]([C@H]([C@@H](O1)N2C3=C(C=C(C=C3)Cl)C4=C2C5=C(C=C4)C6=C(N5)C=CC(=C6)Cl)O)O)O
Marizomib,C[C@]12[C@H](C(=O)N[C@]1(C(=O)O2)[C@H]([C@H]3CCCC=C3)O)CCCl
Myrothenone A,C=C[C@@]1(CC(=CC1=O)NC=O)O
Fomitopinic acid A,C[C@]12CCC3=C([C@@]1(CC[C@@H]2[C@@H](CC[C@@H](C(C)(C)O)O)C(=O)O)C)CC[C@@H]4[C@@]3(CCC(=O)C4(C)C)C
"(1S,2S)-3-oxo-2-(2'Z-pentenyl)cyclopentanehexanoic acid",CC/C=C\\C[C@H]1[C@H](CCC1=O)CCCCCC(=O)O
(R)-trichostatic acid,C[C@H](/C=C(\\C)/C=C/C(=O)O)C(=O)C1=CC=C(C=C1)N(C)C
myrocin A,C[C@]1(CC[C@@H]2C[C@]23C1=C(C(=O)C4=C[C@](CC(=O)[C@@]34O)(C)C=C)O)C(=O)O
scalusamide A,C/C=C/CCCCC(=O)C(C)C(=O)N1CCC[C@@H]1CO
6-O-Methyl-2-deprenylrheediaxanthone B,CC1C(C2=C(O1)C=C(C3=C2OC4=C(C3=O)C=CC(=C4O)OC)O)(C)C
rostratin B,C1CC(=O)[C@H]2C[C@@]34C(=O)N5[C@H]6[C@H](CCC(=O)[C@H]6C[C@]5(C(=O)N3[C@H]2[C@H]1O)SS4)O
rostratin D,C1[C@H]([C@@H]([C@H]2[C@@H](C1=O)C[C@]34N2C(=O)[C@@]5(C[C@H]6[C@@H](N5C3=O)[C@H]([C@@H](CC6=O)S)O)SS4)O)S
Streptokordin,CC1=CC(=CC(=O)N1)C(=O)C
Gibberellin A4&A7,C[C@]12[C@H](C=C[C@@]3([C@@H]1[C@@H]([C@]45[C@H]3CC[C@H](C4)C(=C)C5)C(=O)O)OC2=O)O
Pandangolide 1a,C[C@H]1CCCCC[C@@H](C(=O)[C@H](CC(=O)O1)O)O
"6-Benzyl-4-oxo-1,4-dihydropyridine-3-carboxamide",C1=CC=C(C=C1)CC2=CC(=O)C(=CN2)C(=O)N
Tetrangomycin,C[C@]1(CC2=C(C(=O)C1)C3=C(C=C2)C(=O)C4=C(C3=O)C=CC=C4O)O
Gliocladin C,CN1C(=O)C2=C[C@]3([C@@H](N2C(=O)C1=O)NC4=CC=CC=C43)C5=CNC6=CC=CC=C65
Bonactin,CCC(CC1CCC(O1)C(C)C(=O)OC(C)CC2CCC(O2)C(C)C(=O)O)O
4-hydroxy-5-[2-[(E)-3-hydroxyprop-1-enyl]-4-methylphenyl]-3-methylhexan-2-one,CC1=CC(=C(C=C1)C(C)C(C(C)C(=O)C)O)/C=C/CO
multiplolide B,C/C=C/C(=O)O[C@@H]1C[C@H](OC(=O)C2C(O2)/C=C/[C@@H]1O)C
Ochromycinone,C[C@H]1CC2=C(C(=O)C1)C3=C(C=C2)C(=O)C4=C(C3=O)C=CC=C4O
Dehydroherbarin,CC1=CC2=C(CO1)C(=O)C3=C(C2=O)C=C(C=C3OC)OC
Myxalamid D,C/C=C(\\C)/[C@@H]([C@H](C)/C=C(\\C)/C=C/C=C\\C=C\\C=C(/C)\\C(=O)N[C@@H](C)CO)O
Demethylsulochrin,CC1=CC(=C(C(=C1)O)C(=O)C2=C(C=C(C=C2OC)O)C(=O)O)O
"6-(2-Amino-2-carboxyethyl)-7,8-dioxo-1,2,3,4,7,8-hexahydroquinoline-2,4-dicarboxylic acid",C1C(C2=C(C(=O)C(=O)C(=C2)CC(C(=O)O)N)NC1C(=O)O)C(=O)O
Asperfuran,C/C=C/C=C/[C@H]1CC2=C(O1)C(=CC(=C2)O)O
Cyrneine A,CC(C)C1=C2C3=CC=C(C[C@@H]([C@@]3(CC[C@]2([C@@H](C1)O)C)C)O)C=O
6-Hydroxymethyleugenin,CC1=CC(=O)C2=C(C(=C(C=C2O1)OC)CO)O
2-Isopropylfuran,CC(C)C1=CC=CO1
Drosophilin D,C=C=CC#CC#C/C=C\\CC(=O)O
Nonactinic acid,CC(CC1CCC(O1)C(C)C(=O)O)O
"4-Chloro-3,5-dimethoxybenzaldehyde",COC1=CC(=CC(=C1Cl)OC)C=O
Trichothecin,C/C=C\\C(=O)O[C@@H]1C[C@@H]2[C@]3([C@]1([C@]4(CC(=O)C(=C[C@H]4O2)C)C)C)CO3
6-chloro-1H-indole-3-carbaldehyde,C1=CC2=C(C=C1Cl)NC=C2C=O
"2,5-Diethyl-3,6-dimethylpyrazine",CCC1=C(N=C(C(=N1)C)CC)C
Medermycin,C[C@@H]1[C@H]([C@@H](C[C@@H](O1)C2=C(C3=C(C=C2)C(=O)C4=C(C3=O)[C@H](O[C@H]5[C@@H]4OC(=O)C5)C)O)N(C)C)O
2-(2-Methylpropoxy)aniline,CC(C)COC1=CC=CC=C1N
"2-Chloro-1,3-dimethoxy-5-methylbenzene",CC1=CC(=C(C(=C1)OC)Cl)OC
"(1S,10R,11S,14S,16S)-16-hydroxy-10,11,15,15-tetramethyl-5-[(E,2S)-3-oxohex-4-en-2-yl]-2-oxatetracyclo[8.8.0.01,14.03,8]octadeca-3(8),5-diene-4,7-dione",C/C=C/C(=O)[C@@H](C)C1=CC(=O)C2=C(C1=O)O[C@@]34CC[C@@H](C([C@@H]3CC[C@@H]([C@]4(C2)C)C)(C)C)O
"(9S,13S)-1a,1b-dihomo-jasmonic acid",CC/C=C\\C[C@H]1[C@H](CCC1=O)CCCC(=O)O
"alpha,beta-Dehydrocurvularin",CC1CCC/C=C/C(=O)C2=C(CC(=O)O1)C=C(C=C2O)O
gibberellin A25,C[C@]1(CCC[C@@]2([C@@H]1[C@@H]([C@]34[C@H]2CC[C@H](C3)C(=C)C4)C(=O)O)C(=O)O)C(=O)O
3-Methylnaringenin,CC1C(OC2=CC(=CC(=C2C1=O)O)O)C3=CC=C(C=C3)O
"NCGC00381160-01_C14H12O6_Spiro[cyclopent-4-ene-1,1'(3'H)-isobenzofuran]-3,3'-dione, 2,4'-dihydroxy-6'-methoxy-5-methyl-",CC1=CC(=O)C(C12C3=C(C(=CC(=C3)OC)O)C(=O)O2)O
2-(3-Chloro-4-hydroxyphenyl)acetamide,C1=CC(=C(C=C1CC(=O)N)Cl)O
pentalenolactone D,C[C@@H]1C(=O)OC[C@@H]2[C@]13CC(C[C@H]3C=C2C(=O)O)(C)C
Monacolin L,C[C@@H]1CC[C@@H]2[C@H]([C@H](C=CC2=C1)C)CC[C@@H]3C[C@H](CC(=O)O3)O
roquefortine D,CC(C)(C=C)C12CC3C(=O)NC(C(=O)N3C1NC4=CC=CC=C24)CC5=CN=CN5
(+)-Geosmin,C[C@@H]1CCC[C@]2([C@]1(CCCC2)O)C
alpha-Gurjunene,C[C@@H]1CC[C@@H]2[C@@H](C2(C)C)C3=C(CC[C@H]13)C
Delta(6)-protoilludene,CC1=C2CC[C@@]2([C@H]3CC(C[C@H]3C1)(C)C)C
Globosuxanthone A,COC(=O)[C@@]1([C@@H](C=CC2=C1C(=O)C3=C(C=CC=C3O2)O)O)O
"(1S,2S)-3-oxo-2-pentyl-cyclopentanehexanoic acid",CCCCC[C@H]1[C@H](CCC1=O)CCCCCC(=O)O
"(1S,2S)-3-oxo-2-pentyl-cyclopentanebutanoic acid",CCCCC[C@H]1[C@H](CCC1=O)CCCC(=O)O
Tensidol A,C1=CC=C(C=C1)CN2C=C(C3=C2OC=C3O)O
Tensidol B,CC(CC(=O)OC1=CN(C2=C1C(=CO2)O)CC3=CC=CC=C3)C(=O)O
Yaequinolone E,CC(=C)/C=C/C1=C(C2=C(C=C1)NC(=O)[C@@H]([C@]2(C3=CC=C(C=C3)OC)O)OC)O
Chaetominine,C[C@H]1C(=O)N2[C@@H]3N1C(=O)[C@@H](C[C@@]3(C4=CC=CC=C42)O)N5C=NC6=CC=CC=C6C5=O
Monodictysin B,C[C@H]1C[C@@H]([C@@H]2C(=O)C3=C(C=CC=C3O[C@@]2([C@H]1O)C)O)O
Monodictysin C,C[C@H]1C[C@@H]([C@@H]2C(=O)C3=C(C=C(C=C3O[C@@]2([C@H]1O)C)OC)O)O
Monodictyphenone,CC1=CC(=C(C(=C1)O)C(=O)C2=C(C=CC=C2O)O)C(=O)O
Dihydroaspyrone,C[C@@H]1[C@H](C=C(C(=O)O1)C[C@H](C)O)O
Terretonin,C[C@]12CCC(=O)C(C1=C(C(=O)[C@@]3([C@@]2(CC(=C)[C@]4([C@H]3C(=O)O[C@@](C4=O)(C)C(=O)OC)C)O)C)O)(C)C
"(5S,8S)-8-benzoyl-2-[(Z,1S,2S)-1,2-dihydroxyhex-3-enyl]-9-hydroxy-8-methoxy-3-methyl-1-oxa-7-azaspiro[4.4]non-2-ene-4,6-dione",CC/C=C\\[C@@H]([C@@H](C1=C(C(=O)[C@@]2(O1)C([C@@](NC2=O)(C(=O)C3=CC=CC=C3)OC)O)C)O)O
Cordyol C,CC1=CC(=CC(=C1)OC2=CC(=CC(=C2O)O)C)O
(-)-Depudecin,C[C@H]([C@H]1[C@@H](O1)/C=C/[C@H]2[C@@H](O2)[C@@H](C=C)O)O
"(1S,4aS)-1,4a-dimethyl-1,2,3,4,4a,5,6,8a-octahydronaphthalene",C[C@H]1CCC[C@@]2(C1C=CCC2)C
Isosulochrin,CC1=CC(=C(C(=C1)O)C(=O)C2=C(C=C(C=C2O)OC)C(=O)OC)O
Peniprequinolone,CC(=CCC1=C(C2=C(C=C1)NC(=O)[C@@H]([C@]2(C3=CC=C(C=C3)OC)O)OC)O)C
"1,10-Dimethoxybenzo[c]cinnoline",COC1=CC=CC2=C1C3=C(C=CC=C3OC)N=N2
Antibiotic TS 885,C/C=C\\C(=C\\[C@H](C)C(=O)C[C@@H](CC1CC(=O)NC(=O)C1)O)\\C
Stoloniferone L,C[C@H](/C=C/[C@H](C)C(C)C)[C@H]1CC[C@@H]2[C@@]1(C[C@H]([C@H]3[C@H]2C[C@@H]4[C@]5([C@@]3(C(=O)C[C@@H](C5)O)C)O4)O)C
cyathusal B,C/C=C/C1=CC2=C(C3=C(C(=C(C(=C3C(O2)O)C=O)OC)O)O)C(=O)O1
cyathusal A,C/C=C/C1=CC2=C(C3=C(C(=C(C(=C3CO2)C=O)OC)O)O)C(=O)O1
cyathusal C,C/C=C/C1=CC2=C(C3=C(C(=C(C(=C3C(O2)OC(C)C)C=O)OC)O)O)C(=O)O1
antrocapmphin A,CC1=C(C(=CC(=C1OC)OC)OC)C#CC(=C)C
2-(2-Acetyl-3-hydroxy-5-methoxyphenyl)acetic acid,CC(=O)C1=C(C=C(C=C1O)OC)CC(=O)O
Elaiomycin,CCCCCC/C=C\\[N+](=N[C@@H](COC)[C@H](C)O)[O-]
Lucidenic acid N,C[C@H](CCC(=O)O)[C@H]1CC(=O)[C@@]2([C@@]1(CC(=O)C3=C2[C@H](C[C@@H]4[C@@]3(CC[C@@H](C4(C)C)O)C)O)C)C
Dihydrosterigmatocystin,COC1=C2C(=C3[C@@H]4CCO[C@@H]4OC3=C1)OC5=CC=CC(=C5C2=O)O
Roquefortine C,CC(C)(C=C)[C@@]12C[C@H]3C(=O)N/C(=C/C4=CN=CN4)/C(=O)N3[C@@H]1NC5=CC=CC=C25
Dehydromatricaric acid,CC#CC#CC#C/C=C/C(=O)O
"2,6-Diethyl-3,5-dimethylpyrazine",CCC1=C(N=C(C(=N1)CC)C)C
carbapenem MM22383,C[C@@H]([C@@H]1[C@H]2CC(=C(N2C1=O)C(=O)O)S/C=C/NC(=O)C)O
Salinosporamide F,C[C@]12[C@@H](C(=O)N[C@]1(C(=O)O2)[C@H]([C@H]3CCCC=C3)O)CCCl
Agrocybenine,CC1=C2C(=NC(C1=O)(C)C)CC(N2)(C)C
Kioukasin A,CC1=CC(=CC(=C1C(=O)O[C@@H]2[C@H](O[C@H]([C@@H]2OC(=O)C)N3C=CC(=O)NC3=O)CO)OC)OC
Kioukasin E,CC1=CC(=CC(=C1C(=O)O[C@@H]2[C@@H]([C@H](O[C@H]2N3C=CC(=O)NC3=O)CO)O)OC)OC
Kioukasin B,CC1=CC(=CC(=C1C(=O)O[C@@H]2[C@H](O[C@H]([C@@H]2OC(=O)C)N3C=CC(=O)NC3=O)CO)OC)O
kipukasin D,CC1=CC(=CC(=C1C(=O)O[C@@H]2[C@H](O[C@H]([C@@H]2O)N3C=CC(=O)NC3=O)CO)OC)OC
"(4-Hydroxy-3-methoxycarbonyl-2,5-dimethylphenyl) 3-formyl-2,4-dihydroxy-6-methylbenzoate",CC1=CC(=C(C(=C1C(=O)OC2=C(C(=C(C(=C2)C)O)C(=O)OC)C)O)C=O)O
(+)-Epi-isozizaene,C[C@H]1CCC2=C(C([C@H]3CC[C@@]12C3)(C)C)C
Griseophenone C,CC1=CC(=CC(=C1C(=O)C2=C(C=C(C=C2O)OC)O)OC)O
Kipukasin H,CC1=CC(=CC(=C1C(=O)O[C@@H]2[C@@H]([C@H](O[C@H]2N3C=CC(=O)NC3=O)CO)O)OC)O
"6-Ethyl-2,4-dihydroxy-3-methylbenzaldehyde",CCC1=CC(=C(C(=C1C=O)O)C)O
Ustusolate A,C/C=C/C=C/C=C/C(=O)O[C@@H]1C=C([C@@]([C@@]2([C@@H]1C(CCC2)(C)C)C)(CO)O)CO
"(3R,4R)-4,5-dihydroxy-3-methoxy-4-(4-methoxyphenyl)-6-((E)-2-(2,5,5-trimethyltetrahydro-2H-pyran-2-yl)vinyl)-3,4-dihydroquinolin-2(1H)-one",CC1(CCC(OC1)(C)/C=C/C2=C(C3=C(C=C2)NC(=O)[C@@H]([C@]3(C4=CC=C(C=C4)OC)O)OC)O)C
Monomethylsulochrin,CC1=CC(=C(C(=C1)OC)C(=O)C2=C(C=C(C=C2OC)O)C(=O)OC)O
Sydowinin A,COC(=O)C1=C2C(=CC=C1)OC3=CC(=CC(=C3C2=O)O)CO
Candidusin B,COC1=C2C3=CC(=C(C=C3OC2=C(C(=C1)C4=CC(=C(C=C4)O)O)OC)O)O
"NCGC00180312-03_C24H17N3O3_Spiro[oxirane-2,7'(13'H)-quinazolino[3,2-a][1,4]benzodiazepine]-5',13'(6'H)-dione, 6'-methyl-3-phenyl-, (2S,3S)-",CN1C(=O)C2=CC=CC=C2N3C(=O)C4=CC=CC=C4N=C3[C@]15[C@@H](O5)C6=CC=CC=C6
"4,8-Dihydroxy-6-(hydroxymethyl)-9-oxo-1-xanthenecarboxylic acid methyl ester",COC(=O)C1=C2C(=C(C=C1)O)OC3=CC(=CC(=C3C2=O)O)CO
6-O-methyl-7-O-alpha-rhamnopyranosyldaidzein,C[C@H]1[C@@H]([C@H]([C@H]([C@@H](O1)OC2=C(C=C3C(=C2)OC=C(C3=O)C4=CC=C(C=C4)O)OC)O)O)O
Strobilactone A,C[C@]12CCCC([C@@H]1[C@@H](C=C3[C@@]2(C(=O)OC3)O)O)(C)C
Daidzein 7-alpha-L-rhamnoside,C[C@H]1[C@@H]([C@H]([C@H]([C@@H](O1)OC2=CC3=C(C=C2)C(=O)C(=CO3)C4=CC=C(C=C4)O)O)O)O
4-(Hydroxymethyl)-2-methyl-1-benzofuran-6-ol,CC1=CC2=C(C=C(C=C2O1)O)CO
3-[6-(2-methylpropyl)-2-oxo-1H-pyrazin-3-yl]propanamide,CC(C)CC1=CN=C(C(=O)N1)CCC(=O)N
Stemphypyrone,CC1=C(C=C(OC1=O)/C(=C/C(C)O)/C)OC
2-Oxo-4-methoxy-2H-pyran 6-propionic acid,COC1=CC(=O)OC(=C1)CCC(=O)O
Roseopurpurin G,CC1=CC(=C(C2=C1C(=O)OC3=C(O2)C(=C(C(=C3C)O)O)C)C)O
Pentalenolactone,C[C@H]1[C@H]2C=C([C@H]3[C@]2(C=C1C)[C@@]4(CO4)C(=O)OC3)C(=O)O
Aspergillide C,C[C@H]1CCC/C=C/[C@H]2C=C[C@@H]([C@@H](O2)CC(=O)O1)O
(+)-germacrene D,C/C/1=C\\CCC(=C)/C=C/[C@H](CC1)C(C)C
Colletoic acid,CC1=CC[C@]2(C[C@@H]1O)[C@@H](CC[C@@H]2C(=O)O)C(C)C
Mitorubrin,C/C=C/C1=CC2=CC(=O)C(C(=O)C2=CO1)(C)OC(=O)C3=C(C=C(C=C3C)O)O
Tricladic acid C,C=C(/C(=C\\CCCCCCCO)/C(=O)O)C(=O)O
Blennolide B,C[C@H]1CC(=O)C2=C(C3=C(C=CC=C3O[C@]2([C@@H]1O)C(=O)OC)O)O
18-oxotryprostatin A,CC(=CC(=O)C1=C(C2=C(N1)C=C(C=C2)OC)C[C@H]3C(=O)N4CCC[C@H]4C(=O)N3)C
14-norpseurotin A,C/C=C\\[C@@H]([C@@H](C1=C(C(=O)[C@@]2(O1)[C@H]([C@@](NC2=O)(C(=O)C3=CC=CC=C3)OC)O)C)O)O
6-methoxyspirotryprostatin B,CC(=C[C@H]1[C@]2(C=C3N1C(=O)[C@@H]4CCCN4C3=O)C5=C(C=C(C=C5)OC)NC2=O)C
Cladoniamide G,CNC(=O)[C@@]1(C2=C(C3=C(C4=C(N3C1=O)C=CC(=C4)Cl)OC)NC5=C2C=C(C=C5)Cl)O
Chaetoxanthone C,C[C@@H]1CCC[C@@H](O1)C2=C(C(=C3C(=C2O)C(=O)C4=C(O3)C=CC=C4OC)Cl)O
"(E)-8-(4-hydroxy-6-methoxy-7-methyl-3-oxo-1H-2-benzofuran-5-yl)-2,6-dimethyloct-6-enoic acid",CC1=C2COC(=O)C2=C(C(=C1OC)C/C=C(\\C)/CCCC(C)C(=O)O)O
(5S)-albaflavenol,C[C@H]1C[C@@H](C2=C(C([C@H]3CC[C@@]12C3)(C)C)C)O
(5R)-albaflavenol,C[C@H]1C[C@H](C2=C(C([C@H]3CC[C@@]12C3)(C)C)C)O
Albaflavenone,C[C@H]1CC(=O)C2=C(C([C@H]3CC[C@@]12C3)(C)C)C
"(3R,4S,1'R)-3-(1'-hydroxyethyl)-4-methyldihydrofuran-2(3H)-one",C[C@@H]1COC(=O)[C@H]1[C@@H](C)O
Fuzanin D,CC1=C(N=CC=C1)/C=C/C=C/[C@@H]([C@@H](C)O)O
3-hydroxymethyl-4-methyl-furan-2(5H)-one,CC1=C(C(=O)OC1)CO
"(3S,10aS)-3-(hydroxymethyl)-2-methyl-7-nitro-2,3-dihydro-10H-3,10a-epidithiopyrazino[1,2-a]indole-1,4-dione",CN1C(=O)[C@@]23CC4=C(N2C(=O)[C@@]1(SS3)CO)C=C(C=C4)[N+](=O)[O-]
Chloromonilinic acid D,CC1=CC(=C2C(=C1)OC(=C(C2=O)CC(=O)OC)/C(=C/C(=O)O)/Cl)O
"(3R,4S)-4,6,8-Trihydroxy-7-methoxy-3-methyl-3,4-dihydro-1H-isochromen-1-one",C[C@@H]1[C@H](C2=CC(=C(C(=C2C(=O)O1)O)OC)O)O
(+)-(7S)-sydonic acid,CC(C)CCC[C@@](C)(C1=C(C=C(C=C1)C(=O)O)O)O
"1-(3-Ethyl-2,4-dihydroxy-6-methoxyphenyl)butan-1-one",CCCC(=O)C1=C(C=C(C(=C1O)CC)O)OC
Gliocladic acid,CC(C)[C@H]1CCC(=C[C@@H]1/C=C(\\CO)/C(=O)O)CO
Ralfuranone L,C1C(=C(C(=O)O1)CC2=CC=CC=C2)C3=CC=CC=C3
Aspergamid B,CC1(C=CC2=C(O1)C=CC3=C2N=C4[C@]3(C[C@]56[C@H](C4(C)C)C[C@@]7(CCCN7C5=O)C(=O)N6)O)C
Coprinol,CC1=C2CC(CC2=C(C(=C1CCO)C)O)(C)C
Pleosporone,CC1=CC2=C(C(=C1)O)C(=O)C3=C(C2=O)C[C@@H]([C@@H]([C@@H]3O)O)O
"8-C-Methyl-6-hydroxykaempferol 3,6,7-trimethyl ether",CC1=C2C(=C(C(=C1OC)OC)O)C(=O)C(=C(O2)C3=CC=C(C=C3)O)OC
"5-Hydroxy-2-(4-hydroxyphenyl)-3,7,8-trimethoxy-6-methyl-4H-1-benzopyran-4-one",CC1=C(C2=C(C(=C1OC)OC)OC(=C(C2=O)OC)C3=CC=C(C=C3)O)O
Preechinulin,C[C@H]1C(=O)N[C@H](C(=O)N1)CC2=C(NC3=CC=CC=C32)C(C)(C)C=C
Chaetoxanthone A,C[C@]12C[C@@H](C[C@H](O1)C3=C(O2)C=C4C(=C3O)C(=O)C5=C(O4)C=CC=C5OC)O
Terphenolide,COC1=C(C(=C(C(=C1)C2=CC=C(C=C2)O)OC)O)C3=CC(=O)OC3CC(=O)O
AK-toxin I,CC(C1=CC=CC=C1)C(C(=O)OC(/C=C/C=C\\C=C\\C(=O)O)C2(CO2)C)NC(=O)C
Circumdatin H,COC1=CC2=C(C=C1)N=C3[C@@H]4CCCN4C(=O)C5=CC=CC=C5N3C2=O
Daedalin A,C[C@@]1(C=CC2=C(O1)C=CC(=C2)O)CO
Actinopolymorphol A,CC(C)CC(=O)[C@H](CC1=CC=C(C=C1)O)OC(=O)C
"(5R,6R)-6-amino-5-hydroxycyclohexa-1,3-diene-1-carboxylic acid",C1=C[C@H]([C@@H](C(=C1)C(=O)O)N)O
Grixazone B,CC(=O)N[C@@H](CSC1=C(C(=O)C=C2C1=NC3=C(O2)C=CC(=C3)C(=O)O)N)C(=O)O
Roseoflavine,CC1=CC2=C(C=C1N(C)C)N(C3=NC(=O)NC(=O)C3=N2)C[C@@H]([C@@H]([C@@H](CO)O)O)O
Fischambiguine B,C[C@@]1([C@@H](C[C@H]2[C@@]3([C@@]1([C@@]4(CO4)C(C5=C3C6=C(C2(C)C)C=CC=C6N5)(C)C)[N+]#[C-])O)Cl)C=C
Comazaphilone D,C/C=C/C1=CC2=C(CO1)C(=O)[C@]([C@@H](C2)OC(=O)C3=C(C=C(C=C3C)O)O)(C)O
Geopyxin A,C[C@]1(CC[C@@H]([C@@]2([C@@H]1C[C@@H]([C@]34[C@H]2CC[C@H](C3)C(=C)C4=O)O)C)O)C(=O)O
Sphaeropsidin A,C[C@@]1(CC[C@]2(C(=C1)C(=O)[C@@]3([C@@H]4[C@@]2(CCCC4(C)C)C(=O)O3)O)O)C=C
N-methylwelwitindolinone D isonitrile,C[C@]1(C(=O)[C@H]2[C@H]3C(=O)[C@@]1(C4=C5C(=CC=C4)N(C(=O)[C@@]5(C3(C)C)O2)C)[N+]#[C-])C=C
2-methylthio-N(6)-(cis-4-hydroxy-Delta(2)-isopentenyl)adenosine,C/C(=C/CNC1=C2C(=NC(=N1)SC)N(C=N2)[C@H]3[C@@H]([C@@H]([C@H](O3)CO)O)O)/CO
Aspulvinone E,C1=CC(=CC=C1/C=C\\2/C(=C(C(=O)O2)C3=CC=C(C=C3)O)O)O
Erythorbic acid,C([C@H]([C@@H]1C(=C(C(=O)O1)O)O)O)O
Bisnoryangonin,C1=CC(=CC=C1/C=C/C2=CC(=CC(=O)O2)O)O
Ravenic acid,C/C=C/C=C/C=C(\\C)/C=C/C(=C/1\\C(=O)CNC1=O)/O
"(2R)-3-{(2R)-4-[{(1S,2R,4aS,6R,8S,8aR)-2-[(2E)-but-2-en-2-yl]-6,8-dimethyl-1,2,4a,5,6,7,8,8a-octahydronaphthalen-1-yl}(hydroxy)methylidene]-3,5-dioxopyrrolidin-2-yl}-2-hydroxy-2-methylpropanoic acid",C/C=C(\\C)/[C@@H]1C=C[C@@H]2C[C@@H](C[C@@H]([C@H]2[C@@H]1/C(=C/3\\C(=O)[C@H](NC3=O)C[C@](C)(C(=O)O)O)/O)C)C
"4-Hydroxy-6-{[(3-methylbutanoyl)oxy](phenyl)methyl}-2-oxo-1,2-dihydropyridine-3-carboxylic acid",CC(C)CC(=O)OC(C1=CC=CC=C1)C2=CC(=C(C(=O)N2)C(=O)O)O
Hispidin,C1=CC(=C(C=C1/C=C/C2=CC(=CC(=O)O2)O)O)O
4-Hydroxy-1-methyl-2-quinolone,CN1C2=CC=CC=C2C(=CC1=O)O
"(4-Hydroxy-6-oxo-1,6-dihydropyridin-2-yl)(phenyl)methyl 3-methylbutanoate",CC(C)CC(=O)OC(C1=CC=CC=C1)C2=CC(=CC(=O)N2)O
"(3S,4R)-8-hydroxy-3,4,5-trimethyl-6-oxo-4,6-dihydro-3H-isochromene-7-carboxylic acid",C[C@H]1[C@@H](OC=C2C1=C(C(=C(C2=O)C(=O)O)O)C)C
Ilicicolin H,C/C=C/[C@@H]1[C@H]2C[C@H](CC[C@@H]2C(=C[C@H]1C(=O)C3=C(C(=CNC3=O)C4=CC=C(C=C4)O)O)C)C
Aspyridone A,CC[C@H](C)C[C@H](C)C(=O)C1=C(C(=CNC1=O)C2=CC=C(C=C2)O)O
Aspyridone B,CC[C@H](C)C[C@H](C)C(=O)C1=C(C(=CNC1=O)C2=CC(=C(C=C2)O)O)O
Apiosporamide,C[C@H]1CC[C@H]2[C@H](C1)C=C[C@@H]([C@@H]2C(=O)C3=C(C(=CNC3=O)[C@@]4(CC[C@H]([C@@H]5[C@H]4O5)O)O)O)C
"3-Hydroxy-4-methoxy-2,3-dihydropyran-6-one",COC1=CC(=O)OCC1O
(+)-Caryolan-1-ol,C[C@]12CCC[C@](C1)([C@@H]3CC([C@H]3CC2)(C)C)O
Avermitilol,C[C@@H]1CC[C@@H]([C@@]2([C@@H]1[C@H]3[C@H](C3(C)C)CC2)C)O
"(12Z,15S,18S)-15-hydroxy-18-bromo-12,16,17-octadecatrienoic acid",C(CCCCCC(=O)O)CCCC/C=C\\C[C@@H](C=C=CBr)O
Buibuilactone,CCCCCC/C=C\\[C@H]1CCC(=O)O1
Asperfuranone,CC[C@H](C)/C=C(\\C)/C=C/C(=O)C1=C2C[C@H]([C@](C(=O)C2=CO1)(C)O)O
Austinol,C[C@H]1[C@@]2(C(=O)O[C@]3([C@@H](C4=C([C@]5(CC[C@]4([C@@]2(C3=C)C(=O)O1)C)C=CC(=O)OC5(C)C)C)O)C)O
Fumigaclavine C,C[C@H]1CN([C@@H]2CC3=C(NC4=CC=CC(=C34)[C@H]2[C@H]1OC(=O)C)C(C)(C)C=C)C
Globosuxanthone C,COC1=C(C2=C(C=C1)OC3=CC=CC(=C3C2=O)O)O
3-Acetyl-13-deoxyphomenone,C[C@H]1[C@@H](CCC2=CC(=O)[C@]3([C@@H]([C@]12C)O3)C(=C)C)OC(=O)C
alpha-Copaene,CC1=CC[C@H]2[C@H]3C1[C@]2(CC[C@H]3C(C)C)C
surugapyrrole B,C1=CN(C(=C1)C(=O)NCCC(=O)O)O
surugapyrrole A,CC1=CN(C(=C1)C(=O)NCCC(=O)O)O
"(2R*,3R*)-3-{[(2S)-1-({4-[(3-aminopropyl)amino]butyl}amino)-1-oxo-3-phenylpropan-2-yl]carbamoyl}oxirane-2-carboxylic acid",C1=CC=C(C=C1)C[C@@H](C(=O)NCCCCNCCCN)NC(=O)C2C(O2)C(=O)O
"(2R*,3R*)-3-{[(2S)-1-({3-[(4-aminobutyl)amino]propyl}amino)-1-oxo-3-phenylpropan-2-yl]carbamoyl}oxirane-2-carboxylic acid",C1=CC=C(C=C1)C[C@@H](C(=O)NCCCNCCCCN)NC(=O)C2C(O2)C(=O)O
"7-Hydroxy-5-hydroxymethyl-2h-benzo[1,4]thiazin-3-one",C1C(=O)NC2=C(C=C(C=C2S1)O)CO
"2,5-Dihydroxy-3-methanesulfinylbenzyl alcohol",CS(=O)C1=CC(=CC(=C1O)CO)O
6-desmethyl-N-methylfluvirucin A1,CC[C@H]1CCCCCC[C@@H]([C@H](C(=O)NCCC1)C)O[C@H]2[C@@H]([C@@H]([C@@H]([C@@H](O2)C)O)NC)O
N-methylfluvirucin A1,CC[C@H]1CCC[C@H](CC[C@@H]([C@H](C(=O)NCCC1)C)O[C@H]2[C@@H]([C@@H]([C@@H]([C@@H](O2)C)O)NC)O)C
Lyngbioic acid,CCCCCCC[C@@H]1C[C@H]1CCC(=O)O
6-hydroxytryprostatin B,CC(=CCC1=C(C2=C(N1)C=C(C=C2)O)C[C@H]3C(=O)N4CCC[C@H]4C(=O)N3)C
(2S)-versicolorone,CC(=O)CC[C@H](CO)C1=C(C=C2C(=C1O)C(=O)C3=C(C2=O)C=C(C=C3O)O)O
grixazone A,CC(=O)N[C@@H](CSC1=C(C(=O)C=C2C1=NC3=C(O2)C=CC(=C3)C=O)N)C(=O)O
santacruzamate A,CCOC(=O)NCCCC(=O)NCCC1=CC=CC=C1
"2-(2,6-Dihydroxy-4-methylbenzoyl)-3-hydroxybenzoic acid",CC1=CC(=C(C(=C1)O)C(=O)C2=C(C=CC=C2O)C(=O)O)O
Trichoderonic acid A,CC(C)[C@H]1CC[C@]([C@@H]2[C@@H]1C=C(COC2=O)C(=O)O)(COC)O
Beijinchrome D,CC(=O)C1=C(C=C2C=CC=C3C2=C1CC(O3)(C)O)O
Ncgc00380775-01_C13H15N3O5_,CC(C(=O)NC1=CC=CC=C1C(=O)N)NC(=O)CC(=O)O
Zinnimide,CC1=C(C=C2C(=C1OC)C(=O)NC2=O)OCC=C(C)C
Cycloarthropsone,C/C=C/C1=C2C(=C(C=C1)O)OC(C2=O)(C)O
SureCN160508,C[C@H](C1[C@H]2CC(=C(N2C1=O)C(=O)O)SCCN)O
Mumiamicin,CCCCCCCC1=CC(=C(O1)/C=C/C(=O)O)C
Isofuranonaphthoquinone B,CC1=C2C(=CO1)C(=O)C3=CC(=C(C(=C3C2=O)O)OC)O
17-Hydroxy-8-desmethyl-isomigrastatin,C[C@H]1[C@@H]([C@H](/C=C/CC/C=C/C(=O)O[C@H]1/C(=C/[C@H](C)C(=O)CCCC2CC(=O)NC(=O)C2)/C)O)O
8-Desmethoxy-isomigrastatin,C[C@H]1[C@@H](C/C=C/CC/C=C/C(=O)O[C@H]1/C(=C/[C@H](C)C(=O)CCCC2CC(=O)NC(=O)C2)/C)O
Guanine,C1=NC2=C(N1)C(=O)NC(=N2)N
Thiolactomycin,CC1=C([C@@](SC1=O)(C)/C=C(\\C)/C=C)O
Agrochelin,CCCCCC1=C(C(=CC=C1)O)C2=N[C@H](CS2)[C@H]3N([C@@H](CS3)[C@H](C(C)(C)C(=O)O)O)C
"N'-[(1E)-2-methoxy-4-oxocyclohexa-2,5-dien-1-ylidene]-2-phenylacetohydrazide",COC1=C(C=CC(=C1)O)N=NC(=O)CC2=CC=CC=C2
Nataxazole,CC1=C(C(=CC=C1)O)C2=NC3=C(C=CC=C3O2)C4=NC5=C(C=CC=C5O4)C(=O)OC
Oosporein,CC1=C(C(=O)C(=C(C1=O)O)C2=C(C(=O)C(=C(C2=O)O)C)O)O
Resistomycin,CC1=CC(=O)C2=C(C3=C4C5=C2C1=C(C=C5C(C(=C4C(=O)C=C3O)O)(C)C)O)O
Pyrisulfoxin A,COC1=CC(=NC(=C1S(=O)C)/C=N/O)C2=CC=CC=N2
"2-Amino-4-oxo-4,7-dihydro-3H-pyrrolo[2,3-D]pyrimidine-5-carbonitrile",C1=C(C2=C(N1)N=C(NC2=O)N)C#N
Formycin b,C1=NC2=C(NN=C2C(=O)N1)[C@H]3[C@@H]([C@@H]([C@H](O3)CO)O)O
3-(1-Iminoethyl)-4-hydroxy-6-methyl-2H-pyran-2-one,CC1=CC(=C(C(=O)O1)C(=N)C)O
Futalosine,C1=CC(=CC(=C1)C(=O)O)C(=O)CC[C@@H]2[C@H]([C@H]([C@@H](O2)N3C=NC4=C3N=CNC4=O)O)O
Collismycin B,COC1=CC(=NC(=C1SC)/C=N\\O)C2=CC=CC=N2
Kinamycin B,CC(=O)O[C@]1([C@@H]([C@H](C2=C([C@H]1O)C(=[N+]=[N-])C3=C2C(=O)C4=C(C3=O)C(=CC=C4)O)O)O)C
Chrysogine,C[C@@H](C1=NC2=CC=CC=C2C(=O)N1)O
Ncgc00180355-02_C21H13N3O3_,C1=CC=C2C(=C1)C3=NC4=CC=CC=C4C(=O)N3C5=C(C=CC=C5O)C(=O)N2
"7,8-dihydro-D-neopterin 2',3'-cyclic phosphate",C1[C@@H](OP(=O)(O1)O)[C@H](C2=NC3=C(NC2)N=C(NC3=O)N)O
Marineosin A,C[C@H]1C[C@@H]2CCCCCCCC3=CC=C([C@H]2[C@@]4(O1)[C@@H](CC(=N4)C5=CC=CN5)OC)N3
Marineosin B,C[C@H]1C[C@@H]2CCCCCCCC3=CC=C([C@H]2[C@]4(O1)[C@H](CC(=N4)C5=CC=CN5)OC)N3
Dipyrimicin B,COC1=CC(=NC(=C1O)C2=CC=CC=N2)C(=O)N
Isofuranonaphthoquinone A,CC1=C2C(=CO1)C(=O)C3=CC(=C(C(=C3C2=O)O)O)O
Isofuranonaphthoquinone C,CC1=C2C(=CO1)C(=O)C3=CC(=C(C(=C3C2=O)O)O)OC
