SMILES, Activity
CC1=CC=C(C=C1)C2=NN(C3=NC=NC(=C23)N)C(C)(C)C,1
CN1C2=CC=CC=C2C3=C4C(=C5C6=CC=CC=C6N(C5=C31)CCC#N)CNC4=O,1
C1=CC=NC(=C1)NS(=O)(=O)C2=CC=C(C=C2)N=CC3=C(NC4=C3C5=C(C=C4)N=CS5)O,1
C1=CC2=C(C=CN=C2)C(=C1)S(=O)(=O)NCCNCC=CC3=CC=C(C=C3)Br,1
C[C@@]12[C@@H]([C@@H](C[C@@H](O1)N3C4=CC=CC=C4C5=C6C(=C7C8=CC=CC=C8N2C7=C53)CNC6=O)NC)OC,1
C[C@@]12[C@](C[C@@H](O1)N3C4=CC=CC=C4C5=C6C(=C7C8=CC=CC=C8N2C7=C53)CNC6=O)(CO)O,1
C1=CC=C2C(=C1)C(=NN=C2NC3=CC=C(C=C3)Cl)CC4=CC=NC=C4,1
CC1=C(NC(=C1CCC(=O)O)C)C=C2C3=CC=CC=C3NC2=O,1
CS(=O)(=O)CCNCC1=CC=C(O1)C2=CC3=C(C=C2)N=CN=C3NC4=CC(=C(C=C4)OCC5=CC(=CC=C5)F)Cl,1
CNC(=O)C1=NC=CC(=C1)OC2=CC=C(C=C2)NC(=O)NC3=CC(=C(C=C3)Cl)C(F)(F)F,1
C1=C(C(=CC2=NNN=C21)Cl)Cl,1
C[C@]12[C@H]([C@H](C[C@H](O1)N3C4=CC=CC=C4C5=C6C(=C7C8=CC=CC=C8N2C7=C53)CNC6=O)NC)OC,1
C1C2C(C2N)CN1C3=C(C=C4C(=O)C(=CN(C4=N3)C5=C(C=C(C=C5)F)F)C(=O)O)F,1
C1=CC=C2C(=C1)C=CC(=C2SSC3=C(C=CC4=CC=CC=C43)O)O,1
C1=CC=C(C=C1)C2=NNC3=C2C=C(C=C3)Br,1
C1COCCN1C2=NC(=NC(=C2)NN)OCCC3=CC=CC=N3,1
COC1=CC=CC(=C1)NC2=NC=NC3=CC=CC=C32,1
C1=CC=C(C=C1)C2=C(N=NN2C3=NON=C3N)C(=O)NN=CC4=CC=NC=C4,1
C1=CC2=NC(=O)C(=C2C=C1Br)C3=C(NC(=S)S3)O,1
C1=CC(=CC=C1C(=O)NC2=CC3=C(C=C2)C=NN3)Cl,1
C1=CC=C(C=C1)C(C2=CC=CC=C2)(C(=O)NNC(=S)NC3=CC=C(C=C3)F)O,1
CC1=C(C=CC(=C1)Cl)NC(=S)NNC(=O)C(C2=CC=CC=C2)(C3=CC=CC=C3)O,1
COC1=C(C=C(C(=C1)C=C(C#N)C2=NC3=CC=CC=C3N2)Br)O,1
CC1=CC2=C(C=C1C)N(C(=N2)NCCCO)CC(=O)C3=CC(=C(C(=C3)C(C)(C)C)O)C(C)(C)C.Br,1
CC1=CC2=C(C=C1)N=C(N2)C(=CC3=CC(=C(C=C3Br)O)OC)C#N,1
CC1=C(C2=NC3=CC=CC=C3N2C(=O)C1=CC4=C(NN(C4=O)C5=CC=C(C=C5)C(=O)O)C)C#N,1
COC1=CC=C(C=C1)C2CC(=NN2C3=CC=C(C=C3)S(=O)(=O)N)C4=CC=CC=C4,1
COC1=CC=CC(=C1)NC2=NC3=CC=CC=C3C(=N2)NCC4CCCO4,1
CCCCCCCCCCCCOC1=C(C=C(C=C1)N=C(N)N)N=C(N)N,1
CCCCCC(=O)C1=C(C(=C(C=C1O)OC)Cl)O,1
C1=CC=C(C=C1)C2=C(C(=O)N(N2)C3=CC=CC=C3)N=NC4=CC=CC5=C4C(=O)NNC5=O,1
CC1=C2C(C3=C(CC(CC3=O)(C)C)NC2=NN1)C4=CC=CC=C4F,1
C1=CC(=C(C=C1Cl)C(=O)NC2=CC(=CC(=C2)C(F)(F)F)C(F)(F)F)O,1
CC1=C(C2=NC3=CC=CC=C3N2C(=O)C1=CC4=C(NN(C4=O)C5=CC(=C(C=C5)Cl)Cl)C)C#N,1
CN1CCN(CC1)CCCOC2=C(C=C3C(=C2)N=CC(=C3NC4=CC(=C(C=C4Cl)Cl)OC)C#N)OC,1
CC1=CC(=CC=C1)NC(=O)NC2=C(C=C(C=C2)C3=C4CNC(=O)C4=CC=C3)C,1
CC1=CC(=NN1)NC2=CC(=NC(=N2)SC3=CC=C(C=C3)NC(=O)C4CC4)N5CCN(CC5)C,1
CCOC1=C(C=C2C(=C1)N=CC(=C2NC3=CC(=C(C=C3)F)Cl)C#N)NC(=O)/C=C/CN(C)C,1
C1=CC(=CC(=C1)F)C(=O)NC2=CC3=C(C=C2)NN=C3,1
CC1=CC(=CC=C1)NC(=O)NC2=CC=C(C=C2)C3=CSC4=NC=NC(=C34)N,1
CC1=CC(=CC(=C1)NC(=O)NC2=CC=C(C=C2)C3=C(SC4=NC=NC(=C34)N)C)C,1
CC1=CC(=CC=C1)NC(=O)NC2=CC3=C(C=C2)C4=C(CC3)SC5=NC=NC(=C45)N,1
CC(=O)N1CCN(CC1)C2CCC(CC2)N3C4=NC=NC(=C4C(=N3)C5=CC(=C(C=C5)NC(=O)C6=CC7=CC=CC=C7N6C)OC)N,1
C1CCN(C1)CC2CC(C2)N3C=C(C4=C(N=CN=C43)N)C5=CC(=CC=C5)OCC6=CC=CC=C6,1
C[C@@]12[C@@H]([C@@H](C[C@@H](O1)N3C4=CC=CC=C4C5=C6C(=C7C8=CC=CC=C8N2C7=C53)CNC6=O)N(C)C(=O)C9=CC=CC=C9)OC,1
COC1=CC(=CC(=C1OC)OC)NC2=NC=C(C(=N2)NC3=CC=CC=C3C(=O)N)[N+](=O)[O-],1
C1CCC(CC1)(C(=O)N[C@@H](CC(=O)N)C(=O)NCCCC2=CC=CC3=CC=CC=C32)NC(=O)[C@H](CC4=CC=C(C=C4)C(C(=O)O)C(=O)O)NC(=O)C(=O)O,1
C1=CC(=CC=C1OC2=CN=CC3=C2C=C(S3)C(=O)N)Br,1
CCOC1=C(C=C2C(=C1)N=CC(=C2NC3=CC(=C(C=C3)OCC4=CC=CC=N4)Cl)C#N)NC(=O)/C=C/CN(C)C,1
CC1=CC=C(C=C1)NC(=O)NC2=CC=C(C=C2)C3=COC4=NC=NC(=C34)N,1
CC1=C(C2=C(N=CN=C2N1C3CCC(CC3)N4CCCC4)N)C5=CC(=CC=C5)OCC6=CC=CC=C6,1
CC(=O)NCCNC(=O)C1=CC2=C(C=C1)NC3=C(C=CC(=C3)C4=CC(=C(C=C4)O)OC)C(=O)N2,1
C1CCN(CC1)C(=O)N2CCN3C=C(C4=CC(=CC(=C43)C2)F)C5=C(C(=O)NC5=O)C6=CN=C7N6C=CC=C7,1
CC1=CC(=CC=C1)NC(=O)NC2=CC=C(C=C2)C3=NOC4=NC=NC(=C34)N,1
COC1=C(C=C(C=C1)C2=CC3=NC=CN3C(=N2)NC4=CC=CC=C4C(=O)N)OC,1
COC1=C(C=C(C=C1)C2=CC3=NC=CN3C(=N2)NC4=C(C=CC=N4)C(=O)N)OC,1
COC1=C(C=CC(=C1)C2=CC3=C(C=C2)C(=O)NC4=C(N3)C=CC(=C4)[N+](=O)[O-])O,1
C1=CC=C2C(=C1)NC3=C(C=CN=N3)C(=O)N2,1
CC1=C(NC(=C1C(=O)N2CCC[C@@H]2CN3CCCC3)C)/C=C\\4/C5=C(C=CC(=C5)S(=O)(=O)CC6=C(C=CC=C6Cl)Cl)NC4=O,1
C1=CC(=CC=C1C2=CSC3=C2C(=NC=C3C4=CC=NC=C4)N)NC(=O)NC5=C(C=CC(=C5)C(F)(F)F)F,1
CC1=CC(=CC=C1)NC(=O)CC2=CC=C(C=C2)C3=C4C(=CC=C3)NN=C4N,1
CC1=[N+](C2=C(N1CCOC)C(=O)C3=CC=CC=C3C2=O)CC4=NC=CN=C4.[Br-],1
C1=CC=C(C=C1)CNC(=O)C2=CC=C(C=C2)C3=CC=NC=C3,1
CC1(C(=O)NC2=C(O1)C=CC(=N2)NC3=NC(=NC=C3F)NC4=CC(=C(C(=C4)OC)OC)OC)C,1
C1C2=C(C=CC=C2C(=O)N1)C3=CC=C(C=C3)NC4=NC5=CC=CC=C5N4,1
C1CN2C=C(C3=CC=CC(=C32)CN1C(=O)N4CCOCC4)C5=C(C(=O)NC5=O)C6=CN=C7N6C=CC=C7,1
C1=CC(=CC(=C1)NC(=O)NC2=CC=C(C=C2)C3=CC4=C(C=C3)C(=NN4)N)C(F)(F)F,1
C1CCOC2=CC(=C(C=C2NC(=O)NC3=CN=C(C(=N3)OCC1)C#N)Cl)OCCCO,1
CC1=CC(=CC=C1)NC(=O)NC2=CC=C(C=C2)C3=C4C(=CC=C3)NN=C4N,1
CC1=C2C=C(C=CC2=NN1)C3=CC(=CN=C3)OC[C@H](CC4=CC=CC=C4)N,1
CC1=CC(=CC(=C1)NC(=O)NC2=CC=C(C=C2)C3=C4C(=CC=C3)SN=C4N)C,1
CC(C)(CNC1=NC=CC(=N1)C2=C(N=C3N2C=CO3)C4=CC=C(C=C4)F)CN(C)C,1
C1CCOC2=C(C=C(C(=C2)CCCO)Cl)NC(=O)NC3=CN=C(C(=N3)OCC1)C#N,1
C1CNCCC1NC2=NC=CC(=N2)C3=C(N=C4N3C=CO4)C5=CC=C(C=C5)F,1
C1CN(CCN1)C(=O)C2=CC=C(C=C2)/C=C/C3=NNC4=CC=CC=C43,1
C1CCOC2=CC(=C(C=C2NC(=O)NC3=CN=C(C(=N3)OCC1)C#N)Cl)OCCO,1
C1CCN(C1)CC2CC(C2)C3=NC(=C4N3C=CN=C4N)C5=CC(=CC=C5)OCC6=CC=CC=C6,1
CC1=CC(=CC=C1)NC(=O)NC2=CC=C(C=C2)C3=CSC4=C3C(=NC=C4C#CC5=CN=CC=C5)N,1
CC1=C(C=CC(=C1)NC(=O)NC2=CC=C(C=C2)C3=C4C(=C(C=C3)OC)ON=C4N)F,1
CC1=CC(=C(C=C1)F)NC(=O)NC2=CC=C(C=C2)C3=C4C(=CC=C3)NN=C4N,1
CC1=CNC2=NC=CC(=C12)OC3=C(C=C(C=C3F)NC4=CC(=NC(=N4)N)Cl)F,1
CCOC1=C(C(=CC(=N1)NC(=O)CC2=CC(=C(C=C2OC)S(=O)(=O)C)OC)N)Cl,1
CC(C1=C(C=CC(=C1Cl)F)Cl)OC2=C(N=CC(=C2)C3=CN(N=C3)C4CCNCC4)N,1
CC1=CC(=C(C=C1)F)NC(=O)NC2=CC=C(C=C2)C3=CN=CC4=C3C(=NN4C)N,1
C1C2=CN=C(N=C2C3=C(C=C(C=C3)Cl)C(=N1)C4=C(C=CC=C4F)F)NC5=CC=C(C=C5)C(=O)O,1
CN(C1=C(C=CC=N1)CNC2=NC(=NC=C2C(F)(F)F)NC3=CC4=C(C=C3)NC(=O)C4)S(=O)(=O)C,1
COC1=C2C(=C(C=C1)C3=CC=C(C=C3)NC(=O)NC4=CC(=CC=C4)Br)C(=NO2)N,1
C/C=C\\1/C(=O)N[C@H](C(=O)O[C@@H]\\2CC(=O)N[C@@H](C(=O)N[C@H](CSSCC/C=C2)C(=O)N1)C(C)C)C(C)C,1
CC(C)(C)C(=O)OC1=CC2=C(C=C1)N(C(=N2)NC(=O)C3=CC(=CC=C3)[N+](=O)[O-])CCCO,1
C1CNC(=O)C2=C1NC(=C2)C3=CC(=NC=C3)C4=CC=CC=C4F,1
C1=CC=C2C(=C1)NC3=NN=C(C=C3C(=O)N2)I,1
CN(C)C1=C(C=C2C=NSC2=C1)NC(=O)C(=O)O,1
CC(C)C1=CC2=C(C=C1)N(C(=C2SC(C)(C)C)CC(C)(C)CNCCCO)CC3=CC=C(C=C3)Cl,1
COC1=C(C=C2C(=C1)C=NC3=C2C(=O)NC3=O)OC,1
C1CC1C2=CC(=NN2)NC3=NC(=NC4=C3SC=C4)N5C[C@@H]6[C@H](C5)C6N,1
CC1=NC=CN2C1=NC(=C2C3=NC(=NC=C3)NCC(C)(C)CO)C4=CC=C(C=C4)F,1
CC(C)S(=O)(=O)C1=CC=CC=C1NC2=NC(=NC=C2Cl)NC3=C(C=C(C=C3)N4CCC(CC4)N5CCN(CC5)C)OC,1
CC1=CC(=C(C=C1)F)NC(=O)NC2=CC=C(C=C2)C3=NSC4=NC=NC(=C34)N,1
CC1=NC=CN2C1=NC(=C2C3=NC(=NC=C3)NCC(C)(C)CO)C4=C(C=C(C=C4)F)F,1
CC1=NC=CN2C1=NC(=C2C3=NC(=NC=C3)NCC(C)(C)O)C4=C(C=C(C=C4)F)F,1
CC1=CC(=CC=C1)NC(=O)NC2=CC=C(C=C2)C3=C4C=NNC4=CC=C3,1
CN1CCN(CC1)CC2=CC3=C(C=C2)C4=C(C3=O)C(=NN4)C5=CSC(=C5)C#CCOCCOC,1
CC1=CN=C(N=C1NC2=CC(=CC=C2)S(=O)(=O)NC(C)(C)C)NC3=CC=C(C=C3)OCCN4CCCC4,1
CCN1C2=C(C(=NC=C2OC[C@H]3CCCNC3)C#CC(C)(C)O)N=C1C4=NON=C4N,1
C1=CC(=CC=C1C(=O)NC2=CC3=C(C=C2)NN=C3)Cl,1
CC1=CC(=CC=C1)NC(=O)NC2=CC=C(C=C2)C3=CSC4=C3C(=NC=C4C5=CNN=C5)N,1
CC1=CC(=CC=C1)NC(=O)NC2=CC=C(C=C2)C3=CSC4=C3C(=NC=C4C#CCN(C)C)N,1
C1=CC(=CC(=C1)F)NC(=O)NC2=CC=C(C=C2)C3=CSC4=C3C(=NC=C4C5=COC=C5)N,1
CC1=CC(=CC=C1)NC(=O)NC2=CC=C(C=C2)C3=CSC4=C3C(=NC=C4C#CCN5CCCC5)N,1
C1=CC(=CC(=C1)Br)NC(=O)NC2=CC=C(C=C2)C3=CSC4=C3C(=NC=C4)N,1
C1=CC(=CC(=C1)F)NC(=O)NC2=CC=C(C=C2)C3=CSC4=C3C(=NC=C4)N,1
CC1=CC(=CC=C1)NC(=O)NC2=CC=C(C=C2)C3=CSC4=C3C(=NC=C4)N,1
C1=CC(=CC=C1C2=CN=CC3=C2C=C(S3)C(=O)N)F,1
COC1=CC=C(C=C1)C2=CN3C(=C(C=N3)Br)N=C2,1
C1=CC(=CC=C1C2=C(N3C=CSC3=N2)C4=CC=NC=C4)F,1
CC(=O)C1=CC=CC(=C1)C2=CC3=CC=CC=C3N=C2,1
CC1=C2C=C(C=CC2=NN1)C3=CC(=CN=C3)OCC(CC4=CC(=CC=C4)Cl)N,1
COC1=CC(=CC(=C1OC)OC)NC2=NC=CC(=N2)NC3=CC(=NO3)C4CCCCC4,1
CC1=CC(=CC(=C1)NC(=O)NC2=CC(=C(C=C2)C3=C4CNC(=O)C4=CC=C3)C)C,1
CC1CCN(CC1)C2=NC3=CC=CC=C3C(=N2)NC4=NNC(=C4)C5CC5,1
CC(C(C)(C)C)NC1=C(C(=O)C1=O)N(C2=CC=NC=C2)C(=O)C,1
COC1=C(C=CC(=C1)NC2=NC=NC3=C2C=C(C=C3)C4=CC=C(C=C4)CN5CC6C(C5)C6CO)OC7=CC=CC=C7,1
C1=CC=C2C(=C1)C(=CN2)CC(COC3=CN=CC(=C3)C4=CC5=C(C=C4)NC(=O)O5)N,1
CN(C)CC(=O)NC(CC1=CNC2=CC=CC=C21)COC3=CN=CC(=C3)C4=CC5=C(C=C4)C=NC=C5,1
C1CCN(C1)CCNC2=CC=CC(=N2)C3=NC4=C(C=CC=C4N3)C(=O)N,1
CCC1=NC2=C(C3=CC(=C(C=C31)OC)OC)C(=O)NC2=O,1
C1COCCN1CCCCOC2=CC3=C(CC4=C3NN=C4C5=CN=C(C=C5)C#N)C=C2,1
CCCS(=O)(=O)NC1=C(C(=C(C=C1)F)C(=O)C2=CNC3=C2C=C(C=N3)Cl)F,1
C[C@]12[C@H]([C@H](C[C@H](O1)N3C4=CC=CC=C4C5=C6C(=C7C8=CC=CC=C8N2C7=C53)CNC6=O)N(C)C(=O)C9=CC=CC=C9)OC,1
CCC1=C(NC2=NC=CN=C12)C3=CC=C(C=C3)C(C)(C)O,1
C1CCN(CC1)CCOC2=CC=C(C=C2)C3=CN4C(=C(C=N4)C5=CSC(=C5)C(=O)NCC(F)(F)F)N=C3,1
COC1=C(C(=CC=C1)F)C2=NCC3=CN=C(N=C3C4=C2C=C(C=C4)Cl)NC5=CC(=C(C=C5)C(=O)O)OC,1
CC1=C(C(=CC=C1)C2=C(C=C(N2)C3=NC(=NC=C3)N)C(=O)N)C,1
C1=CC(=C(C=C1Cl)Cl)C2=C(C=C(N2)C3=NC(=NC=C3)N)C(=O)N,1
CC1=NC=CN2C1=NC(=C2C3=NC(=NC=C3)NCCC(C)(C)O)C4=C(C=C(C=C4)F)F,1
C1CC1CN2C3=C(C=CC(=C3)C4=C(N=C5N4C=CS5)C6=CC=C(C=C6)F)N=C2N,1
CC(C)CN1C2=C(C=CC(=C2)C3=C(N=C4N3C=CS4)C5=CC=C(C=C5)F)N=C1N,1
CC1=C(C=C(C=C1)CO)N(C)C2=NC(=NC=C2)NC3=CC(=CC(=C3)S(=O)(=O)C)N4CCOCC4,1
CN1CCC(CC1)C(=O)N2C3=C(C=C(C=C3)C4=CN(N=N4)CC5=CC=CC=C5)C(=N2)N,1
CCCC(=O)NC1=NNC2=C1C=C(C=C2)C3=CN(N=N3)CC4=CC=CC=C4,1
C1CC1C2=C(N=NN2CC3=CC=CC=C3)C4=CC5=C(C=C4)NN=C5,1
C1COCCC1CN2C=C(N=N2)C3=CC4=C(C=C3)NN=C4,1
C1CCN(CC1)CC2=NOC(=C2)C3=CC4=C(C=C3)NN=C4,1
C1=CC=C(C=C1)CN2C=C(N=N2)C3=CC4=C(C=C3)NN=C4,1
CC1=CC(=C(C=C1)CN2C=C(N=N2)C3=CC4=C(C=C3)NN=C4)C,1
C1=CC2=C(C=C1C3=CN(N=N3)CC4=C(C=C(C=C4)C(F)(F)F)C(F)(F)F)C=NN2,1
CC(C)NC1=C(N=C2N1C=CC=N2)C3=CC4=C(C=C3)NN=C4,1
C1=CC=C(C=C1)CNC2=NC(=CS2)C3=CC4=C(C=C3)NN=C4,1
C1=CN2C=C(N=C2N=C1)C3=CC4=C(C=C3)NN=C4,1
CC1=C(C=C(C=C1)CNC2=C(C(=O)C2=O)NC3=CC=NC=C3)C,1
CC1=NC2=C(C(=N1)NC3=NNC4=C3CN(C4(C)C)C(=O)N[C@H](CN(C)C)C5=CC=CC=C5)SC=C2,1
C1=CC=C(C=C1)CNC2=NC3=C(S2)C=C(C=C3)C4=CC=NC=C4,1
C1=CC(=CC(=C1)F)NC(=O)NC2=CC=C(C=C2)NC(=O)C3=C4C(=NC=NN4C=C3)N,1
C1CC(=O)N(C1)CC2=CC3=C(C=C2)N4C=CC=C4C(=O)N3,1
C1=CC=C2C(=C1)C=C(S2)C3=CC(=CC4=C3NN=C4)C5=CN(C6=CN=C(N=C65)N)CCN,1
C1=CC=C2C(=C1)C=C(S2)C3=CC(=CC4=C3NN=C4)C5=CN(C6=CN=C(N=C65)N)CCCN,1
CC1=C2C=C(C=CC2=NN1)C3=C(N=CC(=C3)OC[C@H](CC4=CNC5=CC=CC=C54)N)C6=COC=C6,1
C1COCCN1C2=CC=C(C=C2)NC3=NC=CC(=N3)C4=C(N=C5N4C=CS5)C6=CC(=CC=C6)NC(=O)CC7=CC=CC=C7,1
C1COCCN1C2=CC=CC(=C2)NC3=NC=CC(=N3)C4=C(N=C5N4C=CS5)C6=CC(=CC=C6)NC(=O)CC7=CC=CC=C7,1
C1=CC=C(C=C1)CNC2=NC(=CC(=C2)C3=CNC4=C3C=CC=N4)Cl,1
C1=CC=C(C=C1)C2=CNC3=C2C=C(C=N3)NC(=O)C4=C(C(=CC=C4)F)F,1
C1=CC=C(C=C1)C2=CNC3=C2C=C(C=N3)C4=CC(=CC=C4)C(=O)N,1
C1=CC=C(C=C1)C2=CNC3=C2C=C(C=N3)NC(=O)C4=C(C=CC=C4F)F,1
C1CCC(CC1)NC2=NC(=CC(=N2)Cl)C3=CNC4=C3C=CC=N4,1
COC1=CC=CC(=C1)C(=O)NC2=CC3=C(NC=C3C4=CC=CC=C4)N=C2,1
COC1=CC=C(C=C1)C(=O)NC2=CC3=C(NC=C3C4=CC=CC=C4)N=C2,1
C1=CC=C(C=C1)C2=CNC3=C2C(=NC=N3)NCCCO,1
C1=CC=C(C=C1)C2=CNC3=C2C=C(C=N3)NC(=O)C4=CC=C(C=C4)Cl,1
C1CN(CCC1O)C2=NC=NC3=C2C(=CN3)C4=CC=CC=C4,1
C1=CC=C(C=C1)C2=CNC3=C2C=C(C=N3)Br,1
CC1=CC=C(C=C1)NC(=O)NC2=CC=C(C=C2)C3=CSC4=C3C(=NC=C4C5=CN(N=C5)C(C)C(=O)N(C)C)N,1
CC1=CC=C(C=C1)NC(=O)NC2=CC=C(C=C2)C3=CSC4=C3C(=NC=C4C5=CN(N=C5)C)N,1
CN1C=C(C=N1)C2=CN=C(C3=C2SC=C3C4=CC=C(C=C4)NC(=O)NC5=CC=C(C=C5)OC(F)F)N,1
CC1=C(C=C(C=C1)NC(=O)NC2=CC=C(C=C2)C3=CSC4=NC=NC(=C34)N)C,1
CC1=CC(=C(C=C1)F)NC(=O)NC2=CC=C(C=C2)C3=CSC4=C3C(=NC=C4C(=O)NC)N,1
CC1=CC(=CC=C1)NC(=O)NC2=CC=C(C=C2)C3=CSC4=C3C(=NC=C4C5=CN(N=C5)C)N,1
CN1C=C(C=N1)C2=CN=C(C3=C2SC=C3C4=CC=C(C=C4)NC(=O)NC5=CC(=CC=C5)F)N,1
CCCN1C=C(C=N1)C2=CN=C(C3=C2SC=C3C4=CC=C(C=C4)NC(=O)NC5=CC(=CC=C5)F)N,1
CCOC1=CC=C(C=C1)NC(=O)NC2=CC=C(C=C2)C3=CSC4=C3C(=NC=C4C5=CN(N=C5)C)N,1
CC1=CC(=CC=C1)NC(=O)NC2=CC=C(C=C2)C3=CSC4=C3C(=NC=C4C5=CN(N=C5)CC(C)O)N,1
CC1=CC(=CC(=C1)NC(=O)NC2=CC3=C(C=C2)C4=C(CC3)SC5=NC=NC(=C45)N)C,1
CC1=CC=C(C=C1)NC(=O)NC2=CC=C(C=C2)NC(=O)C3=CSC4=NC=NC(=C34)N,1
C1CC2=C(C3=C1C=C(C=C3)NC(=O)NC4=CC=CC=C4)C5=C(N=CN=C5S2)N,1
CC1=C2C(=NN1)C=CC=C2C3=CC=C(C=C3)NC(=O)NC4=CC=CC(=C4)C(F)(F)F,1
CCC1=CC(=CC=C1)NC(=O)NC2=CC3=C(C=C2)C4=C(CC3)SC5=NC=NC(=C45)N,1
CC1=CC(=CC=C1)NC(=O)NC2=CC=C(C=C2)C3=CSC4=NC(=NC(=C34)N)N,1
C1=CC=C(C=C1)C2=CC3=C(NC(=O)N3)N=C2,1
C1=CC(=C2C=NSC2=C1)C3=CC=C(C=C3)NC(=O)NC4=CC(=C(C=C4)F)C(F)(F)F,1
CC1=CC(=CC=C1)NC(=O)NC2=CC=C(C=C2)C3=CC(=CC=C3)C(=O)N,1
CC(C1=CC=CC=C1)NC2=NC=CC(=N2)C3=C(N=C4N3C=CO4)C5=CC=C(C=C5)F,1
C1CC(=O)N(C1)C2=CC=CC(=C2)NC3=NC=CC(=N3)C4=C(N=C5N4C=CS5)C6=CC(=CC=C6)NC(=O)CC7=CC=CC=C7,1
C1CC(=O)N(C1)C2=CC=CC(=C2)NC3=NC=CC(=N3)C4=C(N=C5N4C=CS5)C6=CC(=CC=C6)NC(=O)C7=C(C=CC=C7F)F,1
CCCCNC1=NS(=O)N=C1NC2=CC=C(C=C2)F,1
CC1=C2C=C(C=CC2=NN1)C3=CC(=CN=C3)OCC(CC4=CC(=CC=C4)OC(F)(F)F)N,1
C1=CC=C(C=C1)CN2C(=C(N=N2)C3=CC4=C(C=C3)NN=C4N)C5=CC=CC=C5,1
C1=CC=C(C=C1)CN2C(=C(N=N2)C3=CC4=C(C=C3)NN=C4N)I,1
C1=CC=C2C(=C1)C(=CN2)CC(COC3=CN=CC(=C3)C4=CC=C(C=C4)F)N,1
CC1=C2C=C(C=CC2=NN1)C3=CC(=CN=C3)OCCN,1
CC1=C2C=C(C=CC2=NN1)C3=CC(=CN=C3)OCC(CC4=CC(=C(C=C4)Cl)Cl)N,1
C1=CC=C2C(=C1)C(=CN2)CC(COC3=CN=CC(=C3)C4=CC(=C(C=C4)N)C(=O)C5=CC(=CC=C5)Cl)N,1
CCCC(=O)NC1=NNC2=C1C=C(C=C2)C3=C(N(N=N3)CC4=CC=CC=C4)C5=CC=CC=C5,1
C1=CC=C(C=C1)CN2C=C(N=N2)C3=CC4=C(C=C3)NN=C4NC(=O)C5=CC(=CC=C5)F,1
CC(C)N(C)C(=O)C1=C(N=NN1CC2=CC=CC=C2)C3=CC4=C(C=C3)NN=C4,1
C1CC(CN(C1)C(=O)C2=NOC(=C2)C3=CC4=C(C=C3)NN=C4)O,1
CN(C)CC(=O)NC1=NNC2=C1C=C(C=C2)C3=CN(N=N3)CC4=CC=CC=C4,1
C1CC(CN(C1)C(=O)C2=NOC(=C2)C3=CC4=C(C=C3)NN=C4)C(=O)N,1
CC(C1=CC=CC=C1)NC(=O)C2=CC=C(C=C2)C3=CC=NC=C3,1
CC(C1=CC(=CC=C1)OC)NC(=O)C2=CC=C(C=C2)C3=CC=NC=C3,1
C1=CC=C(C=C1)CC(CO)NC(=O)C2=C(C=C(C=C2)C3=CC=NC=C3)F,1
C1=CC=C(C=C1)CC(CO)NC(=O)C2=CC=C(C=C2)C3=CC=NC=C3,1
CC1=CN=C(N=C1NC2=CC=C(C=C2)OCC(=O)N)NC3=CC(=CC=C3)S(=O)(=O)N,1
C1C2=C(C=C(C=C2C(=O)N1)OCCCN)C3=CC=C(C=C3)NC4=NC5=C(O4)C=C(C=C5)Cl,1
CN(C)CCCOC1=CC(=C2CNC(=O)C2=C1)C3=CC=C(C=C3)NC4=NC5=CC=CC=C5O4,1
C1=CC2=C(C=C1NC3=C(C(=O)C3=O)NCC4=C(C=C(C=C4)Cl)Cl)C=NN2,1
C1=CC=C(C(=C1)CNC2=C(C(=O)C2=O)NC3=CC=NC=C3)F,1
CC1=CC=C(C=C1)C(=O)NC2=C(SC3=C2C(=C(C=C3)Cl)Cl)C#N,1
CC1=CC=C(C=C1)C(=O)NC2=C(SC3=C2C(=C(C=C3)Cl)Cl)C(=O)N,1
C1=CC=C2C(=C1)C(=CN2)CC(COC3=CN=CC(=C3)C=CC4=CC=NC=C4)N,1
C1CC1CNC2=NC=CC(=N2)C3=C(N=C4N3C=CN=C4)C5=CC=C(C=C5)F,1
CC(C)(CNC1=NC=CC(=N1)C2=C(N=C3N2C=CN=C3OCC(F)(F)F)C4=CC=C(C=C4)F)CO,1
CC(C)(CNC1=NC=CC(=N1)C2=C(N=C3N2C=CN=C3NC)C4=CC=C(C=C4)F)CO,1
CC1=CC2=C(C(=C1)Cl)OC(=N2)NC3=CC=C(C=C3)C4=NN(C5=NC=NC(=C45)N)C6CCC(CC6)OCCOC,1
C1=CC(=CC=C1C2=CSC3=C2C(=NC=C3C=CC(=O)NCCCN4C=CN=C4)N)Br,1
COC1=C(C=C2CC3=C(C2=C1)NN=C3C4=CN=C(C=C4)C#N)C#C,1
CNC(=O)N1CCN(CC1)CCCOC2=CC3=C(CC4=C3NN=C4C5=CN=C(C=C5)C#N)C=C2,1
CC(C)(C)C1=NN(C(=C1)NC(=O)NC2=CC=CC3=CC=CC=C32)C4=CC=CC(=C4)C(=O)NCC#N,1
C1=CC2=C(C=CN=C2C(=C1)F)NC(=O)NC3=CC=CC(=N3)C(F)(F)F,1
COC1=CC2=NC=CC(=C2C=C1)NC(=O)NC3=NC=CC(=C3)C(F)(F)F,1
C1=CC2=C(C=CN=C2C=C1C(F)(F)F)NC(=O)NC3=NC=C(C=C3)C#N,1
C1=CC(=NC(=C1)NC(=O)NC2=C3C=CC(=CC3=NC=C2)C(F)(F)F)C(F)(F)F,1
C1=CC2=C(C=CN=C2C(=C1)Cl)NC(=O)NC3=CC=CC(=N3)C(F)(F)F,1
C1=CC2=C(C=CN=C2C(=C1)C(F)(F)F)NC(=O)NC3=CC=CC(=N3)C(F)(F)F,1
CC(C1=CC(=CC=C1)OC)NC(=O)C2=CN=C(S2)C3=CC=NC=C3,1
CS(=O)(=O)N(CC1=CC2=C(C=C1)NC(=O)C3=CC=CN32)C4CC4,1
COC1=CC=CC(=C1)C2=CN3C4=CC=CC=C4NC(=O)C3=C2,1
CC1=CC(=CC=C1)NC2=NC=CC(=N2)NC3=C(C(=O)C3=O)NC(C)C(C)(C)C,1
C1=CC=C(C=C1)C2=CC=NC3=C(C=NN23)C(=O)NC4=CC=C(C=C4)CO,1
CC(C)OC1=C(C=C(C=C1)C2=NOC(=N2)C3=CC=C(C=C3)NC4CCC(C4)C(=O)O)C(F)(F)F,1
CC(C)OC1=C(C=C(C=C1)C2=NOC(=N2)C3=CC=C(C=C3)NC4CCC(C4)C(=O)O)Cl,1
C1=CC=C2C(=C1)C=C(S2)C3=CC(=CC4=C3NN=C4)C5=CN(C6=CN=C(N=C65)N)CC(=O)N,1
CC(COC1=CC(=C(N=C1)Cl)C=CC2=CC=NC=C2)N,1
C1=CC=C(C=C1)CC(COC2=CN=CC(=C2)C=CC3=CC=NC=C3)N,1
C1=CC=C2C(=C1)C=CC=C2CC(C(=O)NC3=CN=CC(=C3)C=CC4=CC=NC=C4)N,1
C1CCC(CC1)CNC(=O)C2=CC3=C(NN=C3S2)C4=CC=CC=C4,1
CN1CCC(CC1)NC(=O)C2=CC3=C(NN=C3S2)C4=CC=CC=C4,1
C1=CC=C(C=C1)C2=C3C=C(SC3=NN2)C(=O)NCC4=CC=C(C=C4)Cl,1
CN(C)C1=CC=C(C=C1)CNC(=O)C2=CC3=C(NN=C3S2)C4=CC=CC=C4,1
C1=CC(=CC=C1C2=CC=C(C=C2)F)C(=O)NS(=O)(=O)C3=CC(=C(C=C3)NCCSC4=CC=C(C=C4)O)[N+](=O)[O-],1
C1=CC(=CC(=C1)F)C2=CN=CC3=C2C=C(S3)C(=O)N,1
CS(=O)(=O)C1=CC=C(C=C1)C2=CN=CC3=C2C=C(S3)C(=O)N,1
C1=C(C=C(C=C1C(F)(F)F)C(F)(F)F)C2=CN=CC3=C2C=C(S3)C(=O)N,1
C1=CC(=CC(=C1)F)C2=CN=CC3=C2C=C(S3)C(=O)O,1
CC(C)CN1C2=C(C(=CC(=C2)C3=C(N=C4N3C=CS4)C5=CC=C(C=C5)F)F)N=C1N,1
CC(C)N1C2=C(C=CC(=C2)C3=C(N=C4N3C=CO4)C5=C(C=C(C=C5)F)F)N=N1,1
CC(C)(CC1=NN=C2N1N=C(C=C2)C3=C(N=C4N3C=CO4)C5=C(C=C(C=C5)F)F)O,1
C1=CC=C2C(=C1)C(=NNC2=O)C3=CC=C(C=C3)NC(=O)C4=CC(=CC=C4)S(=O)(=O)NCCN,1
C1=CC=C2C(=C1)C(=NNC2=O)C3=CC=C(C=C3)NC(=O)C4=CC(=CC=C4)S(=O)(=O)NCCCN,1
CC(C)OC1=C(C(=O)NN1)C=C2C=NC3=CC=CC=C32,1
CN1C=C(C(=N1)C2=CC=C(C=C2)F)C3=NC=NC=C3,1
C1=CC=C(C=C1)N2C=CC3=CN=C(N=C32)NC4=CC(=CC=C4)S(=O)(=O)N,1
C1OC2=C(O1)C=C(C=C2)CNC3=C4C(=C(C=C3)S(=O)(=O)O)C=CC=C4O,1
COC1=CC(=C(C=C1)CNC2=C(C(=O)C2=O)NC3=CC=NC=C3)OC,1
CC(C)(C)OC(=O)N1C2=C(C=C(C=C2)NC3=C(C(=O)C3=O)NCC4=C(C=C(C=C4)Cl)Cl)C=N1,1
CC(C)(C)OC(=O)N1C2=C(C=C(C=C2)NC3=C(C(=O)C3=O)NCC4=CC=C(C=C4)S(=O)(=O)N)C=N1,1
CC1=CC(=C2C(=C1)N=C(O2)NC3=C(C=C(C=C3)C4=C(C(=CC=C4)C(=O)N)N)F)C,1
CC(=NN=C(N)N)C1=CC(=CC(=C1)NC(=O)NCCCCCCNC(=O)NC2=CC(=CC(=C2)C(=NN=C(N)N)C)C(=NN=C(N)N)C)C(=NN=C(N)N)C,1
CCCC(=O)NC1=NNC2=NC3=CC=CC=C3C=C21,1
CCCC(=O)NC1=NN(C2=NC3=CC=CC=C3C=C12)C(=O)CC,1
CCN1CCN(CC1)CCCC(=O)NC2=NNC3=NN=C(C=C32)C4=C(C(=CC=C4)F)F,1
CC1=C2C(=C(C=NC2=NN1)C#N)C3=CC=CC=C3,1
COC1=C(C=C(C=C1)C=C2C(=NOC2=O)C3=CC=C(C=C3)Br)OC,1
C1=CC2=CN=C(C=C2C=C1C3=CSC=C3)NCCO,1
C1=CC2=CN=C(C=C2C=C1C3=CC=NC=C3)NCCO,1
C1=CC=C(C=C1)C2=CC3=CC(=NC=C3C=C2)NCCO,1
CC(C)(C)NC(=O)C1=CC2=C(C=C1)N=C3C(=N2)C4=CC=CC=C4N3,1
C[C@@]12C(C(CC(O1)N3C4=CC=CC=C4C5=C6C(=C7C8=CC=CC=C8N2C7=C53)CNC6=O)NC)OC,1
CC1=C(C=CC=C1O)NC(=O)C2=C3N=CC=C(N3N=C2)C4=CC=CC=C4,1
C1C2=C(C=C(C=C2)Br)C3=C1C=NN3,1
C1CC1N2C3=C(C(=C(C=C3C(=O)C4=C2SNC4=O)F)NCC5=CC=CC=C5)F,1
CCCCOC1=CC=CC=C1CCC2=C3C(=CC=C2)N=C(N=C3N)N,1
CN1C=C(C=N1)C2=CN3C(=C(C=N3)C4=CSC(=C4)C(=O)NCC(F)(F)F)N=C2,1
CN1C=C(C=N1)C2=CN3C(=C(C=N3)C4=CSC(=C4)C(=O)N[C@@H]5CCCC[C@@H]5N)N=C2,1
C1CCN(CC1)CCC(=O)NC2=CC\\3=C(C=C2)NC(=O)/C3=C/C4=CNC5=CC=CC=C54,1
CCN1C2=NC(=NC=C2C=C(C1=O)C3=C(C=C(C=C3)Cl)Cl)NC4=CC(=C(C=C4)N5CCNCC5)F,1
COCCNC1=NC2=C(N1C3=NC(=NC=C3)N)C=C(C=C2)C#CC4(CCCCC4)O,1
CC1(C2=CN=C(N=C2N(C1=O)[C@H]3CCC4=C3C=CC=C4O)NC5=CC=CC=C5)C,1
CCN1C2=NC(=NC=C2C=C(C1=O)C3=C(C=C(C=C3)C4=CN=CS4)Cl)NC5=CC=C(C=C5)N6CCN(CC6)C,1
C[C@H](C1=CC2=C(C=C1)NC=C2)NC3=NC=CC(=N3)NC4=NNC(=C4)C5CC5,1
CN(CC1=C(C2=C(C=C1)NC=N2)Cl)C3=NC=CC(=N3)NC4=NNC(=C4)C5CC5,1
C[C@@H](C1=CC2=C(C=C1)NC=C2)NC3=NC=CC(=N3)NC4=NNC(=C4)C5CCC5,1
C1CC1C2=CC(=NN2)NC3=NC(=NC=C3)NCC4=CC5=C(C=C4)N=CN5,1
C1CC1C2=CC(=NN2)NC3=NC(=NC=C3)NCC4=CC5=C(C=C4)NC=C5,1
C[C@@H](C1=CC2=C(C=C1)NC=C2)NC3=NC=CC(=N3)NC4=NNC(=C4)C5CC5,1
C1CC1C2=CC(=NN2)NC3=NC(=NC=C3)NCC4=C(C5=C(C=C4)NC=N5)F,1
CC1=CC(=CC(=C1)NC(=NC2=CC=CC=C2C(F)(F)F)N)C,1
CCN1C2=NC(=NC=C2C=C(C1=O)C3=C(C=C(C=C3)C4=NC(=CN=C4)C)Cl)NCCC5CCN(CC5)C,1
C1CC1C2=CC(=NN2)NC3=NC(=NC=C3)NCC4=NC5=C(C=C4)NC=C5,1
C[C@@H](C1=NC2=C(C=C1)NC=C2)NC3=NC=CC(=N3)NC4=NNC(=C4)C5CC5,1
C[C@H](C1=NC2=C(C=C1)NC=C2)NC3=NC=CC(=N3)NC4=NNC(=C4)C5CC5,1
C[C@@H](C1=C(C=C2C(=N1)C=CN2)F)NC3=NC=CC(=N3)NC4=NNC(=C4)C5CC5,1
CN1CCN(CC1)C2=C(C=C(C=C2)NC3=NC=C(C(=N3)C4=CC(=CC(=C4)CC#N)F)Cl)OC,1
CN1CCN(CC1)C2=C(C=C(C=C2)NC3=NC=C(C(=N3)C4=CC(=CC(=C4)CC#N)Cl)Cl)OC,1
CN1CCN(CC1)C2=C(C=C(C=C2)NC3=NC=C(C(=N3)C4=CC(=CC(=C4)C#N)Cl)Cl)OC,1
CN1CCN(CC1)C2=C(C=C(C=C2)NC3=NC=C(C(=N3)C4=CC(=CC(=C4)C#N)OC)Cl)OC,1
CC(C)(C#N)C1=CC=CC(=C1)C2=NC(=NC=C2Cl)NC3=CC(=C(C=C3)N4CCN(CC4)C)OC,1
CN1CCN(CC1)C2=C(C=C(C=C2)NC3=NC=C(C(=N3)C4=CC(=CC=C4)C(=O)NCC#N)Cl)OC,1
CCOC(=O)C1=CC=CC(=C1)C2=NC(=NC=C2Cl)NC3=CC(=C(C=C3)N4CCN(CC4)C)OC,1
CN1CCN(CC1)C2=C(C=C(C=C2)NC3=NC=C(C(=N3)C4=CC(=CC=C4)C(=O)O)Cl)OC,1
CC(=O)NC1=CC=CC(=C1)C2=NC(=NC=C2Cl)NC3=CC(=C(C=C3)N4CCN(CC4)C)OC,1
CN1CCN(CC1)C2=C(C=C(C=C2)NC3=NC=C(C(=N3)C4=CC=CC(=C4)CC#N)Cl)F,1
CN1CCN(CC1)C2=C(C=C(C=C2)NC3=NC=C(C(=N3)C4=CC=CC(=C4)CC#N)Cl)O,1
CCOC1=C(C=CC(=C1)NC2=NC=C(C(=N2)C3=CC=CC(=C3)CC#N)Cl)N4CCN(CC4)C,1
CN1CCN(CC1)C2=C(C=C(C=C2)NC3=NC=C(C(=N3)C4=CC=CC(=C4)CC#N)Cl)OCCOC,1
CCOC(=O)C1=C(C=CC(=C1)NC2=NC=C(C(=N2)C3=CC=CC(=C3)CC#N)Cl)N4CCN(CC4)C,1
CN1CCN(CC1)C2=C(C=C(C=C2)NC3=NC=C(C(=N3)C4=CC=CC(=C4)CC#N)Cl)C#N,1
CNC(=O)C1=C(C=CC(=C1)NC2=NC=C(C(=N2)C3=CC=CC(=C3)CC#N)Cl)N4CCN(CC4)C,1
CCN(CC)C(=O)C1=C(C=CC(=C1)NC2=NC=C(C(=N2)C3=CC=CC(=C3)CC#N)Cl)N4CCN(CC4)C,1
CN1CCN(CC1)C2=C(C=C(C=C2)NC3=NC=C(C(=N3)C4=CC=CC(=C4)CC#N)Cl)C5=NC=CO5,1
CC1=CN=C(O1)C2=C(C=CC(=C2)NC3=NC=C(C(=N3)C4=CC=CC(=C4)CC#N)Cl)N5CCN(CC5)C,1
CC1CN(CCN1C)C2=C(C=C(C=C2)NC3=NC=C(C(=N3)C4=CC=CC(=C4)CC#N)Cl)OC,1
CC1CN(CCN1C)C2=C(C=C(C=C2)NC3=NC=C(C(=N3)C4=CC=CC(=C4)CC#N)Br)OC,1
C[C@H]1CN(CCN1C)C2=C(C=C(C=C2)NC3=NC=C(C(=N3)C4=CC=CC(=C4)CC#N)Br)OC,1
C[C@@H]1CN(CCN1C)C2=C(C=C(C=C2)NC3=NC=C(C(=N3)C4=CC=CC(=C4)CC#N)Br)OC,1
CN1CCN(CC1)C2=C(C=C(C=C2)NC3=NC=C(C(=N3)C4=CC=CC(=C4)CC#N)Cl)OC,1
CS(=O)(=O)O.C1=CC(=CC(=C1)O)CNC(=O)NC2=NC(=CS2)C3=CC=NC=C3,1
CCNC1=NC2=C(N1C3=NC=NC(=N3)N)C=C(C=C2)C#CC(C)(C)O,1
CC1=NN=C(O1)C2=C(C=CC(=C2)NC3=NC=C(C(=N3)C4=CC=CC(=C4)CC#N)Cl)N5CCN(CC5)C,1
COCCN(CC1=C2C=NNC2=CC(=C1)F)C3=NC=CC(=N3)NC4=NNC(=C4)C5CC5,1
C[C@@H](C1=CC2=C(C=C1)N=CN2)NC3=NC=CC(=N3)NC4=NNC(=C4)C5CC5(F)F,1
CC(CO)N(CC1=C2C=NNC2=CC(=C1)F)C3=NC=CC(=N3)NC4=NNC(=C4)C5CC5,1
C1CNCCC1N2C=C(C=N2)C3=CC4=C(NC=C4C(=O)C5=C(C=CC(=C5)CO)Cl)N=C3,1
C[C@@H](C1=CC2=C(C=C1)N=CN2)NC3=NC=CC(=N3)NC4=NNC(=C4)C5CC5,1
C[C@@H](C1=NC2=C(C=C1)NC=C2)NC3=NC=CC(=N3)NC4=NNC(=C4)[C@H]5C[C@H]5F,1
C[C@@H](C1=NC2=C(C=C1)NC=C2Cl)NC3=NC=CC(=N3)NC4=NNC(=C4)C5CC5,1
C[C@@H](C1=NC=C2C(=C1)C=CN2)NC3=NC=CC(=N3)NC4=NNC(=C4)C5CC5,1
C[C@@H](C1=NC2=C(C=C1)NC=C2)NC3=NC=CC(=N3)NC4=NNC(=C4)C5CC(C5)(F)F,1
C[C@@H](C1=NC2=C(C=C1)NC=C2)NC3=NC=CC(=N3)NC4=NNC(=C4)[C@@H]5C[C@@H]5F,1
C[C@@H](C1=NC2=C(C=C1)NC=C2)NC3=NC=CC(=N3)NC4=NNC(=C4)[C@@H]5C[C@H]5F,1
C[C@@H](C1=NC2=C(C=C1)NC=C2)N(C)C3=NC=CC(=N3)NC4=NNC(=C4)C5CC5,1
CC1=C(C=C(S1)C(=O)N[C@@H]2[C@@H](CCCC2(F)F)N)C3=C4N=CC(=CN4N=C3)Cl,1
C1CC(OC1)C2=CC(=NN2)NC3=NC(=NC=C3)NCC4=C(C5=C(C=C4)NC=N5)Cl,1
C1CC1C2=CC(=NN2)NC3=NC(=NC=C3)NCC4=C(C5=C(C=C4)NC=N5)Cl,1
CCNC1=NC=C2C=C(C(=O)N(C2=N1)CC3CCC(CC3)N)C4=C(C=C(C=C4)C5=NC(=CN=C5)C)Cl,1
CCNC1=NC=C2C=C(C(=O)N(C2=N1)CCCCN)C3=C(C=C(C=C3)C4=NC(=CN=C4)C)Cl,1
CCNC1=NC=C2C=C(C(=O)N(C2=N1)CC3CCNCC3)C4=C(C=C(C=C4)C5=NC(=CN=C5)C)Cl,1
CC1=CN=CC(=N1)C2=CC(=C(C=C2)C3=CC4=CN=C(N=C4N(C3=O)C[C@H]5CNCCO5)NC)Cl,1
CCNC1=NC=C2C=C(C(=O)N(C2=N1)CC3CCC(CC3)N)C4=C(C=C(C=C4)C5=CC=CC(=N5)C)Cl,1
CC1=NC(=CC=C1)C2=CC(=C(C=C2)C3=CC4=CN=C(N=C4N(C3=O)CC5OCC(CO5)N)NC)Cl,1
CCN1C2=C(C=C(C=C2)Cl)C(=NC3=C1C=CC(=C3)F)N4CCN(CC4)C,1
C1CC1C2=CC(=NN2)NC3=NC(=NC4=C3SC=C4)N5CCC(CC5)N,1
C1CC(CCC1CNC2=NC=CC(=N2)NC3=NNC(=C3)C4CC4)N,1
CN1C=C(C(=N1)OC)C2=CC3=C(NC=C3C(=O)C4=C(C=C(C=C4)COC5=CC=CC=N5)Cl)N=C2,1
CN1CCC2=C(C1)C=CC(=C2)C3=CC4=C(NC=C4C(=O)C5=CC=CC=C5Cl)N=C3,1
CN1C=C(C(=N1)OC)C2=CC3=C(NC=C3C(=O)C4=C(C=C(C=C4)COC5=CC=CC=C5)Cl)N=C2,1
CN1C=C(C(=N1)OC)C2=CC3=C(NC=C3C(=O)C4=C(C=C(C=C4)COC5=CC=CC=C5F)Cl)N=C2,1
CCNC1=NC=C2C=C(C(=O)N(C2=N1)CC3OCC(CO3)N)C4=C(C=C(C=C4)C5=NC(=CN=C5)C)Cl,1
CC1=CN=CC(=N1)C2=CC(=C(C=C2)C3=CC4=CN=C(N=C4N(C3=O)CC5CCC(CC5)N)NC)Cl,1
CC1=NC(=CC=C1)C2=CC(=C(C=C2)C3=CC4=CN=C(N=C4N(C3=O)CC5OCC(CO5)NC)NC)Cl,1
CC1=NC(=CC=C1)C2=CC(=C(C=C2)C3=CC4=CN=C(N=C4N(C3=O)CC5COC6(CNC6)OC5)NC)Cl,1
CC1=NC=CN(C1=O)C2=CC(=C(C=C2)C3=CC4=CN=C(N=C4N(C3=O)CCCN)NC)Cl,1
C1CNCCC1N2C=C(C=N2)C3=CC4=C(NC=C4C(=O)C5=CC=C(C=C5)Cl)N=C3,1
CC1=CC(=NN1)NC2=NC(=NC3=C2SC=C3)N4CCC(CC4)N,1
CCC1=CC(=NN1)NC2=NC(=NC3=C2SC=C3)N4CCC(CC4)N,1
CCCC1=CC(=NN1)NC2=NC(=NC3=C2SC=C3)N4CCC(CC4)N,1
CC(C)C1=CC(=NN1)NC2=NC(=NC3=C2SC=C3)N4CCC(CC4)N,1
C1CC(C1)C2=CC(=NN2)NC3=NC(=NC4=C3SC=C4)N5CCC(CC5)N,1
C1CN(CCC1N)C2=NC3=C(C(=N2)NC4=NNC(=C4)C5=CC=CC=C5)SC=C3,1
C1CC1C2=CC(=NN2)NC3=NC(=NC4=C3OC=C4)N5CCC(CC5)N,1
C1CC1C2=CC(=NN2)NC3=NC(=NC=C3)N4CCC(CC4)N,1
C1CC1C2=CC(=NN2)NC3=NC(=CC=C3)N4CCC(CC4)N,1
C1CC1C2=CC(=NN2)NC3=CC(=NC=C3)N4CCC(CC4)N,1
C1CC1C2=CC(=NN2)NC3=NC(=NC=C3)NCC4CCNCC4,1
C1CC1C2=CC(=NN2)NC3=NC(=NC=C3)NC4CCC(CC4)N,1
C1CC1C2=CC(=NN2)NC3=NC(=NC=C3)NCC4=CN=C(C=C4)N,1
CNC1=NC=C(C=C1)CNC2=NC=CC(=N2)NC3=NNC(=C3)C4CC4,1
CN(C)C1=NC=C(C=C1)CNC2=NC=CC(=N2)NC3=NNC(=C3)C4CC4,1
CN1C=NC2=C1C=CC(=C2)CNC3=NC=CC(=N3)NC4=NNC(=C4)C5CC5,1
CN1C=NC2=C1C=C(C=C2)CNC3=NC=CC(=N3)NC4=NNC(=C4)C5CC5,1
CCN(CC1=C(C2=C(C=C1)NC=N2)Cl)C3=NC=CC(=N3)NC4=NNC(=C4)C5CC5,1
CN(CC1=C(C2=C(C=C1)NC=N2)Cl)C3=NC=CC(=N3)NC4=NNC(=C4)C5CCC(=O)C5,1
CC(COC)C1=CC(=NN1)NC2=NC(=NC=C2)N(C)CC3=C(C4=C(C=C3)NC=N4)Cl,1
CC(=O)N(C)CC1=CC(=NN1)NC2=NC(=NC=C2)N(C)CC3=C(C4=C(C=C3)NC=N4)Cl,1
CN1CC[C@H](C1=O)C2=CC(=NN2)NC3=NC(=NC=C3)N(C)CC4=C(C5=C(C=C4)NC=N5)Cl,1
CN1CC[C@@H](C1=O)C2=CC(=NN2)NC3=NC(=NC=C3)N(C)CC4=C(C5=C(C=C4)NC=N5)Cl,1
CN1CC[C@@H](C1=O)C2=CC(=NN2)NC3=NC(=NC=C3)NCC4CCC(CC4)N,1
CN1CC[C@@H](C1=O)C2=CC(=NN2)NC3=NC(=NC=C3)N(C)CC4CCC(CC4)N,1
CCN(CC1CCC(CC1)N)C2=NC=CC(=N2)NC3=NNC(=C3)[C@H]4CCN(C4=O)C,1
CN1CCCC(C1=O)C2=CC(=NN2)NC3=NC(=NC=C3)N(C)CC4CCC(CC4)N,1
CCN1CC[C@@H](C1=O)C2=CC(=NN2)NC3=NC(=NC=C3)N(C)CC4CCC(CC4)N,1
C[C@H]1CN(C(=O)[C@@H]1C2=CC(=NN2)NC3=NC(=NC=C3)N(C)CC4CCC(CC4)N)C,1
C1CNCCC1N2C=C(C=N2)C3=CC4=C(NC=C4CC5=CC=CC=C5Cl)N=C3,1
C1CNCCC1N2C=C(C=N2)C3=CC4=C(NC=C4C(=O)C5=CC=CC=C5Cl)N=C3,1
C1CNCCC1N2C=C(C=N2)C3=CC4=C(NC=C4C5=CC=CC=C5Cl)N=C3,1
C1CNCCC1N2C=C(C=N2)C3=CC4=C(NC=C4S(=O)(=O)C5=CC=CC=C5Cl)N=C3,1
C1CNCCC1N2C=C(C=N2)C3=CC4=C(NC=C4C(=O)C5=CC=CC=C5)N=C3,1
CC1=CC=CC=C1C(=O)C2=CNC3=C2C=C(C=N3)C4=CN(N=C4)C5CCNCC5,1
C1CNCCC1N2C=C(C=N2)C3=CC4=C(NC=C4C(=O)C5=CC=CC=C5F)N=C3,1
C1CNCCC1N2C=C(C=N2)C3=CC4=C(NC=C4C(=O)C5=CC=CC=C5C#N)N=C3,1
COC1=CC=CC=C1C(=O)C2=CNC3=C2C=C(C=N3)C4=CN(N=C4)C5CCNCC5,1
C1CNCCC1N2C=C(C=N2)C3=CC4=C(NC=C4C(=O)C5=CC(=CC=C5)Cl)N=C3,1
C1CNCCC1N2C=C(C=N2)C3=CC4=C(NC=C4C(=O)C5=CC=C(C=C5)CO)N=C3,1
C1CNCCC1N2C=C(C=N2)C3=CC4=C(NC=C4C(=O)C5=CC=C(C=C5)COC6=CC=CC=C6)N=C3,1
CC1=C(C(=CC=C1)Cl)C(=O)C2=CNC3=C2C=C(C=N3)C4=CN(N=C4)C5CCNCC5,1
C1CNCCC1N2C=C(C=N2)C3=CC4=C(NC=C4C(=O)C5=C(C=CC(=C5)C#N)Cl)N=C3,1
C1CNCCC1N2C=C(C=N2)C3=CC4=C(NC=C4C(=O)C5=C(C=C(C=C5)F)Cl)N=C3,1
C1CNCCC1N2C=C(C=N2)C3=CC4=C(NC=C4C(=O)C5=C(C=C(C=C5)Cl)Cl)N=C3,1
C1CNCCC1N2C=C(C=N2)C3=CC4=C(NC=C4C(=O)C5=C(C=C(C=C5)C#N)Cl)N=C3,1
C1CNCCC1N2C=C(C=N2)C3=CC4=C(NC=C4C(=O)C5=C(C=C(C=C5)C(=O)N)Cl)N=C3,1
CS(=O)(=O)C1=CC(=C(C=C1)C(=O)C2=CNC3=C2C=C(C=N3)C4=CN(N=C4)C5CCNCC5)Cl,1
C1CNCCC1N2C=C(C=N2)C3=CC4=C(NC=C4C(=O)C5=C(C=C(C=C5)CO)Cl)N=C3,1
COCC1=CC(=C(C=C1)C(=O)C2=CNC3=C2C=C(C=N3)C4=CN(N=C4)C5CCNCC5)Cl,1
C1CNCCC1N2C=C(C=N2)C3=CC4=C(NC=C4C(=O)C5=C(C=C(C=C5)COC6=CC=CC=C6)Cl)N=C3,1
CN1CCC(CC1)N2C=C(C=N2)C3=CC4=C(NC=C4C(=O)C5=C(C=C(C=C5)CO)Cl)N=C3,1
CC(=O)N1CCC(CC1)N2C=C(C=N2)C3=CC4=C(NC=C4C(=O)C5=C(C=C(C=C5)CO)Cl)N=C3,1
CN1C(=C(C=N1)C2=CC3=C(NC=C3C(=O)C4=C(C=C(C=C4)CO)Cl)N=C2)OC,1
CN1C=C(C(=N1)OC)C2=CC3=C(NC=C3C(=O)C4=C(C=C(C=C4)COC5=CN=CC=C5)Cl)N=C2,1
CN1C=C(C(=N1)OC)C2=CC3=C(NC=C3C(=O)C4=C(C=C(C=C4)CCO)Cl)N=C2,1
CN1C=C(C(=N1)OC)C2=CC3=C(NC=C3C(=O)C4=C(C=CC(=C4)CCO)Cl)N=C2,1
CN1CC2=C(C1)C=C(C=C2)C3=CC4=C(NC=C4C(=O)C5=CC=CC=C5Cl)N=C3,1
CN1CCC2=C(C1)C=C(C=C2)C3=CC4=C(NC=C4C(=O)C5=CC=CC=C5Cl)N=C3,1
CC(=O)N1CCC2=C(C1)C=CC(=C2)C3=CC4=C(NC=C4C(=O)C5=CC=CC=C5Cl)N=C3,1
CCN1C(=O)C(=CN=C1NC2=CC=C(C=C2)N3CCN(CC3)C)C4=C(C=C(C=C4)C5=CN=CS5)Cl,1
CN1CCN(CC1)C2=NC3=C(C=CC(=C3)F)N(C4=C2C=C(C=C4)Cl)C,1
CCNC1=NC=C2C=C(C(=O)N(C2=N1)CCCO)C3=C(C=C(C=C3)C4=NC(=CN=C4)C)Cl,1
CCNC1=NC=C2C=C(C(=O)N(C2=N1)CC3CCNC(=O)C3)C4=C(C=C(C=C4)C5=NC(=CN=C5)C)Cl,1
CC1=NC(=CC=C1)C2=CC(=C(C=C2)C3=CC4=CN=C(N=C4N(C3=O)C[C@@H]5CCNCC5(F)F)NC)Cl,1
CC1=CC=CN(C1=O)C2=CC(=C(C=C2)C3=CC4=CN=C(N=C4N(C3=O)CCOC)NC5COC5)Cl,1
CC1=CC=CN(C1=O)C2=CC(=C(C=C2)C3=CC4=CN=C(N=C4N(C3=O)CC(CN)(F)F)NC)Cl,1
CC1=CC=CN(C1=O)C2=CC(=C(C=C2)C3=CC4=CN=C(N=C4N(C3=O)CC5CCNCC5(F)F)NC)Cl,1
CC1=CC=CN(C1=O)C2=CC(=C(C=C2)C3=CC4=CN=C(N=C4N(C3=O)CCOC5CN(C5)C)NC)Cl,1
CC1=CC=CN(C1=O)C2=CC(=C(C=C2)C3=CC4=CN=C(N=C4N(C3=O)CCC5(CN(C5)C)F)NC)Cl,1
CC1=CC=CN(C1=O)C2=CC(=C(C=C2)C3=CC4=CN=C(N=C4N(C3=O)CCCN)NC)Cl,1
CC1=CN=CN(C1=O)C2=CC(=C(C=C2)C3=CC4=CN=C(N=C4N(C3=O)CCCN)NC)Cl,1
CCN1C2=NC(=NC=C2C=C(C1=O)C3=C(C=C(C=C3)N4C=CC=C(C4=O)C)Cl)NC,1
CCN1C2=NC(=NC=C2C=C(C1=O)C3=C(C=C(C=C3)N4C=CC=C(C4=O)C)Cl)NC5COC5,1
CC1=CC=CN(C1=O)C2=CC(=C(C=C2)C3=CC4=CN=C(N=C4N(C3=O)CCO)NC)Cl,1
CNC1=NC=C2C=C(C(=O)N(C2=N1)CCCN)C3=C(C=C(C=C3)N4CCN(C4=O)C)Cl,1
C1CC1C2=CC(=NN2)NC3=NC(=NC=C3)NCC4=CN5C=CN=C5C=C4,1
CC1=NC(=CC=C1)C2=CC(=C(C=C2)C3=CC4=CN=C(N=C4N(C3=O)CCCN)NC)Cl,1
CNC1=NC=C2C=C(C(=O)N(C2=N1)CCCN)C3=C(C=C(C=C3)N4CCCC4=O)Cl,1
CNC1=NC=C2C=C(C(=O)N(C2=N1)CCCN)C3=C(C=C(C=C3)N4C=CN(C4=O)C)Cl,1
CNC1=NC=C2C=C(C(=O)N(C2=N1)CCCN)C3=C(C=C(C=C3)N4C=CC=CC4=O)Cl,1
C[C@@H](C1=NC2=C(C=C1)NC=C2)NC3=NC=CC(=N3)NC4=NNC(=C4)[C@H]5C[C@@H]5F,1
CNC1=NC=C2C=C(C(=O)N(C2=N1)CCCN)C3=CC=CC=C3Cl,1
CC1=CC=CN(C1=O)C2=CC(=C(C=C2)C3=CC4=CN=C(N=C4N(C3=O)C[C@@H]5CNCCO5)NC)C6CC6,1
CC1=CC(=O)N(C=C1)C2=CC(=C(C=C2)C3=CC4=CN=C(N=C4N(C3=O)C[C@H]5CNCCO5)NC)Cl,1
CCC1=CC=CN(C1=O)C2=CC(=C(C=C2)C3=CC4=CN=C(N=C4N(C3=O)C[C@H]5CNCCO5)NC)Cl,1
CC1=NC=CN(C1=O)C2=CC(=C(C=C2)C3=CC4=CN=C(N=C4N(C3=O)CC5CCNCC5(F)F)NC6COC6)Cl,1
CC1=CN=CN(C1=O)C2=CC(=C(C=C2)C3=CC4=CN=C(N=C4N(C3=O)CCOC)NC)Cl,1
CC1=CN=CC(=N1)C2=CC(=C(C=C2)C3=CC4=CN=CN=C4N(C3=O)CC5CCC(CC5)N)Cl,1
CC[C@@H](C1=NC2=C(C=C1)NC=C2)NC3=NC=CC(=N3)NC4=NNC(=C4)C5CC5,1
C[C@@H](C1=C(C=C2C(=N1)C=CN2)Cl)NC3=NC=CC(=N3)NC4=NNC(=C4)C5CC5,1
CC1=CC=CN(C1=O)C2=CC(=C(C=C2)C3=CC4=CN=C(N=C4N(C3=O)CCOC)NC)Cl,1
CCS(=O)(=O)C1=C(C=CC(=C1)NC2=NC=C(C(=N2)N(CC3=CC=CC=C3C#N)C4=C(C=CC(=C4)CO)C)F)N5CCN(CC5)C,1
CC1=CC(=C(C=C1CO)N(C)C2=NC(=NC=C2F)NC3=CC(=CC(=C3)S(=O)(=O)C)N4CCOCC4)C,1
CCS(=O)(=O)C1=C(C=CC(=C1)NC2=NC=C(C(=N2)N(C)C3=C(C=C(C(=C3)CO)C)C)F)N4CCN(CC4)C,1
CN(C1=CC=CC(=C1)CO)C2=NC(=NC=C2F)NC3=CC(=CC(=C3)S(=O)(=O)C)N4CCOCC4,1
CC1=C(C=C(C=C1)N(C)C2=NC(=NC=C2F)NC3=CC(=CC(=C3)S(=O)(=O)C)N4CCOCC4)CO,1
CCS(=O)(=O)C1=CC(=CC(=C1)N2CCOCC2)NC3=NC=C(C(=N3)N(C)C4=C(C=C(C(=C4)CO)C)C)F,1
CCS(=O)(=O)C1=C(C=CC(=C1)NC2=NC=C(C(=N2)N(C)C3=C(C=CC(=C3)CO)C)F)N4CCN(CC4)C,1
CCS(=O)(=O)C1=C(C=CC(=C1)NC2=NC=C(C(=N2)N(CC3=CC=CC=C3)C4=C(C=CC(=C4)CO)C)F)N5CCN(CC5)C,1
CCN(C1=C(C=CC(=C1)CO)C)C2=NC(=NC=C2F)NC3=CC(=C(C=C3)N4CCN(CC4)C)S(=O)(=O)CC,1
CCS(=O)(=O)C1=C(C=CC(=C1)NC2=NC=C(C(=N2)N(CC3=CC=CC=C3F)C4=C(C=CC(=C4)CO)C)F)N5CCN(CC5)C,1
CC1=CC(=C(C=C1CO)N(C)C2=NC(=NC=C2F)NC3=CC=C(C=C3)N4CCN(CC4)C)C,1
CCS(=O)(=O)C1=C(C=CC(=C1)NC2=NC=C(C(=N2)N(C)C3=C(C=C(C(=C3)CO)C)C)F)N4C[C@@H]5C[C@H]4CN5C,1
CC1=C(C=C(C=C1)CO)N(C)C2=NC(=NC=C2F)NC3=CC(=C(C=C3)N4CCN(CC4)C)S(=O)(=O)C,1
CC1=C(C=C(C=C1)COC)N(C)C2=NC(=NC=C2F)NC3=CC(=CC(=C3)S(=O)(=O)C)N4CCOCC4,1
CC1=C(C=C(C=C1)CO)N(C)C2=NC(=NC=C2F)NC3=CC(=CC(=C3)S(=O)(=O)C)N4CCOCC4,1
CN(C1=C(C=CC(=C1)CO)Cl)C2=NC(=NC=C2F)NC3=CC(=CC(=C3)S(=O)(=O)C)N4CCOCC4,1
C[C@H]1CN(CCN1)C(=O)C2=NC3=C(C=C(C=C3)Cl)C(=N2)NC4=NNC(=C4)C5CC5,1
C1CC1C2=CC(=NN2)NC3=NC(=NC4=C3C=C(C=C4)Cl)C(=O)N5CCNCC5,1
CC[C@@H]1CN(CCN1)C(=O)C2=NC3=C(C=C(C=C3)Cl)C(=N2)NC4=NNC(=C4)C5CC5,1
C[C@@H]1CNCCN1C(=O)C2=NC3=C(C=C(C=C3)Cl)C(=N2)NC4=NNC(=C4)C5CC5,1
C1=CC2=C(C=C1Cl)C3=C(O2)C(=O)NC=N3,1
CC1=C(C2=NC3=CC=CC=C3N2C(=O)C1=CO)C#N,1
C1CCC2=C(C1)C3=C(S2)NC(=O)N4C3=NC(=N4)C5=CC=NC=C5,1
C1COCCN1CC2=CN=C(C=C2)C3=C(NC4=C3C=C(C=C4)C#N)O,1
CCN1C2=C(C=C(C=C2)Cl)C(=N[C@H]3CCN(C3)C(=O)NC(C)(C)C)NC4=C1C=CC(=C4)F,1
C1CCC2=C(C1)C3=C(S2)NC(=O)N4C3=NC(=N4)C5=CN=CC=C5,1
C1CCC(CC1)NC2=NC(=CC(=O)N2)C3=CC=NC=C3,1
C1CCC2=C(C1)C3=C(S2)NC(=O)N4C3=NC(=N4)C5=CC=CC=C5,1
C1=CN=CC=C1C2=NN3C(=N2)C4=C(NC3=O)SC=C4,1
C1C(NN=C1C2=C(C3=C(C=CC(=C3)Cl)NC2=O)C4=CC=CC=C4)C5=CC=CC=C5,1
CC(=NNC(=O)C1=C(N=NN1C2=NON=C2N)COC)C3=C(C=C(C=C3)O)O,1
CC(C)NC(=O)N1CC[C@@H](C1)N=C2C3=C(C=CC(=C3)Cl)N(C4=C(N2)C=C(C=C4)F)CC(F)F,1
CCN1C2=C(C=C(C=C2)Cl)C(=N[C@H]3CCN(C3)C(=O)OC(C)(C)C)NC4=C1C=CC(=C4)F,1
C[C@@H]1CN(CCN1)C(=O)C2=NC3=C(C=C(C=C3)Cl)C(=N2)NC4=NNC(=C4)C5CC5,1
COC1=CC=CC=C1N2C=C(N=N2)COC(=O)C3CCN4C3=CC=C4C(=O)C5=CC=CC=C5,1
C[C@H]1CNCCN1C(=O)C2=NC3=C(C=C(C=C3)Cl)C(=N2)NC4=NNC(=C4)C5CC5,1
C[C@@H]1CN(CCN1)C(=O)C2=NC3=C(C=C(C=C3)F)C(=N2)NC4=NNC(=C4)C5CC5,1
C[C@@H]1CN(CCN1)C(=O)C2=NC3=C(C=C(C=C3)Br)C(=N2)NC4=NNC(=C4)C5CC5,1
CC1=CC(=NN1)NC2=NC(=NC3=C2C=C(C=C3)Cl)N4CCC(CC4)N,1
C[C@@H]1CN(CCN1)C(=O)C2=NC3=C(C=CC(=C3)Cl)C(=N2)NC4=NNC(=C4)C5CC5,1
C1CC1C2=CC(=NN2)NC3=NC(=NC4=C3C=C(C=C4)Cl)N5CCC(CC5)N,1
C[C@@H]1CN(CCN1)C(=O)C2=NC3=CC=CC=C3C(=N2)NC4=NNC(=C4)C5CC5,1
C[C@@H]1[C@H]([C@@H]([C@H]([C@@H](O1)O[C@@H]2[C@H]([C@@H](CO[C@H]2O[C@H]3CC[C@@]4([C@@H]5CCC67[C@H]([C@H](C[C@]6(C5=CC[C@H]4C3(C)C)C)OC(=O)C)[C@](OC7=O)(C)CCCC(C)C)C)OS(=O)(=O)[O-])O)O[C@H]8[C@@H]([C@H]([C@@H](CO8)O)O)O)O)O[C@H]9[C@@H]([C@H]([C@@H](CO9)O)O[C@H]1[C@@H]([C@H]([C@@H]([C@H](O1)CO)O)OC)O)O.[Na+],1
C1CN(CCC1NC(=O)NC2=CC=C(C=C2)C(F)(F)F)C3=NC=NC4=C3C=NN4,1
COC1=CC=C(C=C1)C(=O)NC2CCN(CC2)C3=NC=NC4=C3C=NN4,1
C1CN(CCC1NC(=O)NC2=CC(=C(C=C2)Cl)Cl)C3=NC=NC4=C3C=NN4,1
C1CN(CCC1NC2=NC=NC3=C2C=NN3)C(=O)NC4=CC=CC=C4Cl,1
C1COCCN1CCC(=O)NC2=CC3=C(C=C2)NC(=C3/C=C\\4/C5=CC=CC=C5N=N4)O,1
CC1=CC=CN(C1=O)C2=CC(=C(C=C2)C3=CC4=C(C=C3)C(=NN4)C(=O)NC)Cl,1
C1COCCN1CCC(=O)NC2=CC3=C(C=C2)NC(=C3/C=C\\4/C=CC5=NN=CC5=C4)O,1
C1CCN(CC1)CCC(=O)NC2=CC\\3=C(C=C2)NC(=O)/C3=C/C4=CC=CO4,1
C1COCCN1CCC(=O)NC2=CC\\3=C(C=C2)NC(=O)/C3=C/C4=CC(=C(C=C4)O)O,1
C1COCCN1CCC(=O)NC2=CC\\3=C(C=C2)NC(=O)/C3=C/C4=CC(=C(C=C4)F)Cl,1
CCNC(=O)C1=NNC2=C1C=CC(=C2)C3=C(C=C(C=C3)N4C=CC=C(C4=O)C)Cl,1
CNC(=O)C1=NNC2=C1C=CC(=C2)C3=CC=CC=C3Cl,1
CC1=CC=CN(C1=O)C2=CC(=C(C=C2)C3=CC4=C(C=C3)C(=NN4)C(=O)NCCO)Cl,1
C1CCN(CC1)CCC(=O)NC2=CC\\3=C(C=C2)NC(=O)/C3=C/C4=CC(=C(C=C4)F)Cl,1
CC1=CC=CN(C1=O)C2=CC(=C(C=C2)C3=CC4=C(C=C3)C(=NN4)C(=O)NC5CCN(CC5)C)Cl,1
CC1=CC=CN(C1=O)C2=CC(=C(C=C2)C3=CC4=C(C=C3)C(=NN4)C(=O)NCC5=CC=NC=C5)Cl,1
COC1=CC=C(C=C1)/C=C/2\\C3=C(C=CC(=C3)NC(=O)CCN4CCOCC4)NC2=O,1
CNC(=O)C1=NNC2=C1C=CC(=C2)C3=C(C=C(C=C3)N4C=CC=CC4=O)Cl,1
CC1=CC=CN(C1=O)C2=CC(=C(C=C2)C3=CC4=C(C=C3)C(=NN4)C(=O)NCC5=CC=CC=C5)Cl,1
C1CCN(CC1)CCC(=O)NC2=CC\\3=C(C=C2)NC(=O)/C3=C/C4=CN=C5N4C=CC=C5,1
CC1=CC=CN(C1=O)C2=CC(=C(C=C2)C3=CC4=C(C=C3)C(=NN4)C(=O)NCCOC)Cl,1
CC1=CC=C(C=C1)C(=O)NC2CCN(CC2)C3=NC=NC4=C3C=NN4,1
COC1=CC=C(C=C1)NC(=O)NC2CCN(CC2)C3=NC=NC4=C3C=NN4,1
C1CN(CCC1NC(=O)C2=C(C(=CC=C2)Cl)Cl)C3=NC=NC4=C3C=NN4,1
CN(C)C1=CC=C(C=C1)/C=C/2\\C3=C(C=CC(=C3)NC(=O)CCN4CCOCC4)NC2=O,1
C1CN(CCC1NC(=O)NC2=CC(=CC=C2)Cl)C3=NC=NC4=C3C=NN4,1
C1CN(CCC1NC(=O)NC2=CC=C(C=C2)Br)C3=NC=NC4=C3C=NN4,1
C1CN(CCC1NC2=NC=NC3=C2C=NN3)C(=S)NC4=CC=CC=C4Cl,1
C1CN(CCC1NC(=O)C2=CC(=CC=C2)C(F)(F)F)C3=NC=NC4=C3C=NN4,1
C1COCCN1CCC(=O)NC2=CC\\3=C(C=C2)NC(=O)/C3=C/C4=CNC5=CC=CC=C54,1
C1CN(CCC1NC(=O)NC2=CC(=CC(=C2)C(F)(F)F)C(F)(F)F)C3=NC=NC4=C3C=NN4,1
CC1=CC=CN(C1=O)C2=CC(=C(C=C2)C3=CC4=C(C=C3)C(=NN4)C(=O)NCC5CC5)Cl,1
C1CC1CNC(=O)C2=NNC3=C2C=CC(=C3)C4=C(C=C(C=C4)N5C=CC=CC5=O)Cl,1
C1CN(CCC1NC2=NC=NC3=C2C=NN3)C(=S)NC4=CC(=CC=C4)Cl,1
C1CN(CCC1NC2=NC=NC3=C2C=NN3)C(=O)NC4=C(C=C(C=C4)F)F,1
CC1=CN=CC(=N1)C2=CC(=C(C=C2)C3=CC4=C(C=C3)C(=NN4)C(=O)NCC5CC5)Cl,1
CC1=C(C(=CC=C1)C)NC(=O)NC2CCN(CC2)C3=NC=NC4=C3C=NN4,1
CC1=CC=CN(C1=O)C2=CC(=C(C=C2)C3=CC4=C(C=C3)C(=NN4)C(=O)NCC5CCN(CC5)C)Cl,1
CC1=CC(=C(C(=C1)C)C(=O)NC2CCN(CC2)C3=NC=NC4=C3C=NN4)C,1
C1CN(CCC1NC(=O)C2=CC=C(C=C2)C(F)(F)F)C3=NC=NC4=C3C=NN4,1
C1CN(CCC1NC2=NC=NC3=C2C=NN3)C(=O)NC4=CC(=CC(=C4)C(F)(F)F)C(F)(F)F,1
CC1=CC=CN(C1=O)C2=CC(=C(C=C2)C3=CC4=C(C=C3)C(=NN4)C(=O)NCC5CCOCC5)Cl,1
C1CN(CCC1NC2=NC=NC3=C2C=NN3)C(=O)NC4=C(C=C(C=C4)Cl)Cl,1
CC1=CC=CN(C1=O)C2=CC(=C(C=C2)C3=CC4=C(C=C3)C(=NN4)C(=O)NCCC5=CC=NC=C5)Cl,1
CC1=NC(=CC=C1)C2=CC(=C(C=C2)C3=CC4=C(C=C3)C(=NN4)C(=O)NCC5CC5)Cl,1
CC1=CC=C(C=C1)NC(=O)NC2CCN(CC2)C3=NC=NC4=C3C=NN4,1
C1CN(CCC1NC(=O)NC2=C(C=C(C=C2)F)F)C3=NC=NC4=C3C=NN4,1
CC1=C(C(=CC=C1)C)NC(=S)N2CCC(CC2)NC3=NC=NC4=C3C=NN4,1
C1CN(CCC1NC2=NC=NC3=C2C=NN3)C(=O)C4=CC=C(C=C4)Cl,1
C1CN(CCC1NC(=O)C2=CC=CC=C2Cl)C3=NC=NC4=C3C=NN4,1
CC1=CN=CC(=N1)C2=CC(=C(C=C2)C3=CC4=C(C=C3)C(=NN4)C(=O)NC)Cl,1
C1CN(CCC1NC2=NC=NC3=C2C=NN3)C(=O)C4=C(C(=CC=C4)Cl)Cl,1
CC1=CC=CN(C1=O)C2=CC(=C(C=C2)C3=CC4=C(C=C3)C(=NN4)C(=O)NC5CCOCC5)Cl,1
CC1=CC=CN(C1=O)C2=CC(=C(C=C2)C3=CC4=C(C=C3)C(=NN4)C(=O)NC5=CC=NC=C5)Cl,1
C1CN(CCC1NC2=NC=NC3=C2C=NN3)C(=O)C4=CC=C(C=C4)F,1
C1CN(CCC1NC(=O)C2=CC=C(C=C2)F)C3=NC=NC4=C3C=NN4,1
C1CN(CCC1NC2=NC=NC3=C2C=NN3)C(=O)C4=CC=CC=C4Cl,1
C1CN(CCC1NC(=O)NC2=CC=CC=C2Cl)C3=NC=NC4=C3C=NN4,1
CC1=C(C(=CC=C1)C)NC(=O)N2CCC(CC2)NC3=NC=NC4=C3C=NN4,1
C1CN(CCC1NC2=NC=NC3=C2C=NN3)C(=O)NC4=CC(=CC=C4)Cl,1
C1CN(CCC1NC2=NC=NC3=C2C=NN3)C(=S)NC4=CC(=CC(=C4)C(F)(F)F)C(F)(F)F,1
CC1=CC=CC=C1C(=O)NC2CCN(CC2)C3=NC=NC4=C3C=NN4,1
C1COCCN1CCC(=O)NC2=CC\\3=C(C=C2)NC(=O)/C3=C/C4=CC=C(C=C4)O,1
CC1=NC(=CC=C1)C2=CC(=C(C=C2)C3=CC4=C(C=C3)C(=NN4)C(=O)NC)Cl,1
C1C2=C(C3=CC=CC=C3NC1=O)NC4=C2C=C(C=C4)Br,1
C1CNCCC1N2C=NC(=C2C3=NC(=NC=C3)N)C4=CC=C(C=C4)F,1
CC1=C(C=C(C=C1)NC(=O)C2=CC=C(C=C2)CN3CCN(CC3)C)NC4=NC=CC(=N4)C5=CN=CC=C5,1
CC1=CC(=C(N1)C=C2C3=CC=CC=C3NC2=O)C,1
COC1=C(C=C2C(=C1)N=CN=C2NC3=CC(=C(C=C3)F)Cl)OCCCN4CCOCC4,1
CC1=CC=C(C=C1)N2C(=CC(=N2)C(C)(C)C)NC(=O)NC3=CC=C(C4=CC=CC=C43)OCCN5CCOCC5,1
C1=CC=C2C(=C1)C(=O)NC3=CC=CC=C3N2,1
COC1=C(C=CC(=C1)C=C2C(=O)NC(=O)S2)O,1
C1=CC=C2C(=C1)C(=O)N(C2=O)C3=CC(=C(C=C3)C(=O)O)O,1
CCCN1C(=NC(=C1C2=NC(=NC=C2)NC3CCCCC3)C4=CC(=C(C=C4)Cl)Cl)C5CCNCC5,1
COC1=CC=C(C=C1)CNC(=O)NC2=NC=C(S2)[N+](=O)[O-],1
CC1=C2C(C(=C(OC2=NN1)N)C#N)C3=CC=CC=C3I,1
C1C(CC(=O)C2=C1NC3=C(C2=O)C=CC(=C3)Cl)C4=C(C=C(C=C4)Cl)Cl,1
C1=CC=C(C=C1)NC2=NC(=NC=C2F)NC3=CC=CC=C3,1
CC1(CC2=C(C(=O)C1)SC3=C(N2)C=C(C=C3)Cl)C,1
CC1=C(N(C2=C1C=C(C=C2)C(=O)NC3=NC=NN3)CC4=CC=CC=C4)C,1
C1CC2=C(C1)SC3=C2C4=NNC(=S)N4C5=NNC(=S)N35,1
CCN(CC)C(=O)NC1=CC2=C(C=C1)N=C(C(=N2)C3=CC=CO3)C4=CC=CO4,1
C1CC1NC2=NN3C(=NN=C3C4=CC=C(C=C4)C(F)(F)F)C=C2,1
C1=CC=C(C=C1)C(C2=CC=CC=C2)(C(=O)NNC(=S)NC3=CC=C(C=C3)F)O,1
CC1=C2C(C(=C(OC2=NN1)N)C#N)C3=CC=CC=C3Cl,1
C1C2=C(CS1)N=C3C=C(NN3C2=O)C4=CC=CO4,1
C1=CC(=C(C(=C1)Cl)C2=C3C=CC(=NN3C=NC2=O)SC4=C(C=C(C=C4)F)F)Cl,1
CCN(CC)CCNC(=O)C1=C(NC(=C1C)C=C2C3=C(C=CC(=C3)F)NC2=O)C,1
C1=CC(=CN=C1)NC(=O)NCCCCCCNC(=O)NC2=CN=CC=C2,1
C1=CC(=CN=C1)CNC(=O)NCCCCCCNC(=O)NCC2=CN=CC=C2,1
CC1=CC=C(C=C1)C2(CC2C(=O)NC3=CC=NC=C3)C4=CC=C(C=C4)C,1
CC(C)(C)C1=C2C(C(=C(OC2=NN1)N)C#N)C3=CC=CC=C3F,1
C1=COC(=C1)C=C2C(=O)N3C(=C(C(C(=C3S2)C(=O)N)C4=CC=CO4)C#N)N,1
CCOC(=O)C1=C2N(C(=C(C1C3=CC=CO3)C#N)N)C(=O)C(=CC4=CC=CO4)S2,1
CC(=NNC(=O)C1=C(N(N=N1)C2=NON=C2N)C3=CC=CC=C3)C4=CC=CO4,1
CCNNC1=CC(=C(C2=NC3=CC=CC=C3N12)C#N)C,1
CCOC1=CC=CC=C1C=NNC(=O)C2=C(N(N=N2)C3=NON=C3N)N4CCCC4,1
C1=CC=C(C=C1)C2=C(C(=O)NC3=C2C=C(C=C3)Cl)N,1
CC1=C(C2=NC3=CC=CC=C3N2C(=O)C1=CC4=C(NN(C4=O)C5=CC(=CC=C5)Br)C)C#N,1
CC1=CC2=NN=C(N2C3=CC=CC=C13)SCC4=CN5C=CC=CC5=N4,1
CN(C)C(=O)NC1=CC2=C(C=C1)N=C(C(=N2)C3=CC=CO3)C4=CC=CO4,1
CCOC(=O)C1=C(N2C(=C(C1C3=CC=CS3)C(=O)N)SC(=CC4=CC=CS4)C2=O)N,1
C1CCC(=C2CCC3=C(C4=CC=CC=C4N=C23)C(=O)O)C1,1
C1C2=C(C3=CC=CC=C3NC1=O)NC4=C2C=C(C=C4)[N+](=O)[O-],1
CC(C)N(C(C)C)C(=O)NC1=CC2=C(C=C1)N=C(C(=N2)C3=CC=CO3)C4=CC=CO4,1
C1=CC=C(C=C1)C2=C(N=NN2C3=NON=C3N)C(=O)NN=CC4=CC=CS4,1
C1=CC=C(C=C1)COC2=CC=C(C=C2)NC3=NC=NC4=CC=CC=C43,1
C1=CC=C2C(=C1)NC(=N2)SC3=CC=C(O3)C=NNC(=O)C4=CC(=CC=C4)[N+](=O)[O-],1
CC1=C(C=C(C=C1)NC(=O)NC2=CC=C(C=C2)C3=C4CNC(=O)C4=CC=C3)C,1
CN1CCC(C(C1)O)C2=C(C=C(C3=C2OC(=CC3=O)C4=CC=CC=C4Cl)O)O,1
CN(C)CCCC(=O)NC1=NNC2=NN=C(C=C21)C3=C(C(=CC=C3)F)F,1
CCN(CC)CCOC1=CC=C(C=C1)C2=NC3=C(C=CC=C3N2)C(=O)N,1
C1CCN(C1)CCCCNC(=O)NC2=C(C(=NS2)OCC3=C(C=C(C=C3F)Br)F)C(=O)N,1
C1CC2=C(C1)NN=C2NC(=O)CC3=CC=C(C=C3)Cl,1
CC1CCN(CC1N(C)C2=NC=NC3=C2C=CN3)C(=O)CC#N,1
CC(C1CCC(CC1)C(=O)NC2=C3C=CNC3=NC=C2)N,1
COC1=C(C=C2C(=C1)N=CN2C3=CC(=C(S3)C(=O)N)OCC4=CC=CC=C4C(F)(F)F)OC,1
CSC1=CC=C(C=C1)C2=NC(=C(N2)C3=CC=NC=C3)C4=CC=C(C=C4)F,1
C1=CC(=CC=C1C2=CSC3=NC=NC(=C23)N)NC(=O)NC4=C(C=CC(=C4)C(F)(F)F)F,1
CNCC1=CC=C(C=C1)C2=C3CCNC(=O)C4=C3C(=CC(=C4)F)N2,1
CNC(=O)C1=CC=CC=C1NC2=NC(=NC=C2Cl)NC3=C(C=C(C=C3)N4CCOCC4)OC,1
CC1=C2C(=O)C(=CNC2=NC(=C1Br)N3CCC(C3)NC)C(=O)O,1
CC1=CC(=CC=C1)NC(=O)NC2=CC=C(C=C2)C3=COC4=NC=NC(=C34)N,1
C1CCN(C1)C2CCC(CC2)N3C=C(C4=C(N=CN=C43)N)C5=CC(=CC=C5)OCC6=CC=CC=C6,1
CC1=CC=CC=C1NC(=O)NC2=CC=C(C=C2)C3=COC4=NC=NC(=C34)N,1
C1=CC2=C(C=C1C3=CC=NC=C3)N(C=C(C2=O)C(=O)N)C4=C(C=C(C=C4)O)Cl,1
C1CNC(=O)C2=C1NC(=C2)C3=CC(=NC=C3)C4=CC5=CC=CC=C5N=C4,1
CN(C)C1=CC=CC2=C1C=CC=C2S(=O)(=O)N(CCN)C3=CN=CC(=C3)C4=CC5=C(C=C4)C=NC=C5,1
C1=CC(=CC(=C1)NC(=O)NC2=CC=C(C=C2)C3=NOC4=NC=NC(=C34)N)C(F)(F)F,1
C1=CC=C(C(=C1)COC2=C(SC(=C2)N3C=NC4=CC=CC=C43)C(=O)N)C(F)(F)F,1
C1=CC(=CC=C1C2=C(NC(=N2)C3=CC=C(C=C3)F)C4=CC=NC=C4)F,1
CC1=CC(=CC(=C1)NC(=O)NC2=CC(=C(C=C2)C3=C4CNC(=O)C4=CC=C3)C(F)(F)F)C,1
CCN1C(=C(SC1=O)C2=NC(=NC=C2)NC3=CC(=CC=C3)OC)C,1
CC1(C(=O)NC2=C(O1)C=CC(=N2)NC3=NC(=NC=C3F)NC4=CC(=C(C(=C4)OC)OC)OC)C,1
CC1=C(C=CC(=C1)NC(=O)CC2=CC=C(C=C2)C3=C4C(=CC=C3)NN=C4N)F,1
CS(=O)(=O)NC1=C(C=C2C(=C1)OCCCCCOC3=NC(=CN=C3C#N)NC(=O)N2)Cl,1
CCOC1=C(C(=CC(=N1)NC(=O)CC2=CC(=C(C=C2OC)S(=O)(=O)C)OC)N)C#N,1
CC1(CC(C1)C2=NC(=C3N2C=CN=C3N)C4=CC5=C(C=C4)C=CC(=N5)C6=CC=CC=C6)O,1
CC(C)OC1=C(C(=CC(=N1)NC(=O)CC2=CC(=C(C=C2OC)S(=O)(=O)C)OC)N)C#N,1
C1=CC=C(C=C1)OC2=CC=C(C=C2)CCNC3=C(C(=O)C3=O)NC4=CC=NC=C4,1
CN1C2=C(C(=CN=C2)C3=CC=C(C=C3)NC(=O)NC4=CC=CC(=C4)C(F)(F)F)C(=N1)N,1
CCOC1=C(C(=CC(=N1)NC(=O)C)N)C#N,1
C1CNC(=O)C2=C1NC(=C2)C3=CC=NC=C3,1
C1CCOC2=CC(=C(C=C2NC(=O)NC3=CN=C(C(=N3)OCC1)C#N)Cl)OCC(CO)O,1
CCOC1=C(C(=CC(=N1)C(=O)NCC2=CC=CC=C2S(=O)(=O)N)N)C#N,1
CCOC1=C(C(=CC(=N1)C(=O)NCC2=CN=CC=C2)N)C#N,1
CCCCNC1=C2C=CC=C3C2=C(C=C1)C(=O)N(C3=O)CCNCCO,1
C1=CC=C(C=C1)C(C2=CC=CC=C2)(C(=O)NNC(=S)NC3=CC=C(C=C3)Cl)O,1
C1=CC(=CC(=C1)S(=O)(=O)N)NC2=NC=C(C(=N2)NC3=CC=C(C=C3)OCC#N)Br,1
C1=CC=C(C=C1)NC2=C3C(=CSC3=NC=N2)Cl,1
C1=CC(=CC(=C1)O)NC2=C3C(=CSC3=NC=N2)Cl,1
C1=CC(=CC=C1NC2=C3C(=CSC3=NC=N2)Cl)O,1
C1CNC2=NC=NC(=C2N=C1C3=CC=C(C=C3)NC(=O)NC4=CC=CC(=C4)C(F)(F)F)N,1
C1CNC2=NC=NC(=C2N=C1C3=CC=C(C=C3)NC(=O)NC4=C(C=CC(=C4)C(F)(F)F)F)N,1
CC1=NC=CN2C1=NC(=C2C3=NC(=NC=C3)NCC(C)(C)CO)C4=CC=C(C=C4)F,1
C1=CC(=C2C(=C1)NC(=O)C3=CC(=NN=C3N2)Cl)C(=O)N,1
CCOC1=C(C(=CC(=N1)C(=O)NCC2=CC=C(C=C2)S(=O)(=O)C)N)Cl,1
CCN(CCCOC1=CC2=C(C=C1)C(=NC=N2)NC3=NNC(=C3)CC(=O)NC4=CC(=CC=C4)F)CCO,1
CC(C)(CNC1=NC=CC(=N1)C2=C(N=C3N2C=CN=C3CC4CC4)C5=CC=C(C=C5)F)CO,1
CC1=NC=CN2C1=NC(=C2C3=NC(=NC=C3)NCC4(CC4)O)C5=C(C=C(C=C5)F)F,1
CN1C=C(C2=CC=CC=C21)C=C3C4=C(C=CC=N4)NC3=O,1
C1=CC=C(C=C1)C2=CC(=NC(=O)N2)C3=CC4=C(C=C3)NN=C4,1
C1CC(CNC1)C2=CC(=C(C=C2)C3=NC4=C(C=CC=C4N3)C(=O)N)F,1
C1CC(CNC1)C2=CC(=C(C=C2)C3=NC4=C(C=C(C=C4N3)Cl)C(=O)N)F,1
CC1=C(C=C(C=C1)C(=O)NC2=NOC=C2)NC3=C4C=NN(C4=NC=N3)C5=CC=CC=C5,1
C1=CC(=CC(=C1)Cl)NC(=O)NC2=CC=C(C=C2)C3=CSC4=C3C(=NC=C4)N,1
CCC(CC)(C#CC1=CN=C(C2=C1SC=C2C3=CC=C(C=C3)NC(=O)NC4=CC=CC(=C4)C)N)N,1
CC1=CC(=CC=C1)NC(=O)NC2=CC=C(C=C2)C3=CSC4=C3C(=NC=C4C#CCN)N,1
CC1=CC(=CC=C1)NC(=O)NC2=CC=C(C=C2)C3=CSC4=C3C(=NC=C4C#CCN5CCOCC5)N,1
C1=CC=C(C(=C1)C(F)(F)F)NC(=O)NC2=CC=C(C=C2)C3=CSC4=C3C(=NC=C4)N,1
CN1CCC1COC2=CN=CC(=C2)CCC3=CC=NC=C3,1
CN1CCCC1COC2=CN=CC(=C2)CCC3=CC=CC=C3,1
CC1=NN=C(O1)C2=CC3=C(S2)C=NC=C3OC4=CC=C(C=C4)C(F)(F)F,1
C1=CC(=C(C=C1F)F)C2=CN=CC3=C2C=C(S3)C(=O)N,1
C1=CC(=CC(=C1)F)OC2=CN=CC3=C2C=C(S3)C(=O)N,1
CC1=CC(=CC=C1)C2=C(N=C(N(C2=O)C)NCC(CC3=CC=CC=C3)N)C4=CC=NC=C4,1
CC1=CC2=C(C=C1)NC3=CC=CC=C3C(=O)N2,1
CC1=C2C=C(C=CC2=NN1)C3=CC(=CN=C3)OCC(CC4=CNC5=CC=CC=C54)N,1
CC1CCCN1CCC2=CC3=C(N2)C=CC(=C3)C4=CC=C(C=C4)OC(F)(F)F,1
CC1CCN(CC1N(C)C2=NC=NC3=C2C=CN3)C(=O)CO,1
C1=CC2=C(C=NN2)C(=C1)NC(=O)NCC3=CC=C(C=C3)Cl,1
C1C2=C(C=CC(=C2)C3=CC(=CN=C3)OCC(CC4=CNC5=CC=CC=C54)N)NC1=O,1
CN(C)CC(=O)NC(CC1=CNC2=CC=CC=C21)COC3=CN=CC(=C3)C4=CC5=C(C=C4)C=NC=C5,1
C1=CC=C2C(=C1)C(=CN2)CC(COC3=CN=CC(=C3)C4=CC5=C(S4)C=NC=C5)N,1
CCN(CC)CCCNC1=CC=CC(=N1)C2=NC3=C(C=CC=C3N2)C(=O)N,1
CC1=CC(=NO1)NC(=O)CCNC(=O)NC2=NC(=C(S2)C3=CC=C(C=C3)N4C=CC=N4)C,1
COC1=C(C=C(C(=C1)C=O)Cl)NC(=O)NC2=NC=C(N=C2)C#N,1
CCCON1C2=C(C=C(C=C2)Cl)C(=O)C3=C1N(N=C3C)C,1
CC1=NN(C2=C1C(=O)C3=C(N2O)C=CC(=C3)Cl)C4=CC=CC=C4,1
C1=CC=C(C(=C1)C(=O)O)NC2=NC(=NC=C2)NC3=CC(=CC=C3)O,1
C1=CC=C(C(=C1)C(=O)O)NC2=NC(=NC=C2)NC3=CC4=C(C=C3)NN=C4,1
C1=NC2=C(C(=N1)N)SC3=NC=NC(=C23)N,1
CCN1C(=O)N(C2=CN=C(N=C2N1C3CCCC3)NC4=C(C=C(C=C4)C(=O)NC5CCN(CC5)C)OC)C,1
C1=CC(=CC=C1CNC(=O)NC2=CC3=C(C=C2)NN=C3)Br,1
C1=CC(=C(C=C1Cl)Cl)C2=C(C=C(N2)C3=NC(=NC=C3)N)C(=O)N,1
C1=CC2=NC=CC(=C2C=C1C(F)(F)F)NC(=O)NC3=NC=CN=C3,1
C1COCCN1C2=CC=CC(=N2)NC(=O)NC3=C4C=CC=C(C4=NC=C3)C(F)(F)F,1
C1=CC2=C(C=CN=C2C(=C1)F)NC(=O)NC3=NC=CN=C3,1
COC1=CC2=C(C=C1)NC(=O)C2=CC3=CN=CN3,1
CC(C)S(=O)(=O)N1C2=C(C=CC(=C2)C3=C(N=C4N3C=CS4)C5=CC=C(C=C5)F)N=C1N,1
CC(C)CN1C2=C(C=CC(=C2)C3=C(N=C4N3C=CS4)C5=CC=C(C=C5)F)N=C1N,1
C1=CC(=CC(=C1)Cl)NC(=O)NC2=NC=C(S2)CCNC3=NC=NC4=C3SC=C4,1
C1CCC2=C(C1)C(=NNC2=O)CC3=CC(=C(C=C3)F)C(=O)N4CCN(CC4)C5=NC=CC=N5,1
CCN1C2=CC(=C(C=C2C(=O)C3=C1NOC3=O)O)Cl,1
CC1=CC=CC=C1C2=C(N(C3=CC=CC=C32)CCCOC4=CC=CC5=CC=CC=C54)C(=O)O,1
CC(C)C1=NN=C2N1N=C(C=C2)C3=C(N=C4N3C=CO4)C5=C(C=C(C=C5)F)F,1
C1=CC=C(C=C1)CC2=NOC(=C2)C3=CC4=C(C=C3)NN=C4,1
C1=CC=C(C=C1)CN2C=C(N=N2)C3=CC4=C(C=C3)NN=C4NC(=O)C5=CC=CC=C5,1
CCCC1=NOC(=C1)C2=CC3=C(C=C2)NN=C3,1
C1CCN(CC1)C(=O)C2=NOC(=C2)C3=CC4=C(C=C3)NN=C4,1
C1=CC=C(C=C1)CC2=CN(N=N2)C3=CC4=C(C=C3)NN=C4,1
CC(C)CC1=NOC(=C1)C2=CC3=C(C=C2)NN=C3N,1
C1COCCN1CCN2C=NC(=C2C3=CC4=C(C=C3)NN=C4)C5=CC=C(C=C5)F,1
C1CCC(CC1)NC2=C(N=C3N2C=CC=N3)C4=CC5=C(C=C4)NN=C5,1
CC(C)(C1=NN=C2N1N=C(C=C2)C3=C(N=C4N3CCC4)C5=C(C=C(C=C5)F)F)O,1
CCN1C2=CC(=C(C=C2C(=O)C3=C1NOC3=O)F)Cl,1
C1=CC(=CC(=C1)C(F)(F)F)CNC2=C(C(=O)C2=O)NC3=CC=NC=C3,1
C1=CC(=CC=C1CNC2=C(C(=O)C2=O)NC3=CC=NC=C3)Cl,1
COC1=C(C=C2C(=C1)N=CN2C3=CC(=C(S3)C(=O)O)OCC4=CC=CC=C4C(F)(F)F)OC,1
C1=CC=C(C(=C1)CC(=O)NC2=CC3=C(C=C2)C=NN3)Cl,1
C1=CC=C2C(=C1)N=NN2CC3=CN(N=N3)C4=CC5=C(C=C4)NN=C5,1
C1=CC=C2C(=C1)N=C(N2CCCO)NC(=O)C3=CC(=CC=C3)[N+](=O)[O-],1
CSC1=CC=CC=C1CNC2=NC=C(C(=N2)NCC3CCC(CC3)CN)[N+](=O)[O-],1
C1COCCN1CCOC2=CC3=C(CC4=C3NN=C4C5=CN=C(C=C5)C#N)C=C2,1
C1CCOC2=NC(=CN=C2C#N)NC(=O)NC3=CC(=C(C=C3OC1)NCC4=CN=CS4)Cl,1
C1=CC(=CC(=C1)F)NC(=O)NC2=CC=C(C=C2)NC(=O)C3=C4C(=NC=NN4C=C3)N,1
CN1C2=C(C=C(C=C2)N(C)C(=O)C3CCCCC3)N=C1NC(=O)C4=CC=C(C=C4)C#N,1
CCCCN1C2=C(C=C(C=C2)N(C)C(=O)C3CCCCC3)N=C1NC(=O)C4=CC=C(C=C4)C#N,1
CCOC1=C(C(=CC(=N1)C(=O)NCC2=CC=C(C=C2)S(=O)(=O)N)N)C#N,1
C1=CC2=C(C=CC(=C2)NC(=O)NC3=NC=C(N=C3)C#N)C=C1C(=O)O,1
CC(C)(CN1C=C(C=N1)C2=CN=C(C3=C2SC=C3C4=CC=C(C=C4)NC(=O)NC5=CC=C(C=C5)OC)N)O,1
C1=CC=C2C(=C1)C=C(S2)C3=CC(=CC4=C3NN=C4)C5=CN(C6=CN=C(N=C65)N)CCN,1
COC1=CC=CC(=C1)NC(=O)C2=C3N=CC=C(N3N=C2)C4=CC=CC=C4,1
CC1=CSC(=N1)NC(=O)C2=C(C3=C(S2)N=C(C=C3)C4=CC=NC=C4)N,1
C1CC(CCC1NC2=NC(=CC(=N2)Cl)C3=CNC4=C3C=CC=N4)O,1
C1=CC(=CC=C1C2=CNC3=NC=CC(=C23)Cl)C(=O)N,1
C1=CC=C(C=C1)C2=CNC3=C2C(=NC=N3)NC(CO)CO,1
C1CC(CCC1NC2=CC(=NC(=N2)C3=CNC4=C3C=CC=N4)Cl)O,1
C1=CC=C(C=C1)NC(=O)NC2=CC=C(C=C2)C3=CSC4=NC=NC(=C34)N,1
CC1=CC=C(C=C1)NC(=O)NC2=CC=C(C=C2)C3=CSC4=C3C(=NC=C4C5=CN(N=C5)C(C)C(=O)NC)N,1
CNC(=O)C1=CN=C(C2=C1SC=C2C3=CC=C(C=C3)NC(=O)NC4=CC(=CC=C4)Cl)N,1
CC1=C(C(=C2N1N=CN=C2N)C3=CC=C(C=C3)NC(=O)NC4=CC=CC=C4)C(=O)OC,1
COC1=CC=C(C=C1)NC(=O)NC2=CC=C(C=C2)C3=CSC4=C3C(=NC=C4C5=CN(N=C5)CCO)N,1
CC1=C2C(=C(C=C1)C3=CC=C(C=C3)NC(=O)NC4=CC(=CC=C4)Br)C(=NN2)N,1
CC(C)(C(=O)N)N1C=C(C=N1)C2=CN=C(C3=C2SC=C3C4=CC=C(C=C4)NC(=O)NC5=CC(=CC=C5)F)N,1
CC1=CC(=C(C=C1)F)NC(=O)NC2=CC=C(C=C2)C3=C(C4=NC=CN=C4C=C3)N,1
C1=CC=C(C=C1)NC(=O)NC2=CC=C(C=C2)NC(=O)C3=CSC4=NC=NC(=C34)N,1
CC1=CC(=CC(=C1)NC(=O)NC2=CC=C(C=C2)C3=C4C=NSC4=CC=C3)C,1
CC1=C(C=CC(=C1)NC2=NC=C(C(=N2)NC3C4CC(C3C(=O)N)C=C4)F)N5CCN(CC5)C,1
CC(C1=CC=CC=C1)NC2=NC=CC(=N2)C3=C(N=C4N3C=CO4)C5=CC=C(C=C5)F,1
CCN1CCN(CC1)C2=CC=C(C=C2)NC3=NC=CC(=N3)C4=C(N=C5N4C=CC=C5)C6=CC(=CC=C6)C(=O)NC7=CC=CC=C7F,1
CS(=O)(=O)NCCOC1=CN=CC(=C1)C2=CC3=C(C=C2)C=NC=C3,1
C1=CC=C2C(=C1)C(=CN2)CC(COC3=CN=CC(=C3)C4=CC(=C(C=C4)N)C(=O)C5=CC=CC=C5F)N,1
CC1=C(N=NN1CC2=CC=CC=C2)C3=CC4=C(C=C3)NN=C4N,1
C1=CC=C2C(=C1)C(=CN2)CC(COC3=CN=CC(=C3)C4=CC(=C(C=C4)N)C(=O)C5=CC(=CC=C5)Cl)N,1
CCCCOC1=NC=NC2=C1C(=CN2)C3=CC=CC=C3,1
CN(CCOC)C(=O)C1=C(N=NN1CC2=CC=CC=C2)C3=CC4=C(C=C3)NN=C4,1
CN(C)C(=O)C1=C(N=NN1CC2=CC=CC=C2)C3=CC4=C(C=C3)NN=C4,1
C1=CC=C(C=C1)C(CO)NC(=O)C2=CC=C(C=C2)C3=CC=NC=C3,1
CC1=C(C=CN=C1)C2=CC=C(C=C2)C(=O)NC(C)C3=CC(=CC=C3)OC,1
CC(C1=CC(=CC=C1)OC)NC(=O)C2=CC(=C(C=C2)C3=CC=NC=C3)F,1
CC1=C(C=CC(=C1)C(=O)NC(C)C2=CC(=CC=C2)OC)C3=CC=NC=C3,1
C1=CC=C(C=C1)C(CCO)NC2=NC3=C(S2)C=C(C=C3)C4=CC=NC=C4,1
CC(C1=CC(=CC=C1)OC)NC(=O)C2=C(C=C(C=C2)C3=CC=NC=C3)NCCCN,1
CCCOC1=CC=CC(=C1)C(C)NC(=O)C2=CC=C(C=C2)C3=CC=NC=C3,1
C1=CC=C(C=C1)CNC(=O)C2=CC=CC(=C2)C3=CN=C4C(=C3)C=CN4,1
C1=CC(=CC=C1CC(CO)NC(=O)C2=CC=C(C=C2)C3=CC=NC=C3)Cl,1
CNS(=O)(=O)C1=CC=CC=C1NC2=NC(=NC=C2Cl)NC3=CC(=C(C(=C3)OC)OC)OC,1
CC(=O)N1CCN(CC1)C2=CC(=C(C=C2)OC)NC3=NC=C(C(=N3)NC4=CC=CC=C4S(=O)(=O)NC)Br,1
CCC1C(=O)N(C2=CN=C(N=C2N1C3CCCC3)NC4=C(C=C(C=C4)C(=O)NC5CCCCC5)OC)C,1
CN(C1=CC=CC=C1CNC2=NC(=NC3=C2C=CN3)N)S(=O)(=O)C,1
C1C2=C(C=C(C=C2C(=O)N1)OCCCN)C3=CC=C(C=C3)NC4=NC5=CC=CC=C5O4,1
C1C2=C(C=CC=C2C(=O)N1)C3=CC=C(C=C3)NC4=NC5=CC=CC=C5O4,1
CC(=O)NC1=CC=CC(=C1)CNC2=C(C(=O)C2=O)NC3=CC4=C(C=C3)NN=C4,1
C1=CC(=C(C=C1CNC(=O)NC2=CC3=C(C=C2)NN=C3)Cl)Cl,1
C1=CC(=CC=C1C(=O)NC2=C(SC3=C2C(=C(C=C3)Cl)Cl)C(=O)N)Cl,1
C1=CC=C2C(=C1)C(=CN2)CC(C(=O)NC3=CN=CC(=C3)C=CC4=CC=NC=C4)N,1
COC1=CC=CC(=C1)CNC(=O)C2=CC3=C(NN=C3S2)C4=CC=CC=C4,1
COC1=C(C=CC(=C1)C2=CC3=C(C=C2)C(=O)NC4=C(N3)C=CC(=C4)C(=O)NCC5=CC(=CC=C5)F)O,1
CN(C)S(=O)(=O)C1=CC=CC=C1C2=CC3=C(C=C2)C(=O)NC4=CC=CC=C4N3,1
COC1=C(C=CC(=C1)C2=CC3=C(C=C2)C(=O)NC4=C(N3)C=CC(=C4)CCOC5=CC=C(C=C5)N6CCOCC6)OCC(CO)O,1
C1=CC(=CC(=C1)OCCN)NC2=NC(=NC=C2)N,1
C1=CC(=CN=C1)C2=CC3=CC(=NC=C3C=C2)NCCO,1
CNC(=O)C1=NC=CC(=C1)OC2=CC=C(C=C2)NC(=O)NC3=CC=CC(=C3)C(F)(F)F,1
CNC1=NC=NC2=C1N=C(CCN2)C3=CC=C(C=C3)NC(=O)NC4=CC=CC(=C4)C(F)(F)F,1
C1=CC=C2C(=C1)C(=CN2)CC(COC3=CN=CC(=C3)C=CC4=CC=NC=C4)O,1
C1=CC=C2C(=C1)C(=CN2)CC(COC3=CN=CC(=C3)C4=CC5=C(S4)C=CN=C5)N,1
C1=CC=C2C(=C1)C(=CN2)CC(COC3=C(N=CC(=C3)C=CC4=CC=NC=C4)Cl)N,1
COCCNC1=NC=CC(=N1)C2=C(N=C3N2C=CN=C3)C4=CC=C(C=C4)F,1
CC(C)(CNC1=NC=CC(=N1)C2=C(N=C3N2C=CN=C3)C4=CC=C(C=C4)F)CO,1
CC1=NC=CN2C1=NC(=C2C3=NC(=NC=C3)NCC(C)(C)COC)C4=CC=C(C=C4)F,1
CC(C)(CNC1=NC=CC(=N1)C2=C(N=C3N2C=CN=C3OC)C4=C(C=C(C=C4)F)F)CO,1
CC(C)(CNC1=NC=CC(=N1)C2=C(N=C3N2C=CN=C3CCN)C4=CC=C(C=C4)F)CO,1
CC(C)OC1=NC=CN2C1=NC(=C2C3=NC(=NC=C3)NCC(C)(C)CO)C4=C(C=C(C=C4)F)F,1
CC1=CN2C(=C(N=C2C(=N1)C)C3=C(C=C(C=C3)F)F)C4=NC(=NC=C4)NCC(C)(C)CO,1
CC1=NC=CN2C1=NC(=C2C3=NC(=NC=C3)NCC(C)(C)C(=O)O)C4=C(C=C(C=C4)F)F,1
CC(C)(CNC1=NC=CC(=N1)C2=C(N=C3N2C=CN=C3OC)C4=CC=C(C=C4)F)CO,1
CC(C)COC1=NC=CN2C1=NC(=C2C3=NC(=NC=C3)NCC(C)(C)CO)C4=CC=C(C=C4)F,1
CC1=CC(=C2C(=C1)N=C(O2)NC3=CC=C(C=C3)C4=NN(C5=NC=NC(=C45)N)C6CCC(CC6)OCCOC)C,1
CC1=CC2=C(C(=C1)Cl)OC(=N2)NC3=CC=C(C=C3)C4=NN(C5=NC=NC(=C45)N)C6CCC(CC6)OCCOC,1
CC(=O)C1=CC=CC(=C1)C2=CN=C3C(=C2)C=CN3,1
CCN(CC)CC#CC1=CC2=C(CC3=C2NN=C3C4=CN=C(C=C4)C#N)C=C1,1
CN1CCN(CC1)CC2=CC3=C(C=C2)C4=C(C3)C(=NN4)C5=CSC(=C5)C#CCOCC6CC6,1
C1=CC=C(C=C1)C2=CSC(=N2)N3C4=C(C=CC(=C4)C#N)N=C3N,1
C1=CC(=C2C(=C1)NN=C2N)C3=CC=C(C=C3)NC(=O)NC4=C(C=CC(=C4)C(=O)O)F,1
C1=CC(=NC(=C1)NC(=O)NC2=C3C=CC(=C(C3=NC=C2)Cl)Cl)C(F)(F)F,1
CC1=CC(=C(C=C1Cl)NC(=O)NC2=NC=C(N=C2)C#N)OC,1
COC1=C(C=C(C(=C1)C(=O)O)Cl)NC(=O)NC2=NC=C(N=C2)C#N,1
CC1=C(N=C2C=C(C=CC2=N1)NS(=O)(=O)C3=CC=C(C=C3)N)C,1
C1=CC=C(C=C1)COCC(COC2=CN=CC(=C2)C=CC3=CC=NC=C3)N,1
C1CNCC1OC2=CN=CC(=C2)C=CC3=CC=NC=C3,1
CC1=C(C2=C(N=CN=C2N1C3CC(C3)CN4CCCC4)N)C5=CC(=CC=C5)OCC6=CC=CC=C6,1
CC1=C2C=C(SC2=NN1)C(=O)NCCC3=CC=C(C=C3)Cl,1
C1COCCN1C(=O)C2=CC=CC(=C2)C3=CN=C4C(=C3)C=CN4,1
CCCC(=O)NC1=NNC2=C1C=C(C=C2)C3=C(C(=CC=C3)F)F,1
C1=CC(=CC(=C1)F)C2=CN=CC3=C2C=C(S3)C(=O)N,1
C1=CC(=C(C(=C1C2=CN=CC3=C2C=C(S3)C(=O)N)F)F)Br,1
C1=CC=C(C=C1)C2=CN=CC3=C2C=C(S3)C(=O)O,1
CCS(=O)(=O)C1=CC=C(C=C1)C2=CN=CC3=C2C=C(S3)C(=O)N,1
COC(=O)C1=CC2=C(S1)C=NC=C2C3=CC(=CC=C3)F,1
CC(C)(CC1=NN=C2N1N=C(C=C2)C3=C(N=C4N3C=CO4)C5=C(C=C(C=C5)F)F)O,1
CC(C)C1=NN=C2N1N=C(C=C2)C3=C(N=C4N3CCC4)C5=C(C=C(C=C5)F)F,1
CC(C)(CO)C1=NN=C2N1N=C(C=C2)C3=C(N=C4N3C=CO4)C5=C(C=C(C=C5)F)F,1
CCCCN1C2=C(C=C(C=C2)N(C)C(=O)C3CCCCC3)N=C1NC(=O)C4=CC=CC(=C4)C#N,1
C1=CC=C2C(=C1)NC(=N2)C=CC3=CN=C(C4=C3SC=C4C5=CC=C(C=C5)N)N,1
CC1=CC2=CC(=CC(=C2N1)F)C3=CSC4=C3C(=NC=C4C=CC(=O)NC)N,1
CNC(=O)C=CC1=CN=C(C2=C1SC=C2C3=CC4=C(C=C3)OCO4)N,1
CC(C1=CC(=CC=C1)OC)NC(=O)N2CCC(=CC2)C3=CNC4=C3C=CC=N4,1
CC(C1=CC(=CC=C1)OC)NC(=O)C2=C(C=C(C=C2)C3=C(C=NC=C3)F)OC,1
CC(C1=CC(=CC=C1)OC)NC(=O)C2=CC=C(C=C2)C3=NC=NC=C3,1
CCCS(=O)(=O)NC1=CC=C(C=C1)C2=CC3=C(C=C2)NN=C3NC(=O)CC,1
CCCS(=O)(=O)NC1=CC=C(C=C1)C2=CC3=C(C=C2)NN=C3NC(=O)C,1
CC1=CC(=C(C=C1Cl)NC(=O)NC2=NC=C(N=C2)C#N)OCC3CCC(C3)C(=O)O,1
CC1=CC=CC=C1C2=CC=CC3=C2NC(=C3CCCOC4=CC(=CC(=C4C)C)C)C(=O)O,1
CC1=C(C(=NN1C)C)C2=CC=CC3=C2NC(=C3CCCOC4=CC=CC5=CC=CC=C54)C(=O)O,1
CCOC1=C(C(=CC(=N1)C(=O)NCC2=CC=NC=C2)N)C#N,1
CCCOC1=C(C(=CC(=N1)NC(=O)C)N)C#N,1
CC1=CC(=C(C=C1)F)C2=CN3C(=NN=C3N)C=C2,1
C1=CC2=C(C=C1C3=CN=C4C(=C3)C=CN4)NN=C2,1
CC(=NN=C(N)N)C1=CC(=CC(=C1)NC(=O)NCCCN(C)CCCNC(=O)NC2=CC(=CC(=C2)C(=NN=C(N)N)C)C(=NN=C(N)N)C)C(=NN=C(N)N)C,1
CN1C=C(C2=CC=CC=C21)C(CN)C3=CN=CC(=C3)C=CC4=CC=NC=C4,1
C1=CC=C(C=C1)CN2C=CC3=CN=C(N=C32)NC4=CC(=CC=C4)S(=O)(=O)N,1
C1=CC(=CC=C1C2=C(N(C=N2)CCCO)C3=CC=NC=C3)F,1
C1=CC=C(C=C1)C2=C(N(C=N2)CCCO)C3=CC=NC=C3,1
C1CNC(=O)C2=C1NC(=C2)C3=CC(=NC=C3)C=CC4=CC=CC=C4,1
C1=CC(=C(C=C1CNC2=C(C(=O)C2=O)NC3=CC=NC=C3)Cl)Cl,1
CSC1=CC2=C(C=C1)N=C3C(=C2Cl)CCNC3=O,1
CC1=C2C(=O)C(=CNC2=NC(=C1Cl)N3CCC(C3)CN)C(=O)O,1
CC1=C(C2=NC3=CC=CC=C3N2C(=O)C1=CC4=C(NN(C4=O)C5=CC=CC=C5)C)C#N,1
CC1=NC2=C(C(=O)O1)SC3=C(C=CC(=C23)Cl)Br,1
C1=CC=C2C(=C1)C=C3C(=N2)NN=C3NC(=O)C4=CC=NC=C4,1
C1=C(C2=C(N=CN=C2N1CC(C(CN)O)O)N)I,1
CCCC(=O)NC1=NNC2=NN=C(C=C21)C3=C(C(=CC=C3)F)F,1
CCOC1=C(C(=CC(=N1)C(=O)NCC2=CC=CC=C2S(=O)(=O)N)N)Cl,1
C1=CC=C2C(=C1)NC3=NN=C(C=C3C(=O)N2)Cl,1
C1COCCN1C2=CC=C(C=C2)OCCC3=CC4=C(C=C3)NC5=C(C=CC(=C5)C6=CN(C7=C6C=CN=C7)CC8=CC(=C(C(=C8)F)F)F)C(=O)N4,1
CCNC1=NC2=CC(=C(C=C2N=C1NCC)Cl)OC,1
C1=CC(=CC(=C1)N)C2=CC(=C3C(=C2)C=CC=N3)C(=O)N,1
CC(C)(CO)C1=NN=C2N1N=C(C=C2)C3=C(N=C4N3CCC4)C5=C(C=C(C=C5)F)F,1
CC1=C2C=C(N=CC2=NN1)C3=CC(=CN=C3)OCC(CC4=CC(=CC=C4)C(F)(F)F)N,1
C1CNCC=C1C2=CNC3=C2C=C(C=C3)C4=CC=C(C=C4)OC(F)(F)F,1
C1=CC(=CC=C1C2=CC(=CC(=C2O)CNC(=O)C(F)(F)F)NC3=NC=NC(=N3)N)Cl,1
CC1=CC(=CC=C1)C=NNC2=CC(=NC(=N2)OCCC3=CC=CC=N3)N4CCOCC4,1
CC1=CN=C(C=C1)NC2=NC3=C(N2)C=C(C=C3)[N+](=O)[O-],1
CC1=NN(C2=C1C(=O)C3=C(N2OCC(C)C)C=CC(=C3)Cl)C,1
CN1C(=O)C(=C(N=C1NCC(CC2=CC=CC=C2)N)C3=CC=NC=C3)C4=CC5=CC=CC=C5C=C4,1
C1=CC(=CC(=C1)O)C2=C3C(=CC=C2)ON=C3N,1
C1COC2=C(C1N3C4=NC(=NC=C4NC3=O)N5C=NC6=C5C=C(C=C6)F)C=CC=C2F,1
CC(=O)NC1=C(SC2=C1C(=C(C=C2)Cl)Cl)C(=O)N,1
C1CC2=C(C(=O)C1)C(=O)C3=C(O2)C=C(C=C3)C(F)(F)F,1
CC(C)(C)OC(=O)N1C=C(C2=CC=CC=C21)C3=CN=CN3C4CCCCC4,1
C1=NC(=C2C(=N1)N(N=C2I)C3C(C(C(O3)CO)O)O)N,1
CC1=CC(=CC2=C1N=C(N2)C3=C(C=CNC3=O)NCC(C4=CC(=CC=C4)Cl)O)N5CCOCC5,1
CN1CCN(CC1)C2=CC3=C(C=C2)N=C(N3)C4=C(C5=C(C=CC=C5F)NC4=O)N,1
COC1=C(C=CC(=C1)C=C2C(=O)NC(=NC3=CC=CC=C3)S2)O,1
COC1=C(C=C(C=C1)C=C2C(=O)NC(=NC3=CC=CC=C3)S2)OC,1
C1=CC2=C(C=C1Cl)C3=C(C(=O)NC(=C3C(=N)O2)O)C#N,1
COC1=CC=CC(=C1)C=C2C(=O)NC(=NC3=CC=CC=C3)S2,1
C1=CC(=CC=C1C2=C(NN=C2NC3=CC=C(C=C3)O)C4=CC=C(C=C4)O)O,1
CC(=NNC(=N)N)C1=CC(=CC(=C1)NC(=O)C2=CC(=CC=C2)C(=O)NC3=CC(=CC(=C3)C(=NNC(=N)N)C)C(=NNC(=N)N)C)C(=NNC(=N)N)C,1
C1=CC(=CC(=C1)Cl)C2=CN3C(=N2)C(=CNC3=O)I,1
CC1=C(C=CC2=C1CCCC2=NNC(=O)CC3=CC=CC4=CC=CC=C43)O,1
C1=CC(=CC=C1OC2=CN=CC3=C2C=C(S3)C4=NOC(=O)N4)I,1
C1=CC(=CC(=C1)Cl)NC2=NNC(=C2C3=CC=C(C=C3)O)C4=CC=C(C=C4)O,1
C1=CC=C(C=C1)CNC(=O)C(=CC2=CC(=C(C=C2)O)O)C#N,1
C1CNCCN(C1)S(=O)(=O)C2=CC=CC3=C2C=CN=C3,1
CCC(CO)NC1=NC(=C2C(=N1)N(C=N2)C(C)C)NCC3=CC=CC=C3,1
COC1=NC=CC(=N1)C2=C(N=CN2C3CCC(CC3)O)C4=CC=C(C=C4)F,1
CC(C1CCC(CC1)C(=O)NC2=CC=NC=C2)N,1
C1=CC=C2C(=C1)C3=NNC4=CC=CC(=C43)C2=O,1
CS(=O)C1=CC=C(C=C1)C2=NC(=C(N2)C3=CC=NC=C3)C4=CC=C(C=C4)F,1
COCCOC1=C(C=C2C(=C1)C(=NC=N2)NC3=CC=CC(=C3)C#C)OCCOC,1
C1=CC=C2C(=C1)C=CC(=C2SSC3=C(C=CC4=CC=CC=C43)O)O,1
CC1=CC(=NC2=C1C3=C(S2)C(=NC=N3)N)C,1
C1=CC=C(C=C1)CSC2=NNC(=N2)C3=CC=NC=C3,1
C1=CSC(=C1)C=NNC(=O)C2=C(N(N=N2)C3=NON=C3N)C4=CC=CS4,1
CC1=CC=C(C=C1)CNC2=NN3C(=NN=C3C4=CC=CC=C4)C=C2,1
CC1=C(SC(=N1)COC2=CC=CC=C2Cl)C3=NC(=NC=C3)N,1
COC1=C(C=CC(=C1)C=C2C(=O)NC(=S)S2)O,1
C1=CC=C2C(=C1)C(=CN2)C=NNC3=NC4=CC=CC=C4N3,1
COC1=C(C=CC(=C1)C=C(C#N)C2=C(C(=NN2)N)C#N)O,1
CC(C)OC1=CC=C(C=C1)NC(=O)N2CCN(CC2)C3=NC=NC4=CC(=C(C=C43)OC)OCCCN5CCCCC5,1
CC1=C(C(=CC=C1)Cl)NC(=O)C2=CN=C(S2)NC3=CC(=NC(=N3)C)N4CCN(CC4)CCO,1
CNC(=O)C1=CC=CC=C1SC2=CC3=C(C=C2)C(=NN3)C=CC4=CC=CC=N4,1
CC1=C(N2C=CC=CC2=N1)C3=CSC(=N3)NC4=CC=C(C=C4)O,1
CC1=NN(C(=C1)C2=CC=CC=C2)C3=NC=NC(=C3)NN=CC4=CC=CO4,1
C1=CC2=NSN=C2C(=C1)NC(=O)NN=CC3=C(C=C(C=C3)O)O,1
COC1=CC(=C(C=C1)C(=O)NC2=NC3=C(S2)C=C(C=C3)Cl)OC,1
CC1=CC(=CC=C1)NC(=O)NC2=CC=C(C=C2)C3=C4CNC(=O)C4=CC=C3,1
C1=CC=C(C=C1)C2=C(N=NC3=NNC(=C23)N)C4=CC=CC=C4,1
CC1=C(SC(=N1)N)C2=NC(=NC=C2)NC3=CC=C(C=C3)N4CCOCC4,1
C1C2=C(C3=C(C=CC=N3)NC1=O)NC4=C2C=C(C=C4)Br,1
CN1CCN(CC1)C2CCC(CC2)N3C=C(C4=C(N=CN=C43)N)C5=CC=C(C=C5)OC6=CC=CC=C6,1
C1=CC=C(C=C1)C2=NN=C3N2N=C(C=C3)NCC4=CC=C(C=C4)Cl,1
C1=CC(=C(C=C1Cl)C2=C(C(=O)NC3=C2C(=CC(=C3)Cl)Cl)O)O,1
COC1=NC=CC(=N1)C2=C(N=CN2C3CCNCC3)C4=CC=C(C=C4)F,1
CC(C(C)(C)C)NC1=C(C(=O)C1=O)NC2=CC=NC=C2,1
C1COCCN1C2=NC(=NC3=C2OC4=C3C=CC=N4)C5=CC(=CC=C5)O,1
CC1CNCCCN1S(=O)(=O)C2=CC=CC3=C2C(=CN=C3)C,1
C1=CC(=C2C(=C1)NC(=N2)C3=CC=NC=C3)C(=O)N,1
CC1=CC2=C(N1)C=CC(=C2F)OC3=NC=NC4=CC(=C(C=C43)OC)OCCCN5CCCC5,1
C1=CC(=CC=C1OC2=CN=CC3=C2C=C(S3)C4=NN=C(O4)N)Cl,1
CCC1=NC(=C(S1)C2=CC(=NC=C2)NC(=O)C3=CC=CC=C3)C4=CC=CC(=C4)C,1
CC1=CN=C(N1)C2=CN=C(N=C2C3=C(C=C(C=C3)Cl)Cl)NCCNC4=NC=C(C=C4)C#N,1
C1=CC=C(C=C1)CNC(=O)NC2=NC=C(S2)[N+](=O)[O-],1
CN1CCN(CC1)C2=NC3=CC=CC=C3C(=N2)C4=C(C(=O)NC4=O)C5=CNC6=CC=CC=C65,1
C1CN(CCC1C2=C(C(=NN2)C3=C(C=C(C=C3)Cl)F)C4=NC=NC=C4)C(=O)CO,1
C1=CC=C(C=C1)NC(=O)NC2=CC=C(C=C2)C3=C4C(=CC=C3)NN=C4N,1
CSC1=NN(C(=C1C(=O)N)N)C2=CC=CC=N2,1
CCN(CC)CC#CC1=CN=C(C2=C1SC=C2C3=CC=C(C=C3)NC(=O)NC4=CC=CC(=C4)C)N,1
CN1C2=NC(=NC=C2C=C(C1=O)OC3=C(C=C(C=C3)F)F)NC4CCOCC4,1
COC1=C(C=C(C=C1)NC(=O)NC2=CC=C(C=C2)C3=C4C(=CC=C3)ON=C4N)Cl,1
CC(=O)N1CCC(CC1)NC2=NC=CC(=N2)C3=C(N=C4N3C=CO4)C5=CC=C(C=C5)F,1
CCC1C(=O)N(C2=CN=C(N=C2N1C3CCCC3)NC4=C(C=C(C=C4)C(=O)NC5CCN(CC5)C)OC)C,1
CC1=CC(=CC=C1)NC(=O)NC2=CC=C(C=C2)C3=CN=CC4=C3C(=NN4C)N,1
CCOC1=C(C(=CC(=N1)NC(=O)CC2=C(C=CC(=C2)OC)OC)N)C#N,1
CC(=O)NC1=NC(=C(C(=C1)N)C#N)C2=CC=CC=C2,1
CCOC1=C(C(=CC(=N1)C(=O)NCC2=CC=C(C=C2)S(=O)(=O)C)N)C#N,1
CC(C)NC(=O)COC1=CC=CC(=C1)C2=NC3=CC=CC=C3C(=N2)NC4=CC5=C(C=C4)NN=C5,1
C1=CC=C(C=C1)C(C2=CC=CC=C2)(C(=O)NNC(=S)NC3=CC=C(C=C3)Cl)O,1
CCN1C2=CC(=NC=C2N=C1C3=NON=C3N)OC4=CC=CC(=C4)NC(=O)C5=CC=C(C=C5)OCCN6CCOCC6,1
CC1=CC(=CC=C1)NC(=O)NC2=CC=C(C=C2)NC(=O)C3=CSC4=NC=NC(=C34)N,1
C1CC(CCC1CN)CNC2=NC(=NC=C2[N+](=O)[O-])NCC3=CC=CC=C3Cl,1
CC1=CC2=C(N1)C=CC(=C2)C3=CSC4=C3C(=NC=C4C5=CC(=CC=C5)S(=O)(=O)C)N,1
CC1=CC(=CC=C1)NC(=O)NC2=CC=C(C=C2)C3=CSC4=C3C(=NC=C4C#CCNS(=O)(=O)C)N,1
CC1=CC(=CC=C1)NC(=O)NC2=CC=C(C=C2)C3=CSC4=C3C(=NC=C4C#CC(C)(C)N)N,1
C1=CC=C(C(=C1)NC(=O)NC2=CC=C(C=C2)C3=CSC4=C3C(=NC=C4C5=COC=C5)N)F,1
C1=CC=C(C=C1)C2=CN=CC3=C2C=C(S3)C(=O)N,1
CC1=C(C=CC(=C1)O)N2C=C(C(=O)C3=C2C=C(C=C3)C4=CC=NC=C4)C(=O)N,1
CC1CSC2=C(C(=O)C3=CC(=C(C=C3N12)N4CCC(C4)N)F)C(=O)O,1
CC1=C2C=C(C=CC2=NN1)C3=CC(=CN=C3)OCC(CC4=CNC5=CC=CC=C54)N,1
CC1=C2C=C(C=CC2=NN1)C3=CC(=CN=C3)OCC(CC4=CC=CC=C4)N,1
CN1CCN(CC1)C2=CC=C(C=C2)C(=O)NC3=NNC4=C3CN(C4)C(=O)C(C5=CC=CC=C5)OC,1
CC1=C2C=C(C=CC2=NN1)C3=CC(=CN=C3)OCC(CC4=CC=CC=C4)CN,1
CC1=CC(=CC=C1)NC2=NC(=CN=C2C(=O)N)NC3CCCCC3N,1
CN1CCN(CC1)CCCNC2=CC=CC(=N2)C3=NC4=C(C=CC=C4N3)C(=O)N,1
C1=CC(=C(C=C1C(CCN)C(=O)NC2=CC3=C(C=C2)NN=C3)Cl)Cl,1
COC1=C(C=C(C(=C1)CN2CCCCC2)Cl)NC(=O)NC3=NC=C(N=C3)C#N,1
CN1C2=C(C(=O)C3=C(N2O)C=CC(=C3)Cl)C(=N1)C(F)(F)F,1
C1=CC=C(C(=C1)C(=O)O)NC2=NC(=NC=C2)NC3=CC4=C(C=C3)C=NN4,1
COC1=CC=C(C=C1)C(=O)N2C3=CC=CC=C3SC4=C(C=NC=C42)Cl,1
CC1=CC(=CC=C1)C2(CC2C(=O)NC3=CC=NC=C3)C4=CC=CC(=C4)C,1
C1=CC=C2C(=C1)C(=CC=N2)NC(=O)NC3=NC=CN=C3,1
C1=CC(=C(C=C1Cl)F)C2=C(C=C(N2)C3=NC(=NC=C3)N)C(=O)N,1
C1=CC2=C(C=CN=C2C=C1C(F)(F)F)NC(=O)NC3=NC=CN=C3,1
C1=CC2=C(C=CN=C2C(=C1)C(F)(F)F)NC(=O)NC3=NC=CN=C3,1
CN1C=C(C=N1)C2=C3N=CC(=C(N3N=C2)N)C4=CC=C(C=C4)NC(=O)NC5=CC=CC(=C5)C(F)(F)F,1
CC1=CC(=CC=C1)NC(=O)NC2=CC=C(C=C2)C3=C(N4C(=C(C=N4)C5=CN(N=C5)C)N=C3)N,1
CCCC(=O)NC1=CC=CC(=C1)C2=NC3=C(C=C(C=C3)OCCN4CCCC4)C(=N2)NC5=CC6=C(C=C5)NN=C6,1
CC(C)(CNC1=NC=CC(=N1)C2=C(N=C3N2C=CN=C3CC4CC4)C5=C(C=C(C=C5)F)F)O,1
CCC1=NC=CN2C1=NC(=C2C3=NC(=NC=C3)NCC(C)(C)O)C4=C(C=C(C=C4)F)F,1
C1=CC=C(C=C1)CN2C=C(N=N2)C3=CC4=C(C=C3)NN=C4N,1
C1=CC=C(C=C1)NC2=NC(=CS2)C3=CC4=C(C=C3)NN=C4,1
CC1=CC=C(C=C1)CNC2=C(C(=O)C2=O)NC3=CC=NC=C3,1
CC1=NC2=C(C(=N1)NC3=NNC4=C3CN(C4(C)C)C(=O)N[C@H](CN(C)C)C5=CC=CC=C5)SC=C2,1
CN1C=NC=C1C(C2=CC=C(C=C2)C#N)OCC3=C(C=C(C(=O)N3C)C#N)C4=CC=C(C=C4)OC(F)(F)F,1
C1CC(CCC1N)NC2=NC=CC(=N2)C3=CNC4=C3C=CC=N4,1
CC1=CC(=CC=C1)NC(=O)NC2=CC=C(C=C2)C3=C(C4=NC=CN=C4C=C3)N,1
CN(C1=CC2=C(C=C1)N(C(=N2)NC(=O)C3=CC=C(C=C3)C#N)CCC(=O)N)C(=O)C4CCCCC4,1
COC1=CC(=C(C=C1)OC)NC(=O)C2=C3N=CC=C(N3N=C2)C4=CC=CC=C4,1
C1=CC(=CC(=C1)F)NC(=O)NC2=CC=C(C=C2)C3=CSC4=C3C(=NC=C4C5=CN(N=C5)CCO)N,1
CC1=C2C=C(C=CC2=NN1)C3=C(N=CC(=C3)OC[C@H](CC4=CNC5=CC=CC=C54)N)C6=COC=C6,1
C1COCCN1C2=CC=CC(=C2)NC3=NC=CC(=N3)C4=C(N=C5N4C=CS5)C6=CC(=CC=C6)NC(=O)CC7=CC=CC=C7,1
C1CC(CCC1NC2=NC(=CC(=N2)Cl)C3=CNC4=C3C=CC=N4)O,1
C1CCC(C(C1)N)NC2=NC=CC(=N2)C3=CNC4=C3C=CC=N4,1
C1CCC(CC1)NC2=CC(=NC(=N2)C3=CNC4=C3C=CC=N4)Cl,1
C1CN(CC=C1C2=CNC3=C2C=CC=N3)C(=O)NC(CO)C4=CC=CC=C4,1
CC1=NC=C(C=C1)C2=CN=C(C3=C2SC=C3C4=CC=C(C=C4)NC(=O)NC5=CC(=CC=C5)F)N,1
CCN(CC)CCNC(=O)C=CC1=CN=C(C2=C1SC=C2C3=CC=C(C=C3)NC(=O)NC4=CC=CC(=C4)C)N,1
CC(CN1C=C(C=N1)C2=CN=C(C3=C2SC=C3C4=CC=C(C=C4)NC(=O)NC5=CC(=CC=C5)F)N)O,1
CC1=CC(=CC=C1)NC(=O)NC2=CC=C(C=C2)C3=CSC4=C3C(=NC=C4C5=CN(N=C5)CC(C)O)N,1
CCNC(=O)C1=CN=C(C2=C1SC=C2C3=CC=C(C=C3)NC(=O)NC4=CC(=CC=C4)F)N,1
CC1=CC(=CC(=C1)NC(=O)NC2=CC=C(C=C2)NC(=O)C3=CSC4=NC=NC(=C34)N)C,1
CC1=CC=CC=C1NC(=O)NC2=CC3=C(C=C2)C4=C(CC3)SC5=NC=NC(=C45)N,1
C1=CC(=CC(=C1)NC(=O)NC2=CC=C(C=C2)C3=C(C4=NC=CN=C4C=C3)N)C(F)(F)F,1
CC1=C(C=CC(=C1)NC2=NC=C(C(=N2)NC3C4CC(C3C(=O)N)C=C4)F)N5CCN(CC5)C,1
CCN1CCN(CC1)C2=CC=C(C=C2)NC3=NC=CC(=N3)C4=C(N=C5N4C=CC=C5)C6=CC(=CC=C6)C(=O)NC7=CC=CC=C7F,1
CN1CCN(CC1)C2=CC=CC(=C2)NC3=NC=CC(=N3)C4=C(N=C5N4C=CC=C5)C(=O)N,1
COC1=C2C(=C(C=C1)C3=CC=C(C=C3)NC(=O)NC4=CC(=CC(=C4)F)F)C(=NO2)N,1
C1=CC=C(C=C1)CN2C(=C(N=N2)C3=CC4=C(C=C3)NN=C4N)C5=CC=C(C=C5)F,1
CCCS(=O)(=O)NC1=CC=C(C=C1)C2=CC3=C(C=C2)NN=C3N,1
C1=CC=C(C=C1)C(=O)C2=C(C=CC(=C2)C3=CC(=CN=C3)OCC(CC4=CNC5=CC=CC=C54)N)N,1
CS(=O)(=O)NCCOC1=CN=CC(=C1)C2=CC3=C(C=C2)C=NC=C3,1
CS(=O)(=O)NC1=CC=C(C=C1)C2=CC3=C(C=C2)NN=C3N,1
CCS(=O)(=O)NC1=CC=C(C=C1)C2=CC3=C(C=C2)NN=C3N,1
CCCCOC1=NC=NC2=C1C(=CN2)C3=CC=CC=C3,1
CSC1=CNC2=C1C(=NC=N2)NCCCO,1
COC1=C(C=C(C=C1)C(=O)NC2=NNC3=C2C=C(C=C3)C4=CN(N=N4)CC5=CC=CC=C5)OC,1
C1=CC(=CC=C1C2=CC=NC=C2)C(=O)NC(CO)C3=CC(=CC(=C3)Cl)Cl,1
C1=CC=C(C=C1)C(CN)NC(=O)C2=CC=C(C=C2)C3=CC=NC=C3,1
COC1=CC=CC(=C1)C(CN)NC(=O)C2=CC=C(C=C2)C3=CC=NC=C3,1
CC(C1=CC(=CC=C1)OC)NC(=O)C2=CC=C(C=C2)C3=CC=NC=C3,1
CC1=C(C=C(C=C1)NC2=NC=C(C(=N2)NC3=CC=C(C=C3)OCC(=O)NC)F)S(=O)(=O)N,1
COC1=CC=C(C=C1)CNC2=C(C(=O)C2=O)NC3=CC4=C(C=C3)NN=C4,1
COC1=CC=CC2=C1NC3=C(C=CC(=C3)NC4=CC=NC=C4)C(=O)N2,1
CCOC(=O)C1=C2C(=CC=C1)NC(=N2)C3=CC=C(C=C3)N4CCC(C4)N,1
C1COCCN1S(=O)(=O)C2=CC=CC(=C2)C(=O)NC3=CC=C(C=C3)C4=NC5=C(C=CC=C5N4)C(=O)N,1
CC1=CC=CC=C1NC(=O)NC2=CC=C(C=C2)NC(=O)C3=CSC4=NC=NC(=C34)N,1
COC1=CC(=CC(=C1OC)OC)C2=CC3=C(C=C2)NC4=C(C=CC(=C4)C5=CC=CC=C5NS(=O)(=O)C)C(=O)N3,1
COC1=C(C=CC(=C1)C2=CC3=C(C=C2)C(=O)NC4=C(N3)C=CC(=C4)CCOC5=CC=C(C=C5)N6CCOCC6)CC#N,1
COC(=O)C1=CC=CC=C1C2=CC3=C(C=C2)C(=O)NC4=CC=CC=C4N3,1
COC1=C(C=CC(=C1)C2=CC3=C(C=C2)NN=C3C(=O)NC4=CC=CC=C4)O,1
CC1=C(SC(=C1)C(=O)NC(C)C2=CC(=CC=C2)OC)C3=CC4=C(NN=C4C=C3)C,1
CC(=O)NCC(=O)N1C2CCC1C3=C2C=CC(=C3)NC4=NC=C(C(=N4)NC5CCC5)C(F)(F)F,1
C1=CC=C2C(=C1)C(=CN2)CC(COC3=CN=CC(=C3)C4=CC5=C(C=C4)NC(=O)C5=CC6=CC=CO6)N,1
CC(C)(CNC1=NC=CC(=N1)C2=C(N=C3N2C=CN=C3)C4=CC=C(C=C4)F)CN(C)C,1
CC(C)(CNC1=NC=CC(=N1)C2=C(N=C3N2C=CN=C3Cl)C4=CC=C(C=C4)F)CO,1
CC(C)OC1=NC=CN2C1=NC(=C2C3=NC(=NC=C3)NCC(C)(C)O)C4=C(C=C(C=C4)F)F,1
CC(=O)N1CCN(CC1)C2CCC(CC2)N3C4=NC=NC(=C4C(=N3)C5=CC=C(C=C5)NC(=O)C6=CC7=CC=CC=C7N6C)N,1
C1CC(CCC1N2C3=NC=NC(=C3C(=N2)I)N)O,1
C1=CC(=C2C(=C1)NN=C2N)C3=CC=C(C=C3)NC(=O)NC4=C(C=CC(=C4)CO)F,1
C1=CC(=CC(=C1)Cl)CC(=O)NC2=CC=C(C=C2)C3=C(SC4=NC=NC(=C34)N)Br,1
COC1=CC2=NC=CC(=C2C=C1)NC(=O)NC3=CC=CC(=N3)C(F)(F)F,1
CC1=CC2=C(C=CN=C2C=C1)NC(=O)NC3=CC=CC(=N3)C(F)(F)F,1
COC1=CC2=NC=CC(=C2C=C1)NC(=O)NC3=NC(=CC=C3)Br,1
COC1=CC(=C(C=C1)OC)NC2=NN3C(=NN=C3C4=CC=CC=C4)C=C2,1
COC1=CC(=C(C=C1NC2=NN3C(=NN=C3C4=CC=CC=C4)C=C2)Cl)OC,1
CC(C(C)(C)C)NC1=C(C(=O)C1=O)NC2=NC(=NC=C2)NC3=CC(=C(C=C3)OC)OC,1
CNC(=O)C1=CC2=C(NN=C2S1)C3=CC=CC=C3F,1
CC(C1CCCCC1)NC2=C(C(=O)C2=O)NC3=CC=NC=C3,1
CC(C1=CC=CC=C1)NC2=C(C(=O)C2=O)NC3=CC=NC=C3,1
C1=CC=C(C=C1)COCC(COC2=CN=CC(=C2)C=CC3=CC=NC=C3)N,1
C1=CN=CC=C1C=CC2=CC(=CN=C2)OCCN,1
C1=CN=CC=C1C=CC2=CC(=CN=C2)OCCCN,1
COC1=CN=CC(=C1)C=CC2=CC=NC=C2,1
CC1=NC2=C(S1)C=CC(=C2)C3=CSC4=C3C(=NC=C4C=CC(=O)NC)N,1
CC1=CC(=C(C=C1Cl)NC(=O)NC2=NC=C(N=C2)C#N)OC3CCCC3,1
C1C(C(COC2=NC(=CN=C2C#N)NC(=O)NC3=C(O1)C=CC(=C3)Cl)O)O,1
CC(=C(C)C1=CC=CC2=C1NC(=C2CCCOC3=C(C(=CC=C3)Cl)Cl)C(=O)O)C,1
CC1=C(C(=CC=C1)Cl)C2=CC=CC3=C2NC(=C3CCCOC4=CC=CC5=CC=CC=C54)C(=O)NCCOCCOCCN,1
CC(=O)NC1=NC(=C(C(=C1)N)C#N)C2=CC3=CC=CC=C3C=C2,1
CC(=O)NC1=NC(=C(C(=C1)N)C#N)C2=CSC=C2,1
CC1CSC2=C(C(=O)C3=CC(=C(C(=C3N12)F)N4CCC(C4)N)F)C(=O)O,1
CC1=C2C(=O)C(=CNC2=NC(=C1F)N3CCC(C3)NC(=O)C)C(=O)O,1
C1=CC(=C2C(=C1Cl)C(=C(S2)C(=O)N)N)Br,1
CC1=C(C=CC(=C1)O)N2C=C(C(=O)C3=C2C=C(C=C3)C4=CC=NC=C4)C(=O)NN,1
CCOC(=O)C1=CN(C2=C(C1=O)C=CC(=C2)C3=CC=NC=C3)C4=C(C=C(C=C4)O)C,1
CC1=CC=C(C=C1)N2C3=C(C(=N2)C)C(=O)C4=C(N3O)C=CC(=C4)Cl,1
CCOC(=O)C1=CC2=C(C=C1)NC3=C2CCNC3=O,1
C1=CC(=C(C=C1C2=C(C=NN2)C3=NC=NC=C3)Cl)Cl,1
COC1=C(C=C(C=C1)C=NNC2=NC=NC3=C2NC4=CC=CC=C43)OC,1
COCCN1C=C(C(=N1)C2=CC=C(C=C2)Cl)C3=NC=NC=C3,1
CC1=CC(=NN1)NC2=CC(=NC(=N2)C=CC3=CC=CC=C3)N4CCN(CC4)C,1
CSC1=CNC2=C(C1=O)C=CC3=C2C=CN=C3,1
CC1=C(C=CC(=C1)O)N2C3=C(C=CC(=C3)Cl)C(=O)C4=C(N=C(N=C42)N)N,1
C1=CC(=CC(=C1)O)CNC(=O)NC2=NC(=CS2)C3=CC=NC=C3,1
CCN1C2=NC(=NC=C2C=C(C1=O)C3=C(C=C(C=C3)Cl)Cl)NC4=CC(=C(C=C4)N5CCNCC5)F,1
CC1=NC2=C(N1C3=NC=NC(=N3)N)C=C(C=C2)C#CC(C)(CO)O,1
CCN1C2=NC(=NC=C2C=C(C1=O)C3=C(C=C(C=C3)C4=CN=CS4)Cl)NC5=CC=C(C=C5)N6CCN(CC6)C,1
C[C@@H]1CN(CCN1C)C2=C(C=C(C=C2)NC3=NC=C(C(=N3)C4=CC=CC(=C4)CC#N)Br)OC,1
COCCN(CC1=C2C=NNC2=CC(=C1)F)C3=NC=CC(=N3)NC4=NNC(=C4)C5CC5,1
CC(C)NC(=O)N1CCC(C1)NC2=NC3C=C(C=CC3N(C4C2C=C(C=C4)Cl)CC(F)F)F,1
CC(C)(C)C(=O)N1[C@@H](CC=N1)C2=CC=CC=C2,1
CC1=C2C(=NN1)NC3=CC(=C(C=C3C(=N2)C4=CC=CC=C4Cl)F)OC,1
COC1=C(C=C(C=C1)C=C2C(=O)NC(=NC3=CC=CC=C3)S2)O,1
C1C(C1C(=O)NC2=CC3=C4C(=C2)NC=C4C=NNC3=O)C5=CC=CC=C5,1
C1=CC(=C2C(=C1Cl)C3=C(S2)C(=O)NC=N3)Cl,1
CC1=NSC2=C1C(=O)C(=CN2)C(=O)O,1
C1=CC=C(C=C1)C2=CN3C(=N2)C(=CNC3=O)I,1
CC(C)(C)C1=CC2=C(C=C1)N=C(N2)C3=NNC4=CC=CC=C43,1
CC(C)NC(=O)N1CC[C@@H](C1)N=C2C3=C(C=CC(=C3)Cl)N(C4=C(N2)C=C(C=C4)F)CC(F)F,1
CC1=CC=CN(C1=O)C2=CC(=C(C=C2)C3=CC4=C(C=C3)C(=NN4)C(=O)NCC5=CC=NC=C5)Cl,1
C1CN(CCC1NC(=O)NC2=CC(=CC(=C2)C(F)(F)F)C(F)(F)F)C3=NC=NC4=C3C=NN4,1
