SMILES,Activity 
CN1C2=CC=CC=C2C3=C4C(=C5C6=CC=CC=C6N(C5=C31)CCC#N)CNC4=O,0
C1=CC2=C(C=CN=C2)C(=C1)S(=O)(=O)NCCNCC=CC3=CC=C(C=C3)Br,0
C1=CC(=CC=C1C2=NC(=C(N2)C3=CC=NC=C3)C4=CC=C(C=C4)F)O,0
CC1=C(C=C(C=C1)NC(=O)C2=CC=C(C=C2)CN3CCN(CC3)C)NC4=NC=CC(=N4)C5=CN=CC=C5,0
C1=CC=C2C(=C1)C3=NNC4=CC=CC(=C43)C2=O,0
COC1=C(C=C2C(=C1)N=CN=C2NC3=CC(=C(C=C3)F)Cl)OCCCN4CCOCC4,0
C1=CC=C2C(=C1)C(=NN=C2NC3=CC=C(C=C3)Cl)CC4=CC=NC=C4,0
CN(C)C[C@@H]1CCN2C=C(C3=CC=CC=C32)C4=C(C5=CN(CCO1)C6=CC=CC=C65)C(=O)NC4=O,0
C=CC(=O)NC1=C(C=C2C(=C1)C(=NC=N2)NC3=CC(=C(C=C3)F)Cl)OCCCN4CCOCC4,0
CC1=CC=C(C=C1)N2C(=CC(=N2)C(C)(C)C)NC(=O)NC3=CC=C(C4=CC=CC=C43)OCCN5CCOCC5,0
CC[C@H](CO)NC1=NC(=C2C(=N1)N(C=N2)C(C)C)NCC3=CC=CC=C3,0
CS(=O)C1=CC=C(C=C1)C2=NC(=C(N2)C3=CC=NC=C3)C4=CC=C(C=C4)F,0
COCCOC1=C(C=C2C(=C1)C(=NC=N2)NC3=CC=CC(=C3)C#C)OCCOC,0
CC1=C(NC(=C1CCC(=O)O)C)C=C2C3=CC=CC=C3NC2=O,0
CS(=O)(=O)CCNCC1=CC=C(O1)C2=CC3=C(C=C2)N=CN=C3NC4=CC(=C(C=C4)OCC5=CC(=CC=C5)F)Cl,0
CNC(=O)C1=NC=CC(=C1)OC2=CC=C(C=C2)NC(=O)NC3=CC(=C(C=C3)Cl)C(F)(F)F,0
C1=C(C(=CC2=NNN=C21)Cl)Cl,0
C[C@]12[C@H]([C@H](C[C@H](O1)N3C4=CC=CC=C4C5=C6C(=C7C8=CC=CC=C8N2C7=C53)CNC6=O)NC)OC,0
C1C2C(C2N)CN1C3=C(C=C4C(=O)C(=CN(C4=N3)C5=C(C=C(C=C5)F)F)C(=O)O)F,0
C1=CC=C(C=C1)C2=NNC3=C2C=C(C=C3)Br,0
C1COCCN1C2=NC(=NC(=C2)NN)OCCC3=CC=CC=N3,0
C1=CC=C(C=C1)C2=C(N=NN2C3=NON=C3N)C(=O)NN=CC4=CC=NC=C4,0
C1=CC2=NC(=O)C(=C2C=C1Br)C3=C(NC(=S)S3)O,0
C1=CC(=CC=C1C(=O)NC2=CC3=C(C=C2)C=NN3)Cl,0
CC1=CC2=C(C=C1C)N(C(=N2)NCCCO)CC(=O)C3=CC(=C(C(=C3)C(C)(C)C)O)C(C)(C)C.Br,0
CC1=CC2=C(C=C1)N=C(N2)C(=CC3=CC(=C(C=C3Br)O)OC)C#N,0
CC1=C(C2=NC3=CC=CC=C3N2C(=O)C1=CC4=C(NN(C4=O)C5=CC=C(C=C5)C(=O)O)C)C#N,0
CCCCCCCCCCCCOC1=C(C=C(C=C1)N=C(N)N)N=C(N)N,0
CC(C)OC1=CC=C(C=C1)NC(=O)N2CCN(CC2)C3=NC=NC4=CC(=C(C=C43)OC)OCCCN5CCCCC5,0
C1=CC(=C(C(=C1)Cl)C2=C3C=CC(=NN3C=NC2=O)SC4=C(C=C(C=C4)F)F)Cl,0
CN1CCC(CC1)COC2=C(C=C3C(=C2)N=CN=C3NC4=C(C=C(C=C4)Br)F)OC,0
C1=CC=C(C=C1)C2=C(C(=O)N(N2)C3=CC=CC=C3)N=NC4=CC=CC5=C4C(=O)NNC5=O,0
CC1=C2C(C3=C(CC(CC3=O)(C)C)NC2=NN1)C4=CC=CC=C4F,0
CC1=C(C2=NC3=CC=CC=C3N2C(=O)C1=CC4=C(NN(C4=O)C5=CC(=C(C=C5)Cl)Cl)C)C#N,0
CN1CC[C@@H]([C@@H](C1)O)C2=C(C=C(C3=C2OC(=CC3=O)C4=CC=CC=C4Cl)O)O,0
CCN(CC)CCNC(=O)C1=C(NC(=C1C)/C=C\\2/C3=C(C=CC(=C3)F)NC2=O)C,0
CC1=CC(=NN1)NC2=CC(=NC(=N2)SC3=CC=C(C=C3)NC(=O)C4CC4)N5CCN(CC5)C,0
CCOC1=C(C=C2C(=C1)N=CC(=C2NC3=CC(=C(C=C3)F)Cl)C#N)NC(=O)/C=C/CN(C)C,0
CC(=O)N1CCN(CC1)C2CCC(CC2)N3C4=NC=NC(=C4C(=N3)C5=CC(=C(C=C5)NC(=O)C6=CC7=CC=CC=C7N6C)OC)N,0
C1CCN(C1)CC2CC(C2)N3C=C(C4=C(N=CN=C43)N)C5=CC(=CC=C5)OCC6=CC=CC=C6,0
C1=CC(=CC=C1OC2=CN=CC3=C2C=C(S3)C(=O)N)Br,0
C1CCN(CC1)C(=O)N2CCN3C=C(C4=CC(=CC(=C43)C2)F)C5=C(C(=O)NC5=O)C6=CN=C7N6C=CC=C7,0
COC1=C(C=C(C=C1)C2=CC3=NC=CN3C(=N2)NC4=CC=CC=C4C(=O)N)OC,0
COC1=C(C=C(C=C1)C2=CC3=NC=CN3C(=N2)NC4=C(C=CC=N4)C(=O)N)OC,0
CC1=CC(=CC=C1)NC(=O)CC2=CC=C(C=C2)C3=C4C(=CC=C3)NN=C4N,0
C1C2=C(C=CC=C2C(=O)N1)C3=CC=C(C=C3)NC4=NC5=CC=CC=C5N4,0
C1CN2C=C(C3=CC=CC(=C32)CN1C(=O)N4CCOCC4)C5=C(C(=O)NC5=O)C6=CN=C7N6C=CC=C7,0
C1CCOC2=CC(=C(C=C2NC(=O)NC3=CN=C(C(=N3)OCC1)C#N)Cl)OCCCO,0
C1CCOC2=C(C=C(C(=C2)CCCO)Cl)NC(=O)NC3=CN=C(C(=N3)OCC1)C#N,0
C1CCOC2=CC(=C(C=C2NC(=O)NC3=CN=C(C(=N3)OCC1)C#N)Cl)OCCO,0
C1CCN(C1)CC2CC(C2)C3=NC(=C4N3C=CN=C4N)C5=CC(=CC=C5)OCC6=CC=CC=C6,0
CC1=CNC2=NC=CC(=C12)OC3=C(C=C(C=C3F)NC4=CC(=NC(=N4)N)Cl)F,0
CCOC1=C(C(=CC(=N1)NC(=O)CC2=CC(=C(C=C2OC)S(=O)(=O)C)OC)N)Cl,0
CC(C1=C(C=CC(=C1Cl)F)Cl)OC2=C(N=CC(=C2)C3=CN(N=C3)C4CCNCC4)N,0
CN(C1=C(C=CC=N1)CNC2=NC(=NC=C2C(F)(F)F)NC3=CC4=C(C=C3)NC(=O)C4)S(=O)(=O)C,0
CC(C)(C)C(=O)OC1=CC2=C(C=C1)N(C(=N2)NC(=O)C3=CC(=CC=C3)[N+](=O)[O-])CCCO,0
C1CNC(=O)C2=C1NC(=C2)C3=CC(=NC=C3)C4=CC=CC=C4F,0
C1=CC=C2C(=C1)NC3=NN=C(C=C3C(=O)N2)I,0
CN(C)C1=C(C=C2C=NSC2=C1)NC(=O)C(=O)O,0
COC1=C(C=C2C(=C1)C=NC3=C2C(=O)NC3=O)OC,0
CC1=NC=CN2C1=NC(=C2C3=NC(=NC=C3)NCC(C)(C)CO)C4=C(C=C(C=C4)F)F,0
CC1=NC=CN2C1=NC(=C2C3=NC(=NC=C3)NCC(C)(C)O)C4=C(C=C(C=C4)F)F,0
CN1CCN(CC1)CC2=CC3=C(C=C2)C4=C(C3=O)C(=NN4)C5=CSC(=C5)C#CCOCCOC,0
COC1=CC=C(C=C1)C2=CN3C(=C(C=N3)Br)N=C2,0
C1=CC(=CC=C1C2=C(N3C=CSC3=N2)C4=CC=NC=C4)F,0
CC(=O)C1=CC=CC(=C1)C2=CC3=CC=CC=C3N=C2,0
COC1=CC(=CC(=C1OC)OC)NC2=NC=CC(=N2)NC3=CC(=NO3)C4CCCCC4,0
CC(C(C)(C)C)NC1=C(C(=O)C1=O)N(C2=CC=NC=C2)C(=O)C,0
COC1=C(C=CC(=C1)NC2=NC=NC3=C2C=C(C=C3)C4=CC=C(C=C4)CN5CC6C(C5)C6CO)OC7=CC=CC=C7,0
CCC1=NC2=C(C3=CC(=C(C=C31)OC)OC)C(=O)NC2=O,0
C1COCCN1CCCCOC2=CC3=C(CC4=C3NN=C4C5=CN=C(C=C5)C#N)C=C2,0
C[C@]12[C@H]([C@H](C[C@H](O1)N3C4=CC=CC=C4C5=C6C(=C7C8=CC=CC=C8N2C7=C53)CNC6=O)N(C)C(=O)C9=CC=CC=C9)OC,0
CCC1=C(NC2=NC=CN=C12)C3=CC=C(C=C3)C(C)(C)O,0
COC1=C(C(=CC=C1)F)C2=NCC3=CN=C(N=C3C4=C2C=C(C=C4)Cl)NC5=CC(=C(C=C5)C(=O)O)OC,0
CC1=C(C(=CC=C1)C2=C(C=C(N2)C3=NC(=NC=C3)N)C(=O)N)C,0
CC1=NC=CN2C1=NC(=C2C3=NC(=NC=C3)NCCC(C)(C)O)C4=C(C=C(C=C4)F)F,0
C1CC1CN2C3=C(C=CC(=C3)C4=C(N=C5N4C=CS5)C6=CC=C(C=C6)F)N=C2N,0
C1CC(=O)N(C1)CC2=CC3=C(C=C2)N4C=CC=C4C(=O)N3,0
C1=CC=C2C(=C1)C(=CN2)CC(COC3=CN=CC(=C3)C=CC4=CC=NC=C4)N,0
CC(C)(CNC1=NC=CC(=N1)C2=C(N=C3N2C=CN=C3OCC(F)(F)F)C4=CC=C(C=C4)F)CO,0
CC(C)(CNC1=NC=CC(=N1)C2=C(N=C3N2C=CN=C3NC)C4=CC=C(C=C4)F)CO,0
C1=CC(=CC=C1C2=CSC3=C2C(=NC=C3C=CC(=O)NCCCN4C=CN=C4)N)Br,0
COC1=C(C=C2CC3=C(C2=C1)NN=C3C4=CN=C(C=C4)C#N)C#C,0
CNC(=O)N1CCN(CC1)CCCOC2=CC3=C(CC4=C3NN=C4C5=CN=C(C=C5)C#N)C=C2,0
CC(C)(C)C1=NN(C(=C1)NC(=O)NC2=CC=CC3=CC=CC=C32)C4=CC=CC(=C4)C(=O)NCC#N,0
C1=CC2=C(C=CN=C2C(=C1)F)NC(=O)NC3=CC=CC(=N3)C(F)(F)F,0
COC1=CC2=NC=CC(=C2C=C1)NC(=O)NC3=NC=CC(=C3)C(F)(F)F,0
C1=CC2=C(C=CN=C2C=C1C(F)(F)F)NC(=O)NC3=NC=C(C=C3)C#N,0
C1=CC(=NC(=C1)NC(=O)NC2=C3C=CC(=CC3=NC=C2)C(F)(F)F)C(F)(F)F,0
C1=CC2=C(C=CN=C2C(=C1)Cl)NC(=O)NC3=CC=CC(=N3)C(F)(F)F,0
COC1=CC=CC(=C1)C2=CN3C4=CC=CC=C4NC(=O)C3=C2,0
CC(C)OC1=C(C=C(C=C1)C2=NOC(=N2)C3=CC=C(C=C3)NC4CCC(C4)C(=O)O)C(F)(F)F,0
CC(C)OC1=C(C=C(C=C1)C2=NOC(=N2)C3=CC=C(C=C3)NC4CCC(C4)C(=O)O)Cl,0
CC(COC1=CC(=C(N=C1)Cl)C=CC2=CC=NC=C2)N,0
C1CCC(CC1)CNC(=O)C2=CC3=C(NN=C3S2)C4=CC=CC=C4,0
CN1CCC(CC1)NC(=O)C2=CC3=C(NN=C3S2)C4=CC=CC=C4,0
C1=CC=C(C=C1)C2=C3C=C(SC3=NN2)C(=O)NCC4=CC=C(C=C4)Cl,0
CS(=O)(=O)C1=CC=C(C=C1)C2=CN=CC3=C2C=C(S3)C(=O)N,0
C1=C(C=C(C=C1C(F)(F)F)C(F)(F)F)C2=CN=CC3=C2C=C(S3)C(=O)N,0
C1=CC(=CC(=C1)F)C2=CN=CC3=C2C=C(S3)C(=O)O,0
CC(C)CN1C2=C(C(=CC(=C2)C3=C(N=C4N3C=CS4)C5=CC=C(C=C5)F)F)N=C1N,0
CC(C)N1C2=C(C=CC(=C2)C3=C(N=C4N3C=CO4)C5=C(C=C(C=C5)F)F)N=N1,0
C1=CC=C2C(=C1)C(=NNC2=O)C3=CC=C(C=C3)NC(=O)C4=CC(=CC=C4)S(=O)(=O)NCCN,0
C1=CC=C2C(=C1)C(=NNC2=O)C3=CC=C(C=C3)NC(=O)C4=CC(=CC=C4)S(=O)(=O)NCCCN,0
CC(C)OC1=C(C(=O)NN1)C=C2C=NC3=CC=CC=C32,0
CN1C=C(C(=N1)C2=CC=C(C=C2)F)C3=NC=NC=C3,0
C1=CC=C(C=C1)N2C=CC3=CN=C(N=C32)NC4=CC(=CC=C4)S(=O)(=O)N,0
C1OC2=C(O1)C=C(C=C2)CNC3=C4C(=C(C=C3)S(=O)(=O)O)C=CC=C4O,0
COC1=CC(=C(C=C1)CNC2=C(C(=O)C2=O)NC3=CC=NC=C3)OC,0
CC(C)(C)OC(=O)N1C2=C(C=C(C=C2)NC3=C(C(=O)C3=O)NCC4=C(C=C(C=C4)Cl)Cl)C=N1,0
CC(C)(C)OC(=O)N1C2=C(C=C(C=C2)NC3=C(C(=O)C3=O)NCC4=CC=C(C=C4)S(=O)(=O)N)C=N1,0
CC1=CC(=C2C(=C1)N=C(O2)NC3=C(C=C(C=C3)C4=C(C(=CC=C4)C(=O)N)N)F)C,0
CC(=NN=C(N)N)C1=CC(=CC(=C1)NC(=O)NCCCCCCNC(=O)NC2=CC(=CC(=C2)C(=NN=C(N)N)C)C(=NN=C(N)N)C)C(=NN=C(N)N)C,0
CCCC(=O)NC1=NNC2=NC3=CC=CC=C3C=C21,0
CCCC(=O)NC1=NN(C2=NC3=CC=CC=C3C=C12)C(=O)CC,0
CCN1CCN(CC1)CCCC(=O)NC2=NNC3=NN=C(C=C32)C4=C(C(=CC=C4)F)F,0
CC1=C2C(=C(C=NC2=NN1)C#N)C3=CC=CC=C3,0
COC1=C(C=C(C=C1)C=C2C(=NOC2=O)C3=CC=C(C=C3)Br)OC,0
C1=CC2=CN=C(C=C2C=C1C3=CSC=C3)NCCO,0
C1=CC2=CN=C(C=C2C=C1C3=CC=NC=C3)NCCO,0
C1=CC=C(C=C1)C2=CC3=CC(=NC=C3C=C2)NCCO,0
CC(C)(C)NC(=O)C1=CC2=C(C=C1)N=C3C(=N2)C4=CC=CC=C4N3,0
C[C@@]12C(C(CC(O1)N3C4=CC=CC=C4C5=C6C(=C7C8=CC=CC=C8N2C7=C53)CNC6=O)NC)OC,0
CC1=C(C=CC=C1O)NC(=O)C2=C3N=CC=C(N3N=C2)C4=CC=CC=C4,0
C1C2=C(C=C(C=C2)Br)C3=C1C=NN3,0
C1CC1N2C3=C(C(=C(C=C3C(=O)C4=C2SNC4=O)F)NCC5=CC=CC=C5)F,0
C1=CC2=C(C=C1Cl)C3=C(O2)C(=O)NC=N3,0
CC1=C(C2=NC3=CC=CC=C3N2C(=O)C1=CO)C#N,0
C1CCC2=C(C1)C3=C(S2)NC(=O)N4C3=NC(=N4)C5=CC=NC=C5,0
C1COCCN1CC2=CN=C(C=C2)C3=C(NC4=C3C=C(C=C4)C#N)O,0
C1CCC2=C(C1)C3=C(S2)NC(=O)N4C3=NC(=N4)C5=CN=CC=C5,0
C1CCC(CC1)NC2=NC(=CC(=O)N2)C3=CC=NC=C3,0
C1=CN=CC=C1C2=NN3C(=N2)C4=C(NC3=O)SC=C4,0
C1C(NN=C1C2=C(C3=C(C=CC(=C3)Cl)NC2=O)C4=CC=CC=C4)C5=CC=CC=C5,0
CC(=NNC(=O)C1=C(N=NN1C2=NON=C2N)COC)C3=C(C=C(C=C3)O)O,0
CC1=CC=C(C=C1)C2=NN(C3=NC=NC(=C23)N)C(C)(C)C,0
CNC(=O)C1=NC=CC(=C1)OC2=CC=C(C=C2)NC(=O)NC3=CC(=C(C=C3)Cl)C(F)(F)F,0
COC1=CC=CC(=C1)NC2=NC=NC3=CC=CC=C32,0
C1=CC(=CC=C1C(=O)NC2=CC3=C(C=C2)C=NN3)Cl,0
C1=CC=C(C=C1)C(C2=CC=CC=C2)(C(=O)NNC(=S)NC3=CC=C(C=C3)F)O,0
CC1=C(C=CC(=C1)Cl)NC(=S)NNC(=O)C(C2=CC=CC=C2)(C3=CC=CC=C3)O,0
COC1=C(C=C(C(=C1)C=C(C#N)C2=NC3=CC=CC=C3N2)Br)O,0
C1=CC(=C(C=C1Cl)C(=O)NC2=CC(=CC(=C2)C(F)(F)F)C(F)(F)F)O,0
CC1=CC(=CC=C1)NC(=O)NC2=C(C=C(C=C2)C3=C4CNC(=O)C4=CC=C3)C,0
C1=CC(=CC(=C1)F)C(=O)NC2=CC3=C(C=C2)NN=C3,0
CC1=CC(=CC=C1)NC(=O)NC2=CC=C(C=C2)C3=CSC4=NC=NC(=C34)N,0
CC1=CC(=CC(=C1)NC(=O)NC2=CC=C(C=C2)C3=C(SC4=NC=NC(=C34)N)C)C,0
CC1=CC(=CC=C1)NC(=O)NC2=CC3=C(C=C2)C4=C(CC3)SC5=NC=NC(=C45)N,0
COC1=CC(=CC(=C1OC)OC)NC2=NC=C(C(=N2)NC3=CC=CC=C3C(=O)N)[N+](=O)[O-],0
CC1=CC=C(C=C1)NC(=O)NC2=CC=C(C=C2)C3=COC4=NC=NC(=C34)N,0
CC(=O)NCCNC(=O)C1=CC2=C(C=C1)NC3=C(C=CC(=C3)C4=CC(=C(C=C4)O)OC)C(=O)N2,0
CC1=CC(=CC=C1)NC(=O)NC2=CC=C(C=C2)C3=NOC4=NC=NC(=C34)N,0
COC1=C(C=CC(=C1)C2=CC3=C(C=C2)C(=O)NC4=C(N3)C=CC(=C4)[N+](=O)[O-])O,0
C1=CC=C2C(=C1)NC3=C(C=CN=N3)C(=O)N2,0
C1=CC(=CC=C1C2=CSC3=C2C(=NC=C3C4=CC=NC=C4)N)NC(=O)NC5=C(C=CC(=C5)C(F)(F)F)F,0
C1=CC=C(C=C1)CNC(=O)C2=CC=C(C=C2)C3=CC=NC=C3,0
C1=CC(=CC(=C1)NC(=O)NC2=CC=C(C=C2)C3=CC4=C(C=C3)C(=NN4)N)C(F)(F)F,0
CC1=CC(=CC=C1)NC(=O)NC2=CC=C(C=C2)C3=C4C(=CC=C3)NN=C4N,0
CC1=CC(=CC(=C1)NC(=O)NC2=CC=C(C=C2)C3=C4C(=CC=C3)SN=C4N)C,0
CC(C)(CNC1=NC=CC(=N1)C2=C(N=C3N2C=CO3)C4=CC=C(C=C4)F)CN(C)C,0
C1CNCCC1NC2=NC=CC(=N2)C3=C(N=C4N3C=CO4)C5=CC=C(C=C5)F,0
CC1=CC(=CC=C1)NC(=O)NC2=CC=C(C=C2)C3=CSC4=C3C(=NC=C4C#CC5=CN=CC=C5)N,0
CC1=C(C=CC(=C1)NC(=O)NC2=CC=C(C=C2)C3=C4C(=C(C=C3)OC)ON=C4N)F,0
CC1=CC(=C(C=C1)F)NC(=O)NC2=CC=C(C=C2)C3=C4C(=CC=C3)NN=C4N,0
CC1=CC(=C(C=C1)F)NC(=O)NC2=CC=C(C=C2)C3=CN=CC4=C3C(=NN4C)N,0
C1C2=CN=C(N=C2C3=C(C=C(C=C3)Cl)C(=N1)C4=C(C=CC=C4F)F)NC5=CC=C(C=C5)C(=O)O,0
COC1=C2C(=C(C=C1)C3=CC=C(C=C3)NC(=O)NC4=CC(=CC=C4)Br)C(=NO2)N,0
CC1=NC=CN2C1=NC(=C2C3=NC(=NC=C3)NCC(C)(C)CO)C4=CC=C(C=C4)F,0
CC(C)S(=O)(=O)C1=CC=CC=C1NC2=NC(=NC=C2Cl)NC3=C(C=C(C=C3)N4CCC(CC4)N5CCN(CC5)C)OC,0
CC1=CC(=C(C=C1)F)NC(=O)NC2=CC=C(C=C2)C3=NSC4=NC=NC(=C34)N,0
CC1=NC=CN2C1=NC(=C2C3=NC(=NC=C3)NCC(C)(C)O)C4=C(C=C(C=C4)F)F,0
CC1=CC(=CC=C1)NC(=O)NC2=CC=C(C=C2)C3=C4C=NNC4=CC=C3,0
C1=CC(=CC=C1C(=O)NC2=CC3=C(C=C2)NN=C3)Cl,0
CC1=CC(=CC=C1)NC(=O)NC2=CC=C(C=C2)C3=CSC4=C3C(=NC=C4C5=CNN=C5)N,0
CC1=CC(=CC=C1)NC(=O)NC2=CC=C(C=C2)C3=CSC4=C3C(=NC=C4C#CCN(C)C)N,0
C1=CC(=CC(=C1)F)NC(=O)NC2=CC=C(C=C2)C3=CSC4=C3C(=NC=C4C5=COC=C5)N,0
CC1=CC(=CC=C1)NC(=O)NC2=CC=C(C=C2)C3=CSC4=C3C(=NC=C4C#CCN5CCCC5)N,0
C1=CC(=CC(=C1)Br)NC(=O)NC2=CC=C(C=C2)C3=CSC4=C3C(=NC=C4)N,0
C1=CC(=CC(=C1)F)NC(=O)NC2=CC=C(C=C2)C3=CSC4=C3C(=NC=C4)N,0
CC1=CC(=CC=C1)NC(=O)NC2=CC=C(C=C2)C3=CSC4=C3C(=NC=C4)N,0
CC1=C2C=C(C=CC2=NN1)C3=CC(=CN=C3)OCC(CC4=CC(=CC=C4)Cl)N,0
CC1=CC(=CC(=C1)NC(=O)NC2=CC(=C(C=C2)C3=C4CNC(=O)C4=CC=C3)C)C,0
C1=CC=C2C(=C1)C(=CN2)CC(COC3=CN=CC(=C3)C4=CC5=C(C=C4)NC(=O)O5)N,0
CN(C)CC(=O)NC(CC1=CNC2=CC=CC=C21)COC3=CN=CC(=C3)C4=CC5=C(C=C4)C=NC=C5,0
C1CCN(C1)CCNC2=CC=CC(=N2)C3=NC4=C(C=CC=C4N3)C(=O)N,0
CC1=NC=CN2C1=NC(=C2C3=NC(=NC=C3)NCCC(C)(C)O)C4=C(C=C(C=C4)F)F,0
CN1CCC(CC1)C(=O)N2C3=C(C=C(C=C3)C4=CN(N=N4)CC5=CC=CC=C5)C(=N2)N,0
CCCC(=O)NC1=NNC2=C1C=C(C=C2)C3=CN(N=N3)CC4=CC=CC=C4,0
C1CC1C2=C(N=NN2CC3=CC=CC=C3)C4=CC5=C(C=C4)NN=C5,0
C1COCCC1CN2C=C(N=N2)C3=CC4=C(C=C3)NN=C4,0
C1CCN(CC1)CC2=NOC(=C2)C3=CC4=C(C=C3)NN=C4,0
C1=CC=C(C=C1)CN2C=C(N=N2)C3=CC4=C(C=C3)NN=C4,0
CC1=CC(=C(C=C1)CN2C=C(N=N2)C3=CC4=C(C=C3)NN=C4)C,0
C1=CC2=C(C=C1C3=CN(N=N3)CC4=C(C=C(C=C4)C(F)(F)F)C(F)(F)F)C=NN2,0
CC(C)NC1=C(N=C2N1C=CC=N2)C3=CC4=C(C=C3)NN=C4,0
C1=CC=C(C=C1)CNC2=NC(=CS2)C3=CC4=C(C=C3)NN=C4,0
C1=CN2C=C(N=C2N=C1)C3=CC4=C(C=C3)NN=C4,0
C1=CC=C(C=C1)CNC2=NC3=C(S2)C=C(C=C3)C4=CC=NC=C4,0
C1=CC(=CC(=C1)F)NC(=O)NC2=CC=C(C=C2)NC(=O)C3=C4C(=NC=NN4C=C3)N,0
C1=CC=C2C(=C1)C=C(S2)C3=CC(=CC4=C3NN=C4)C5=CN(C6=CN=C(N=C65)N)CCCN,0
C1COCCN1C2=CC=C(C=C2)NC3=NC=CC(=N3)C4=C(N=C5N4C=CS5)C6=CC(=CC=C6)NC(=O)CC7=CC=CC=C7,0
C1=CC=C(C=C1)CNC2=NC(=CC(=C2)C3=CNC4=C3C=CC=N4)Cl,0
C1=CC=C(C=C1)C2=CNC3=C2C=C(C=N3)NC(=O)C4=C(C(=CC=C4)F)F,0
C1=CC=C(C=C1)C2=CNC3=C2C=C(C=N3)C4=CC(=CC=C4)C(=O)N,0
C1=CC=C(C=C1)C2=CNC3=C2C=C(C=N3)NC(=O)C4=C(C=CC=C4F)F,0
C1CCC(CC1)NC2=NC(=CC(=N2)Cl)C3=CNC4=C3C=CC=N4,0
COC1=CC=CC(=C1)C(=O)NC2=CC3=C(NC=C3C4=CC=CC=C4)N=C2,0
COC1=CC=C(C=C1)C(=O)NC2=CC3=C(NC=C3C4=CC=CC=C4)N=C2,0
C1=CC=C(C=C1)C2=CNC3=C2C(=NC=N3)NCCCO,0
C1=CC=C(C=C1)C2=CNC3=C2C=C(C=N3)NC(=O)C4=CC=C(C=C4)Cl,0
C1CN(CCC1O)C2=NC=NC3=C2C(=CN3)C4=CC=CC=C4,0
C1=CC=C(C=C1)C2=CNC3=C2C=C(C=N3)Br,0
CC1=CC=C(C=C1)NC(=O)NC2=CC=C(C=C2)C3=CSC4=C3C(=NC=C4C5=CN(N=C5)C(C)C(=O)N(C)C)N,0
CC1=CC=C(C=C1)NC(=O)NC2=CC=C(C=C2)C3=CSC4=C3C(=NC=C4C5=CN(N=C5)C)N,0
CN1C=C(C=N1)C2=CN=C(C3=C2SC=C3C4=CC=C(C=C4)NC(=O)NC5=CC=C(C=C5)OC(F)F)N,0
CC1=C(C=C(C=C1)NC(=O)NC2=CC=C(C=C2)C3=CSC4=NC=NC(=C34)N)C,0
CC1=CC(=C(C=C1)F)NC(=O)NC2=CC=C(C=C2)C3=CSC4=C3C(=NC=C4C(=O)NC)N,0
CC1=CC(=CC=C1)NC(=O)NC2=CC=C(C=C2)C3=CSC4=C3C(=NC=C4C5=CN(N=C5)C)N,0
CN1C=C(C=N1)C2=CN=C(C3=C2SC=C3C4=CC=C(C=C4)NC(=O)NC5=CC(=CC=C5)F)N,0
CCCN1C=C(C=N1)C2=CN=C(C3=C2SC=C3C4=CC=C(C=C4)NC(=O)NC5=CC(=CC=C5)F)N,0
CCOC1=CC=C(C=C1)NC(=O)NC2=CC=C(C=C2)C3=CSC4=C3C(=NC=C4C5=CN(N=C5)C)N,0
CC1=CC(=CC=C1)NC(=O)NC2=CC=C(C=C2)C3=CSC4=C3C(=NC=C4C5=CN(N=C5)CC(C)O)N,0
CC1=CC(=CC(=C1)NC(=O)NC2=CC3=C(C=C2)C4=C(CC3)SC5=NC=NC(=C45)N)C,0
CC1=CC=C(C=C1)NC(=O)NC2=CC=C(C=C2)NC(=O)C3=CSC4=NC=NC(=C34)N,0
C1CC2=C(C3=C1C=C(C=C3)NC(=O)NC4=CC=CC=C4)C5=C(N=CN=C5S2)N,0
CC1=C2C(=NN1)C=CC=C2C3=CC=C(C=C3)NC(=O)NC4=CC=CC(=C4)C(F)(F)F,0
CCC1=CC(=CC=C1)NC(=O)NC2=CC3=C(C=C2)C4=C(CC3)SC5=NC=NC(=C45)N,0
CC1=CC(=CC=C1)NC(=O)NC2=CC=C(C=C2)C3=CSC4=NC(=NC(=C34)N)N,0
C1=CC=C(C=C1)C2=CC3=C(NC(=O)N3)N=C2,0
C1=CC(=C2C=NSC2=C1)C3=CC=C(C=C3)NC(=O)NC4=CC(=C(C=C4)F)C(F)(F)F,0
CC1=CC(=CC=C1)NC(=O)NC2=CC=C(C=C2)C3=CC(=CC=C3)C(=O)N,0
CC(C1=CC=CC=C1)NC2=NC=CC(=N2)C3=C(N=C4N3C=CO4)C5=CC=C(C=C5)F,0
C1CC(=O)N(C1)C2=CC=CC(=C2)NC3=NC=CC(=N3)C4=C(N=C5N4C=CS5)C6=CC(=CC=C6)NC(=O)CC7=CC=CC=C7,0
C1CC(=O)N(C1)C2=CC=CC(=C2)NC3=NC=CC(=N3)C4=C(N=C5N4C=CS5)C6=CC(=CC=C6)NC(=O)C7=C(C=CC=C7F)F,0
CCCCNC1=NS(=O)N=C1NC2=CC=C(C=C2)F,0
CC1=C2C=C(C=CC2=NN1)C3=CC(=CN=C3)OCC(CC4=CC(=CC=C4)OC(F)(F)F)N,0
C1=CC=C(C=C1)CN2C(=C(N=N2)C3=CC4=C(C=C3)NN=C4N)C5=CC=CC=C5,0
C1=CC=C(C=C1)CN2C(=C(N=N2)C3=CC4=C(C=C3)NN=C4N)I,0
C1=CC=C2C(=C1)C(=CN2)CC(COC3=CN=CC(=C3)C4=CC=C(C=C4)F)N,0
CC1=C2C=C(C=CC2=NN1)C3=CC(=CN=C3)OCCN,0
CC1=C2C=C(C=CC2=NN1)C3=CC(=CN=C3)OCC(CC4=CC(=C(C=C4)Cl)Cl)N,0
C1=CC=C2C(=C1)C(=CN2)CC(COC3=CN=CC(=C3)C4=CC(=C(C=C4)N)C(=O)C5=CC(=CC=C5)Cl)N,0
CCCC(=O)NC1=NNC2=C1C=C(C=C2)C3=C(N(N=N3)CC4=CC=CC=C4)C5=CC=CC=C5,0
C1=CC=C(C=C1)CN2C=C(N=N2)C3=CC4=C(C=C3)NN=C4NC(=O)C5=CC(=CC=C5)F,0
CC(C)N(C)C(=O)C1=C(N=NN1CC2=CC=CC=C2)C3=CC4=C(C=C3)NN=C4,0
C1CC(CN(C1)C(=O)C2=NOC(=C2)C3=CC4=C(C=C3)NN=C4)O,0
CN(C)CC(=O)NC1=NNC2=C1C=C(C=C2)C3=CN(N=N3)CC4=CC=CC=C4,0
C1CC(CN(C1)C(=O)C2=NOC(=C2)C3=CC4=C(C=C3)NN=C4)C(=O)N,0
CC(C1=CC=CC=C1)NC(=O)C2=CC=C(C=C2)C3=CC=NC=C3,0
CC(C1=CC(=CC=C1)OC)NC(=O)C2=CC=C(C=C2)C3=CC=NC=C3,0
C1=CC=C(C=C1)CC(CO)NC(=O)C2=C(C=C(C=C2)C3=CC=NC=C3)F,0
C1=CC=C(C=C1)CC(CO)NC(=O)C2=CC=C(C=C2)C3=CC=NC=C3,0
CC1=CN=C(N=C1NC2=CC=C(C=C2)OCC(=O)N)NC3=CC(=CC=C3)S(=O)(=O)N,0
C1C2=C(C=C(C=C2C(=O)N1)OCCCN)C3=CC=C(C=C3)NC4=NC5=C(O4)C=C(C=C5)Cl,0
CN(C)CCCOC1=CC(=C2CNC(=O)C2=C1)C3=CC=C(C=C3)NC4=NC5=CC=CC=C5O4,0
C1=CC2=C(C=C1NC3=C(C(=O)C3=O)NCC4=C(C=C(C=C4)Cl)Cl)C=NN2,0
C1=CC=C(C(=C1)CNC2=C(C(=O)C2=O)NC3=CC=NC=C3)F,0
CC1=CC=C(C=C1)C(=O)NC2=C(SC3=C2C(=C(C=C3)Cl)Cl)C#N,0
CC1=CC=C(C=C1)C(=O)NC2=C(SC3=C2C(=C(C=C3)Cl)Cl)C(=O)N,0
C1=CC=C2C(=C1)C(=CN2)CC(COC3=CN=CC(=C3)C=CC4=CC=NC=C4)N,0
C1CC1CNC2=NC=CC(=N2)C3=C(N=C4N3C=CN=C4)C5=CC=C(C=C5)F,0
CC1=CC2=C(C(=C1)Cl)OC(=N2)NC3=CC=C(C=C3)C4=NN(C5=NC=NC(=C45)N)C6CCC(CC6)OCCOC,0
CC1=CC(=C(C=C1Cl)NC(=O)NC2=NC=C(N=C2)C#N)OC,0
C1=CC2=C(C=CN=C2C(=C1)C(F)(F)F)NC(=O)NC3=CC=CC(=N3)C(F)(F)F,0
CC(C1=CC(=CC=C1)OC)NC(=O)C2=CN=C(S2)C3=CC=NC=C3,0
CS(=O)(=O)N(CC1=CC2=C(C=C1)NC(=O)C3=CC=CN32)C4CC4,0
CC1=CC(=CC=C1)NC2=NC=CC(=N2)NC3=C(C(=O)C3=O)NC(C)C(C)(C)C,0
C1=CC=C2C(=C1)C=C(S2)C3=CC(=CC4=C3NN=C4)C5=CN(C6=CN=C(N=C65)N)CC(=O)N,0
C1=CC=C(C=C1)CC(COC2=CN=CC(=C2)C=CC3=CC=NC=C3)N,0
C1=CC=C2C(=C1)C=CC=C2CC(C(=O)NC3=CN=CC(=C3)C=CC4=CC=NC=C4)N,0
C1=CC=NC(=C1)NS(=O)(=O)C2=CC=C(C=C2)N=CC3=C(NC4=C3C5=C(C=C4)N=CS5)O,0
C1C2=C(C3=CC=CC=C3NC1=O)NC4=C2C=C(C=C4)Br,0
C1CNCCC1N2C=NC(=C2C3=NC(=NC=C3)N)C4=CC=C(C=C4)F,0
CC1=C(C=C(C=C1)NC(=O)C2=CC=C(C=C2)CN3CCN(CC3)C)NC4=NC=CC(=N4)C5=CN=CC=C5,0
CC1=CC(=C(N1)C=C2C3=CC=CC=C3NC2=O)C,0
CC1=CC=C(C=C1)N2C(=CC(=N2)C(C)(C)C)NC(=O)NC3=CC=C(C4=CC=CC=C43)OCCN5CCOCC5,0
COC1=C(C=CC(=C1)C=C2C(=O)NC(=O)S2)O,0
C1=CC=C2C(=C1)C(=O)N(C2=O)C3=CC(=C(C=C3)C(=O)O)O,0
CCCN1C(=NC(=C1C2=NC(=NC=C2)NC3CCCCC3)C4=CC(=C(C=C4)Cl)Cl)C5CCNCC5,0
CC1=C2C(C(=C(OC2=NN1)N)C#N)C3=CC=CC=C3I,0
C1=CC=C(C=C1)NC2=NC(=NC=C2F)NC3=CC=CC=C3,0
CC1=C(N(C2=C1C=C(C=C2)C(=O)NC3=NC=NN3)CC4=CC=CC=C4)C,0
C1CC2=C(C1)SC3=C2C4=NNC(=S)N4C5=NNC(=S)N35,0
C1=CC=C(C=C1)C(C2=CC=CC=C2)(C(=O)NNC(=S)NC3=CC=C(C=C3)F)O,0
C1=CC(=C(C(=C1)Cl)C2=C3C=CC(=NN3C=NC2=O)SC4=C(C=C(C=C4)F)F)Cl,0
CC(C)(C)C1=C2C(C(=C(OC2=NN1)N)C#N)C3=CC=CC=C3F,0
CCOC1=CC=CC=C1C=NNC(=O)C2=C(N(N=N2)C3=NON=C3N)N4CCCC4,0
C1C2=C(C3=CC=CC=C3NC1=O)NC4=C2C=C(C=C4)[N+](=O)[O-],0
C1=CC=C(C=C1)C2=C(N=NN2C3=NON=C3N)C(=O)NN=CC4=CC=CS4,0
C1CC2=C(C1)NN=C2NC(=O)CC3=CC=C(C=C3)Cl,0
CC(C1CCC(CC1)C(=O)NC2=C3C=CNC3=NC=C2)N,0
CSC1=CC=C(C=C1)C2=NC(=C(N2)C3=CC=NC=C3)C4=CC=C(C=C4)F,0
CNC(=O)C1=CC=CC=C1NC2=NC(=NC=C2Cl)NC3=C(C=C(C=C3)N4CCOCC4)OC,0
CC1=C(C2=C(N=CN=C2N1C3CCC(CC3)N4CCCC4)N)C5=CC(=CC=C5)OCC6=CC=CC=C6,0
C1=CC=C(C(=C1)COC2=C(SC(=C2)N3C=NC4=CC=CC=C43)C(=O)N)C(F)(F)F,0
CCN1C(=C(SC1=O)C2=NC(=NC=C2)NC3=CC(=CC=C3)OC)C,0
CC(C)OC1=C(C(=CC(=N1)NC(=O)CC2=CC(=C(C=C2OC)S(=O)(=O)C)OC)N)C#N,0
CCOC1=C(C(=CC(=N1)NC(=O)C)N)C#N,0
C1CNC(=O)C2=C1NC(=C2)C3=CC=NC=C3,0
C1CCOC2=CC(=C(C=C2NC(=O)NC3=CN=C(C(=N3)OCC1)C#N)Cl)OCC(CO)O,0
CCOC1=C(C(=CC(=N1)C(=O)NCC2=CC=CC=C2S(=O)(=O)N)N)C#N,0
CCOC1=C(C(=CC(=N1)C(=O)NCC2=CN=CC=C2)N)C#N,0
C1=CC(=CC(=C1)S(=O)(=O)N)NC2=NC=C(C(=N2)NC3=CC=C(C=C3)OCC#N)Br,0
C1=CC(=CC=C1NC2=C3C(=CSC3=NC=N2)Cl)O,0
C1CNC2=NC=NC(=C2N=C1C3=CC=C(C=C3)NC(=O)NC4=CC=CC(=C4)C(F)(F)F)N,0
C1CNC2=NC=NC(=C2N=C1C3=CC=C(C=C3)NC(=O)NC4=C(C=CC(=C4)C(F)(F)F)F)N,0
CC1=NC=CN2C1=NC(=C2C3=NC(=NC=C3)NCC(C)(C)CO)C4=CC=C(C=C4)F,0
CC(C)(CNC1=NC=CC(=N1)C2=C(N=C3N2C=CN=C3CC4CC4)C5=CC=C(C=C5)F)CO,0
C1CC(CNC1)C2=CC(=C(C=C2)C3=NC4=C(C=CC=C4N3)C(=O)N)F,0
CC1=C(C=C(C=C1)C(=O)NC2=NOC=C2)NC3=C4C=NN(C4=NC=N3)C5=CC=CC=C5,0
CN1CCC1COC2=CN=CC(=C2)CCC3=CC=NC=C3,0
C1=CC(=C(C=C1F)F)C2=CN=CC3=C2C=C(S3)C(=O)N,0
C1=CC(=CC=C1C2=CN=CC3=C2C=C(S3)C(=O)N)F,0
CC1CCCN1CCC2=CC3=C(N2)C=CC(=C3)C4=CC=C(C=C4)OC(F)(F)F,0
C1=CC2=C(C=NN2)C(=C1)NC(=O)NCC3=CC=C(C=C3)Cl,0
CN(C)CC(=O)NC(CC1=CNC2=CC=CC=C21)COC3=CN=CC(=C3)C4=CC5=C(C=C4)C=NC=C5,0
CCN(CC)CCCNC1=CC=CC(=N1)C2=NC3=C(C=CC=C3N2)C(=O)N,0
COC1=C(C=C(C(=C1)C=O)Cl)NC(=O)NC2=NC=C(N=C2)C#N,0
CC1=NN(C2=C1C(=O)C3=C(N2O)C=CC(=C3)Cl)C4=CC=CC=C4,0
C1=CC=C(C(=C1)C(=O)O)NC2=NC(=NC=C2)NC3=CC(=CC=C3)O,0
C1=CC(=C(C=C1Cl)Cl)C2=C(C=C(N2)C3=NC(=NC=C3)N)C(=O)N,0
C1=CC2=C(C=CN=C2C(=C1)F)NC(=O)NC3=NC=CN=C3,0
COC1=CC2=C(C=C1)NC(=O)C2=CC3=CN=CN3,0
CC(C)CN1C2=C(C=CC(=C2)C3=C(N=C4N3C=CS4)C5=CC=C(C=C5)F)N=C1N,0
CCN1C2=CC(=C(C=C2C(=O)C3=C1NOC3=O)O)Cl,0
CC1=CC=CC=C1C2=C(N(C3=CC=CC=C32)CCCOC4=CC=CC5=CC=CC=C54)C(=O)O,0
C1CCN(CC1)C(=O)C2=NOC(=C2)C3=CC4=C(C=C3)NN=C4,0
C1=CC=C(C=C1)CC2=CN(N=N2)C3=CC4=C(C=C3)NN=C4,0
C1=CC(=CC(=C1)C(F)(F)F)CNC2=C(C(=O)C2=O)NC3=CC=NC=C3,0
CC1=C(C=C(C=C1)CNC2=C(C(=O)C2=O)NC3=CC=NC=C3)C,0
COC1=C(C=C2C(=C1)N=CN2C3=CC(=C(S3)C(=O)O)OCC4=CC=CC=C4C(F)(F)F)OC,0
CSC1=CC=CC=C1CNC2=NC=C(C(=N2)NCC3CCC(CC3)CN)[N+](=O)[O-],0
C1COCCN1CCOC2=CC3=C(CC4=C3NN=C4C5=CN=C(C=C5)C#N)C=C2,0
C1CCOC2=NC(=CN=C2C#N)NC(=O)NC3=CC(=C(C=C3OC1)NCC4=CN=CS4)Cl,0
C1=CC(=CC(=C1)F)NC(=O)NC2=CC=C(C=C2)NC(=O)C3=C4C(=NC=NN4C=C3)N,0
CCCCN1C2=C(C=C(C=C2)N(C)C(=O)C3CCCCC3)N=C1NC(=O)C4=CC=C(C=C4)C#N,0
CCOC1=C(C(=CC(=N1)C(=O)NCC2=CC=C(C=C2)S(=O)(=O)N)N)C#N,0
C1=CC=C2C(=C1)C=C(S2)C3=CC(=CC4=C3NN=C4)C5=CN(C6=CN=C(N=C65)N)CCCN,0
CC1=CSC(=N1)NC(=O)C2=C(C3=C(S2)N=C(C=C3)C4=CC=NC=C4)N,0
C1=CC=C2C(=C1)C(=CN2)CC(COC3=CN=CC(=C3)C4=CC(=C(C=C4)N)C(=O)C5=CC=CC=C5F)N,0
CC1=C(N=NN1CC2=CC=CC=C2)C3=CC4=C(C=C3)NN=C4N,0
C1=CC=C2C(=C1)C(=CN2)CC(COC3=CN=CC(=C3)C4=CC(=C(C=C4)N)C(=O)C5=CC(=CC=C5)Cl)N,0
C1CC(CN(C1)C(=O)C2=NOC(=C2)C3=CC4=C(C=C3)NN=C4)O,0
CC(C1=CC(=CC=C1)OC)NC(=O)C2=CC(=C(C=C2)C3=CC=NC=C3)F,0
C1=CC=C(C=C1)C(CCO)NC2=NC3=C(S2)C=C(C=C3)C4=CC=NC=C4,0
C1=CC=C(C=C1)CNC(=O)C2=CC=CC(=C2)C3=CN=C4C(=C3)C=CN4,0
C1=CC(=CC=C1CC(CO)NC(=O)C2=CC=C(C=C2)C3=CC=NC=C3)Cl,0
CN(C1=CC=CC=C1CNC2=NC(=NC3=C2C=CN3)N)S(=O)(=O)C,0
C1C2=C(C=CC=C2C(=O)N1)C3=CC=C(C=C3)NC4=NC5=CC=CC=C5O4,0
CC(=O)NC1=CC=CC(=C1)CNC2=C(C(=O)C2=O)NC3=CC4=C(C=C3)NN=C4,0
C1=CC=C2C(=C1)C(=CN2)CC(C(=O)NC3=CN=CC(=C3)C=CC4=CC=NC=C4)N,0
CN(C)S(=O)(=O)C1=CC=CC=C1C2=CC3=C(C=C2)C(=O)NC4=CC=CC=C4N3,0
C1=CC(=CC(=C1)OCCN)NC2=NC(=NC=C2)N,0
CNC1=NC=NC2=C1N=C(CCN2)C3=CC=C(C=C3)NC(=O)NC4=CC=CC(=C4)C(F)(F)F,0
C1=CC=C2C(=C1)C(=CN2)CC(COC3=CN=CC(=C3)C4=CC5=C(S4)C=CN=C5)N,0
C1=CC=C2C(=C1)C(=CN2)CC(COC3=C(N=CC(=C3)C=CC4=CC=NC=C4)Cl)N,0
COCCNC1=NC=CC(=N1)C2=C(N=C3N2C=CN=C3)C4=CC=C(C=C4)F,0
CC(C)(CNC1=NC=CC(=N1)C2=C(N=C3N2C=CN=C3OC)C4=C(C=C(C=C4)F)F)CO,0
CC(C)OC1=NC=CN2C1=NC(=C2C3=NC(=NC=C3)NCC(C)(C)CO)C4=C(C=C(C=C4)F)F,0
CC(C)(CNC1=NC=CC(=N1)C2=C(N=C3N2C=CN=C3OC)C4=CC=C(C=C4)F)CO,0
CC1=CC2=C(C(=C1)Cl)OC(=N2)NC3=CC=C(C=C3)C4=NN(C5=NC=NC(=C45)N)C6CCC(CC6)OCCOC,0
CCN(CC)CC#CC1=CC2=C(CC3=C2NN=C3C4=CN=C(C=C4)C#N)C=C1,0
C1=CC=C(C=C1)C2=CSC(=N2)N3C4=C(C=CC(=C4)C#N)N=C3N,0
C1=CC(=NC(=C1)NC(=O)NC2=C3C=CC(=C(C3=NC=C2)Cl)Cl)C(F)(F)F,0
CC1=CC(=C(C=C1Cl)NC(=O)NC2=NC=C(N=C2)C#N)OC,0
CC1=CC(=CC=C1)NC2=NC=CC(=N2)NC3=C(C(=O)C3=O)NC(C)C(C)(C)C,0
C1=CC=C(C=C1)C2=CC=NC3=C(C=NN23)C(=O)NC4=CC=C(C=C4)CO,0
C1=CC=C2C(=C1)C=CC=C2CC(C(=O)NC3=CN=CC(=C3)C=CC4=CC=NC=C4)N,0
CN(C)C1=CC=C(C=C1)CNC(=O)C2=CC3=C(NN=C3S2)C4=CC=CC=C4,0
C1=CC(=CC=C1C2=CC=C(C=C2)F)C(=O)NS(=O)(=O)C3=CC(=C(C=C3)NCCSC4=CC=C(C=C4)O)[N+](=O)[O-],0
C1=CC(=CC(=C1)F)C2=CN=CC3=C2C=C(S3)C(=O)N,0
CCS(=O)(=O)C1=CC=C(C=C1)C2=CN=CC3=C2C=C(S3)C(=O)N,0
CC(C)(CC1=NN=C2N1N=C(C=C2)C3=C(N=C4N3C=CO4)C5=C(C=C(C=C5)F)F)O,0
CC(C)(CO)C1=NN=C2N1N=C(C=C2)C3=C(N=C4N3C=CO4)C5=C(C=C(C=C5)F)F,0
CCCCN1C2=C(C=C(C=C2)N(C)C(=O)C3CCCCC3)N=C1NC(=O)C4=CC=CC(=C4)C#N,0
C1=CC=C2C(=C1)NC(=N2)C=CC3=CN=C(C4=C3SC=C4C5=CC=C(C=C5)N)N,0
CC1=CC2=CC(=CC(=C2N1)F)C3=CSC4=C3C(=NC=C4C=CC(=O)NC)N,0
CC(C1=CC(=CC=C1)OC)NC(=O)N2CCC(=CC2)C3=CNC4=C3C=CC=N4,0
CC(C1=CC(=CC=C1)OC)NC(=O)C2=CC=C(C=C2)C3=NC=NC=C3,0
CCCS(=O)(=O)NC1=CC=C(C=C1)C2=CC3=C(C=C2)NN=C3NC(=O)C,0
CC1=C(C(=NN1C)C)C2=CC=CC3=C2NC(=C3CCCOC4=CC=CC5=CC=CC=C54)C(=O)O,0
C1=CC2=C(C=C1C3=CN=C4C(=C3)C=CN4)NN=C2,0
CN1C=C(C2=CC=CC=C21)C(CN)C3=CN=CC(=C3)C=CC4=CC=NC=C4,0
C1=CC=C(C=C1)CN2C=CC3=CN=C(N=C32)NC4=CC(=CC=C4)S(=O)(=O)N,0
CC(C)(CO)C1=NN=C2N1N=C(C=C2)C3=C(N=C4N3CCC4)C5=C(C=C(C=C5)F)F,0
CC1=C2C=C(N=CC2=NN1)C3=CC(=CN=C3)OCC(CC4=CC(=CC=C4)C(F)(F)F)N,0
C1=CC(=CC=C1C2=CC(=CC(=C2O)CNC(=O)C(F)(F)F)NC3=NC=NC(=N3)N)Cl,0
CC1=NN(C2=C1C(=O)C3=C(N2OCC(C)C)C=CC(=C3)Cl)C,0
CN1C(=O)C(=C(N=C1NCC(CC2=CC=CC=C2)N)C3=CC=NC=C3)C4=CC5=CC=CC=C5C=C4,0
C1COC2=C(C1N3C4=NC(=NC=C4NC3=O)N5C=NC6=C5C=C(C=C6)F)C=CC=C2F,0
CC(=O)NC1=C(SC2=C1C(=C(C=C2)Cl)Cl)C(=O)N,0
C1CC2=C(C(=O)C1)C(=O)C3=C(O2)C=C(C=C3)C(F)(F)F,0
CC(C)(C)OC(=O)N1C=C(C2=CC=CC=C21)C3=CN=CN3C4CCCCC4,0
C1=NC(=C2C(=N1)N(N=C2I)C3C(C(C(O3)CO)O)O)N,0
C1=CC2=C(C=C1Cl)C3=C(C(=O)NC(=C3C(=N)O2)O)C#N,0
COC1=CC=CC(=C1)C=C2C(=O)NC(=NC3=CC=CC=C3)S2,0
C1=CC(=CC=C1C2=C(NN=C2NC3=CC=C(C=C3)O)C4=CC=C(C=C4)O)O,0
C1CCC2=C(C1)C3=C(S2)NC(=O)N4C3=NC(=N4)C5=CC=CC=C5,0
C1=CC(=CC(=C1)Cl)C2=CN3C(=N2)C(=CNC3=O)I,0
CC1=C(C=CC2=C1CCCC2=NNC(=O)CC3=CC=CC4=CC=CC=C43)O,0
C1CNCCC1N2C=NC(=C2C3=NC(=NC=C3)N)C4=CC=C(C=C4)F,0
COC1=C(C=C2C(=C1)N=CN=C2NC3=CC(=C(C=C3)F)Cl)OCCCN4CCOCC4,0
C1C(CC(=O)C2=C1NC3=C(C2=O)C=CC(=C3)Cl)C4=C(C=C(C=C4)Cl)Cl,0
CC1(CC2=C(C(=O)C1)SC3=C(N2)C=C(C=C3)Cl)C,0
CCN(CC)C(=O)NC1=CC2=C(C=C1)N=C(C(=N2)C3=CC=CO3)C4=CC=CO4,0
C1CC1NC2=NN3C(=NN=C3C4=CC=C(C=C4)C(F)(F)F)C=C2,0
CC1=C2C(C(=C(OC2=NN1)N)C#N)C3=CC=CC=C3Cl,0
C1C2=C(CS1)N=C3C=C(NN3C2=O)C4=CC=CO4,0
CCN(CC)CCNC(=O)C1=C(NC(=C1C)C=C2C3=C(C=CC(=C3)F)NC2=O)C,0
C1=CC(=CN=C1)NC(=O)NCCCCCCNC(=O)NC2=CN=CC=C2,0
CC1=CC=C(C=C1)C2(CC2C(=O)NC3=CC=NC=C3)C4=CC=C(C=C4)C,0
C1=COC(=C1)C=C2C(=O)N3C(=C(C(C(=C3S2)C(=O)N)C4=CC=CO4)C#N)N,0
CCOC(=O)C1=C2N(C(=C(C1C3=CC=CO3)C#N)N)C(=O)C(=CC4=CC=CO4)S2,0
CC(=NNC(=O)C1=C(N(N=N1)C2=NON=C2N)C3=CC=CC=C3)C4=CC=CO4,0
CCNNC1=CC(=C(C2=NC3=CC=CC=C3N12)C#N)C,0
CC1=C(C2=NC3=CC=CC=C3N2C(=O)C1=CC4=C(NN(C4=O)C5=CC(=CC=C5)Br)C)C#N,0
CC1=CC2=NN=C(N2C3=CC=CC=C13)SCC4=CN5C=CC=CC5=N4,0
CN(C)C(=O)NC1=CC2=C(C=C1)N=C(C(=N2)C3=CC=CO3)C4=CC=CO4,0
CCOC(=O)C1=C(N2C(=C(C1C3=CC=CS3)C(=O)N)SC(=CC4=CC=CS4)C2=O)N,0
C1CCC(=C2CCC3=C(C4=CC=CC=C4N=C23)C(=O)O)C1,0
CC(C)N(C(C)C)C(=O)NC1=CC2=C(C=C1)N=C(C(=N2)C3=CC=CO3)C4=CC=CO4,0
C1=CC=C2C(=C1)NC(=N2)SC3=CC=C(O3)C=NNC(=O)C4=CC(=CC=C4)[N+](=O)[O-],0
CN1CCC(C(C1)O)C2=C(C=C(C3=C2OC(=CC3=O)C4=CC=CC=C4Cl)O)O,0
CN(C)CCCC(=O)NC1=NNC2=NN=C(C=C21)C3=C(C(=CC=C3)F)F,0
C1CCN(C1)CCCCNC(=O)NC2=C(C(=NS2)OCC3=C(C=C(C=C3F)Br)F)C(=O)N,0
CC1CCN(CC1N(C)C2=NC=NC3=C2C=CN3)C(=O)CC#N,0
COC1=C(C=C2C(=C1)N=CN2C3=CC(=C(S3)C(=O)N)OCC4=CC=CC=C4C(F)(F)F)OC,0
CSC1=CC=C(C=C1)C2=NC(=C(N2)C3=CC=NC=C3)C4=CC=C(C=C4)F,0
CNCC1=CC=C(C=C1)C2=C3CCNC(=O)C4=C3C(=CC(=C4)F)N2,0
CC1=C2C(=O)C(=CNC2=NC(=C1Br)N3CCC(C3)NC)C(=O)O,0
C1CCN(C1)C2CCC(CC2)N3C=C(C4=C(N=CN=C43)N)C5=CC(=CC=C5)OCC6=CC=CC=C6,0
C1=CC2=C(C=C1C3=CC=NC=C3)N(C=C(C2=O)C(=O)N)C4=C(C=C(C=C4)O)Cl,0
C1CNC(=O)C2=C1NC(=C2)C3=CC(=NC=C3)C4=CC5=CC=CC=C5N=C4,0
CN(C)C1=CC=CC2=C1C=CC=C2S(=O)(=O)N(CCN)C3=CN=CC(=C3)C4=CC5=C(C=C4)C=NC=C5,0
C1=CC(=CC=C1C2=C(NC(=N2)C3=CC=C(C=C3)F)C4=CC=NC=C4)F,0
CC1=C(C=CC(=C1)NC(=O)CC2=CC=C(C=C2)C3=C4C(=CC=C3)NN=C4N)F,0
CS(=O)(=O)NC1=C(C=C2C(=C1)OCCCCCOC3=NC(=CN=C3C#N)NC(=O)N2)Cl,0
CCOC1=C(C(=CC(=N1)NC(=O)CC2=CC(=C(C=C2OC)S(=O)(=O)C)OC)N)C#N,0
CC1(CC(C1)C2=NC(=C3N2C=CN=C3N)C4=CC5=C(C=C4)C=CC(=N5)C6=CC=CC=C6)O,0
C1=CC=C(C=C1)OC2=CC=C(C=C2)CCNC3=C(C(=O)C3=O)NC4=CC=NC=C4,0
C1CNC(=O)C2=C1NC(=C2)C3=CC=NC=C3,0
CCCCNC1=C2C=CC=C3C2=C(C=C1)C(=O)N(C3=O)CCNCCO,0
C1=CC=C(C=C1)NC2=C3C(=CSC3=NC=N2)Cl,0
C1=CC(=CC(=C1)O)NC2=C3C(=CSC3=NC=N2)Cl,0
C1=CC(=C2C(=C1)NC(=O)C3=CC(=NN=C3N2)Cl)C(=O)N,0
CCOC1=C(C(=CC(=N1)C(=O)NCC2=CC=C(C=C2)S(=O)(=O)C)N)Cl,0
CCN(CCCOC1=CC2=C(C=C1)C(=NC=N2)NC3=NNC(=C3)CC(=O)NC4=CC(=CC=C4)F)CCO,0
CN1C=C(C2=CC=CC=C21)C=C3C4=C(C=CC=N4)NC3=O,0
CN1CCCC1COC2=CN=CC(=C2)CCC3=CC=CC=C3,0
CC1=NN=C(O1)C2=CC3=C(S2)C=NC=C3OC4=CC=C(C=C4)C(F)(F)F,0
C1=CC(=CC(=C1)F)OC2=CN=CC3=C2C=C(S3)C(=O)N,0
CC1=CC(=CC=C1)C2=C(N=C(N(C2=O)C)NCC(CC3=CC=CC=C3)N)C4=CC=NC=C4,0
CC1CCN(CC1N(C)C2=NC=NC3=C2C=CN3)C(=O)CO,0
CC1=CC(=NO1)NC(=O)CCNC(=O)NC2=NC(=C(S2)C3=CC=C(C=C3)N4C=CC=N4)C,0
CCCON1C2=C(C=C(C=C2)Cl)C(=O)C3=C1N(N=C3C)C,0
C1=NC2=C(C(=N1)N)SC3=NC=NC(=C23)N,0
C1=CC(=C(C=C1Cl)Cl)C2=C(C=C(N2)C3=NC(=NC=C3)N)C(=O)N,0
C1=CC2=NC=CC(=C2C=C1C(F)(F)F)NC(=O)NC3=NC=CN=C3,0
C1COCCN1C2=CC=CC(=N2)NC(=O)NC3=C4C=CC=C(C4=NC=C3)C(F)(F)F,0
CC(C)S(=O)(=O)N1C2=C(C=CC(=C2)C3=C(N=C4N3C=CS4)C5=CC=C(C=C5)F)N=C1N,0
C1=CC(=CC(=C1)Cl)NC(=O)NC2=NC=C(S2)CCNC3=NC=NC4=C3SC=C4,0
C1CCC2=C(C1)C(=NNC2=O)CC3=CC(=C(C=C3)F)C(=O)N4CCN(CC4)C5=NC=CC=N5,0
CC(C)C1=NN=C2N1N=C(C=C2)C3=C(N=C4N3C=CO4)C5=C(C=C(C=C5)F)F,0
CC(C)(C1=NN=C2N1N=C(C=C2)C3=C(N=C4N3CCC4)C5=C(C=C(C=C5)F)F)O,0
CCN1C2=CC(=C(C=C2C(=O)C3=C1NOC3=O)F)Cl,0
C1=CC(=CC=C1CNC2=C(C(=O)C2=O)NC3=CC=NC=C3)Cl,0
COC1=C(C=C2C(=C1)N=CN2C3=CC(=C(S3)C(=O)O)OCC4=CC=CC=C4C(F)(F)F)OC,0
C1=CC=C2C(=C1)N=NN2CC3=CN(N=N3)C4=CC5=C(C=C4)NN=C5,0
C1=CC=C2C(=C1)N=C(N2CCCO)NC(=O)C3=CC(=CC=C3)[N+](=O)[O-],0
CN1C2=C(C=C(C=C2)N(C)C(=O)C3CCCCC3)N=C1NC(=O)C4=CC=C(C=C4)C#N,0
C1=CC2=C(C=CC(=C2)NC(=O)NC3=NC=C(N=C3)C#N)C=C1C(=O)O,0
C1=CC=C2C(=C1)C=C(S2)C3=CC(=CC4=C3NN=C4)C5=CN(C6=CN=C(N=C65)N)CCN,0
CC1=CN2C(=C(N=C2C(=N1)C)C3=C(C=C(C=C3)F)F)C4=NC(=NC=C4)NCC(C)(C)CO,0
CC1=NC=CN2C1=NC(=C2C3=NC(=NC=C3)NCC(C)(C)C(=O)O)C4=C(C=C(C=C4)F)F,0
CC(C)COC1=NC=CN2C1=NC(=C2C3=NC(=NC=C3)NCC(C)(C)CO)C4=CC=C(C=C4)F,0
CC1=CC(=C2C(=C1)N=C(O2)NC3=CC=C(C=C3)C4=NN(C5=NC=NC(=C45)N)C6CCC(CC6)OCCOC)C,0
CC(=O)C1=CC=CC(=C1)C2=CN=C3C(=C2)C=CN3,0
CN1CCN(CC1)CC2=CC3=C(C=C2)C4=C(C3)C(=NN4)C5=CSC(=C5)C#CCOCC6CC6,0
C1=CC(=C2C(=C1)NN=C2N)C3=CC=C(C=C3)NC(=O)NC4=C(C=CC(=C4)C(=O)O)F,0
COC1=C(C=C(C(=C1)C(=O)O)Cl)NC(=O)NC2=NC=C(N=C2)C#N,0
CC1=C(N=C2C=C(C=CC2=N1)NS(=O)(=O)C3=CC=C(C=C3)N)C,0
C1=CC=C(C=C1)COCC(COC2=CN=CC(=C2)C=CC3=CC=NC=C3)N,0
C1CNCC1OC2=CN=CC(=C2)C=CC3=CC=NC=C3,0
CC1=C(C2=C(N=CN=C2N1C3CC(C3)CN4CCCC4)N)C5=CC(=CC=C5)OCC6=CC=CC=C6,0
CC1=C2C=C(SC2=NN1)C(=O)NCCC3=CC=C(C=C3)Cl,0
C1COCCN1C(=O)C2=CC=CC(=C2)C3=CN=C4C(=C3)C=CN4,0
CCCC(=O)NC1=NNC2=C1C=C(C=C2)C3=C(C(=CC=C3)F)F,0
C1=CC(=C(C(=C1C2=CN=CC3=C2C=C(S3)C(=O)N)F)F)Br,0
C1=CC=C(C=C1)C2=CN=CC3=C2C=C(S3)C(=O)O,0
COC(=O)C1=CC2=C(S1)C=NC=C2C3=CC(=CC=C3)F,0
CC(C)C1=NN=C2N1N=C(C=C2)C3=C(N=C4N3CCC4)C5=C(C=C(C=C5)F)F,0
CNC(=O)C=CC1=CN=C(C2=C1SC=C2C3=CC4=C(C=C3)OCO4)N,0
CC(C1=CC(=CC=C1)OC)NC(=O)C2=C(C=C(C=C2)C3=C(C=NC=C3)F)OC,0
CCCS(=O)(=O)NC1=CC=C(C=C1)C2=CC3=C(C=C2)NN=C3NC(=O)CC,0
CC1=CC(=C(C=C1Cl)NC(=O)NC2=NC=C(N=C2)C#N)OCC3CCC(C3)C(=O)O,0
CC1=CC=CC=C1C2=CC=CC3=C2NC(=C3CCCOC4=CC(=CC(=C4C)C)C)C(=O)O,0
CCOC1=C(C(=CC(=N1)C(=O)NCC2=CC=NC=C2)N)C#N,0
CCCOC1=C(C(=CC(=N1)NC(=O)C)N)C#N,0
CC1=CC(=C(C=C1)F)C2=CN3C(=NN=C3N)C=C2,0
CC(=NN=C(N)N)C1=CC(=CC(=C1)NC(=O)NCCCN(C)CCCNC(=O)NC2=CC(=CC(=C2)C(=NN=C(N)N)C)C(=NN=C(N)N)C)C(=NN=C(N)N)C,0
C1=CC(=CC=C1C2=C(N(C=N2)CCCO)C3=CC=NC=C3)F,0
C1=CC=C(C=C1)C2=C(N(C=N2)CCCO)C3=CC=NC=C3,0
C1CNC(=O)C2=C1NC(=C2)C3=CC(=NC=C3)C=CC4=CC=CC=C4,0
C1=CC(=C(C=C1CNC2=C(C(=O)C2=O)NC3=CC=NC=C3)Cl)Cl,0
CSC1=CC2=C(C=C1)N=C3C(=C2Cl)CCNC3=O,0
CC1=C2C(=O)C(=CNC2=NC(=C1Cl)N3CCC(C3)CN)C(=O)O,0
CC1=C(C2=NC3=CC=CC=C3N2C(=O)C1=CC4=C(NN(C4=O)C5=CC=CC=C5)C)C#N,0
CC1=NC2=C(C(=O)O1)SC3=C(C=CC(=C23)Cl)Br,0
C1=CC=C2C(=C1)C=C3C(=N2)NN=C3NC(=O)C4=CC=NC=C4,0
C1=C(C2=C(N=CN=C2N1CC(C(CN)O)O)N)I,0
CCCC(=O)NC1=NNC2=NN=C(C=C21)C3=C(C(=CC=C3)F)F,0
CCOC1=C(C(=CC(=N1)C(=O)NCC2=CC=CC=C2S(=O)(=O)N)N)Cl,0
C1=CC=C2C(=C1)NC3=NN=C(C=C3C(=O)N2)Cl,0
C1COCCN1C2=CC=C(C=C2)OCCC3=CC4=C(C=C3)NC5=C(C=CC(=C5)C6=CN(C7=C6C=CN=C7)CC8=CC(=C(C(=C8)F)F)F)C(=O)N4,0
CCNC1=NC2=CC(=C(C=C2N=C1NCC)Cl)OC,0
C1=CC(=CC(=C1)N)C2=CC(=C3C(=C2)C=CC=N3)C(=O)N,0
C1CNCC=C1C2=CNC3=C2C=C(C=C3)C4=CC=C(C=C4)OC(F)(F)F,0
CC1=CC(=CC=C1)C=NNC2=CC(=NC(=N2)OCCC3=CC=CC=N3)N4CCOCC4,0
CC1=CN=C(C=C1)NC2=NC3=C(N2)C=C(C=C3)[N+](=O)[O-],0
C1=CC(=CC(=C1)O)C2=C3C(=CC=C2)ON=C3N,0
CC1=CC(=CC2=C1N=C(N2)C3=C(C=CNC3=O)NCC(C4=CC(=CC=C4)Cl)O)N5CCOCC5,0
COC1=C(C=CC(=C1)C=C2C(=O)NC(=NC3=CC=CC=C3)S2)O,0
COC1=C(C=C(C=C1)C=C2C(=O)NC(=NC3=CC=CC=C3)S2)OC,0
C1=CC(=CC=C1OC2=CN=CC3=C2C=C(S3)C4=NOC(=O)N4)I,0
C1=CC(=CC(=C1)Cl)NC2=NNC(=C2C3=CC=C(C=C3)O)C4=CC=C(C=C4)O,0
C1CNCCN(C1)S(=O)(=O)C2=CC=CC3=C2C=CN=C3,0
C1=CC=C2C(=C1)C3=NNC4=CC=CC(=C43)C2=O,0
COCCOC1=C(C=C2C(=C1)C(=NC=N2)NC3=CC=CC(=C3)C#C)OCCOC,0
C1=CC=C2C(=C1)C(=O)NC3=CC=CC=C3N2,0
COC1=CC=C(C=C1)CNC(=O)NC2=NC=C(S2)[N+](=O)[O-],0
CC1=C(SC(=N1)COC2=CC=CC=C2Cl)C3=NC(=NC=C3)N,0
C1=CC=C2C(=C1)C(=CN2)C=NNC3=NC4=CC=CC=C4N3,0
CC(C)OC1=CC=C(C=C1)NC(=O)N2CCN(CC2)C3=NC=NC4=CC(=C(C=C43)OC)OCCCN5CCCCC5,0
CC1=C(C(=CC=C1)Cl)NC(=O)C2=CN=C(S2)NC3=CC(=NC(=N3)C)N4CCN(CC4)CCO,0
CNC(=O)C1=CC=CC=C1SC2=CC3=C(C=C2)C(=NN3)C=CC4=CC=CC=N4,0
C1=CC(=CN=C1)NC(=O)NCCCCCCNC(=O)NC2=CN=CC=C2,0
C1=CC(=CN=C1)CNC(=O)NCCCCCCNC(=O)NCC2=CN=CC=C2,0
CC1=C(N2C=CC=CC2=N1)C3=CSC(=N3)NC4=CC=C(C=C4)O,0
C1=CC=C(C=C1)C2=C(C(=O)NC3=C2C=C(C=C3)Cl)N,0
C1=CC2=NSN=C2C(=C1)NC(=O)NN=CC3=C(C=C(C=C3)O)O,0
C1=CC=C(C=C1)COC2=CC=C(C=C2)NC3=NC=NC4=CC=CC=C43,0
CC1=C(C=C(C=C1)NC(=O)NC2=CC=C(C=C2)C3=C4CNC(=O)C4=CC=C3)C,0
C1=CC=C(C=C1)C2=C(N=NC3=NNC(=C23)N)C4=CC=CC=C4,0
CCN(CC)CCOC1=CC=C(C=C1)C2=NC3=C(C=CC=C3N2)C(=O)N,0
C1=CC(=CC=C1C2=CSC3=NC=NC(=C23)N)NC(=O)NC4=C(C=CC(=C4)C(F)(F)F)F,0
C1COCCN1C2=NC(=NC3=C2OC4=C3C=CC=N4)C5=CC(=CC=C5)O,0
CC1CNCCCN1S(=O)(=O)C2=CC=CC3=C2C(=CN=C3)C,0
CC1=CC2=C(N1)C=CC(=C2F)OC3=NC=NC4=CC(=C(C=C43)OC)OCCCN5CCCC5,0
C1=CC(=CC=C1OC2=CN=CC3=C2C=C(S3)C4=NN=C(O4)N)Cl,0
CC1=CN=C(N1)C2=CN=C(N=C2C3=C(C=C(C=C3)Cl)Cl)NCCNC4=NC=C(C=C4)C#N,0
CC1=CC(=CC=C1)NC(=O)NC2=CC=C(C=C2)C3=COC4=NC=NC(=C34)N,0
CC1=CC=CC=C1NC(=O)NC2=CC=C(C=C2)C3=COC4=NC=NC(=C34)N,0
C1CN(CCC1C2=C(C(=NN2)C3=C(C=C(C=C3)Cl)F)C4=NC=NC=C4)C(=O)CO,0
C1=CC(=CC(=C1)NC(=O)NC2=CC=C(C=C2)C3=NOC4=NC=NC(=C34)N)C(F)(F)F,0
CC1=CC(=CC(=C1)NC(=O)NC2=CC(=C(C=C2)C3=C4CNC(=O)C4=CC=C3)C(F)(F)F)C,0
CC1(C(=O)NC2=C(O1)C=CC(=N2)NC3=NC(=NC=C3F)NC4=CC(=C(C(=C4)OC)OC)OC)C,0
CSC1=NN(C(=C1C(=O)N)N)C2=CC=CC=N2,0
CN1C2=NC(=NC=C2C=C(C1=O)OC3=C(C=C(C=C3)F)F)NC4CCOCC4,0
CN1C2=C(C(=CN=C2)C3=CC=C(C=C3)NC(=O)NC4=CC=CC(=C4)C(F)(F)F)C(=N1)N,0
C1=CC=C(C=C1)C(C2=CC=CC=C2)(C(=O)NNC(=S)NC3=CC=C(C=C3)Cl)O,0
CC1=NC=CN2C1=NC(=C2C3=NC(=NC=C3)NCC4(CC4)O)C5=C(C=C(C=C5)F)F,0
CCN1C2=CC(=NC=C2N=C1C3=NON=C3N)OC4=CC=CC(=C4)NC(=O)C5=CC=C(C=C5)OCCN6CCOCC6,0
C1=CC=C(C=C1)C2=CC(=NC(=O)N2)C3=CC4=C(C=C3)NN=C4,0
C1CC(CNC1)C2=CC(=C(C=C2)C3=NC4=C(C=C(C=C4N3)Cl)C(=O)N)F,0
C1CC(CCC1CN)CNC2=NC(=NC=C2[N+](=O)[O-])NCC3=CC=CC=C3Cl,0
C1=CC(=CC(=C1)Cl)NC(=O)NC2=CC=C(C=C2)C3=CSC4=C3C(=NC=C4)N,0
CCC(CC)(C#CC1=CN=C(C2=C1SC=C2C3=CC=C(C=C3)NC(=O)NC4=CC=CC(=C4)C)N)N,0
CC1=CC(=CC=C1)NC(=O)NC2=CC=C(C=C2)C3=CSC4=C3C(=NC=C4C#CCN)N,0
CC1=CC(=CC=C1)NC(=O)NC2=CC=C(C=C2)C3=CSC4=C3C(=NC=C4C#CCN5CCOCC5)N,0
C1=CC=C(C(=C1)C(F)(F)F)NC(=O)NC2=CC=C(C=C2)C3=CSC4=C3C(=NC=C4)N,0
CC1=CC2=C(C=C1)NC3=CC=CC=C3C(=O)N2,0
CC1=C2C=C(C=CC2=NN1)C3=CC(=CN=C3)OCC(CC4=CNC5=CC=CC=C54)N,0
CC1=C2C=C(C=CC2=NN1)C3=CC(=CN=C3)OCC(CC4=CC=CC=C4)N,0
CN1CCN(CC1)C2=CC=C(C=C2)C(=O)NC3=NNC4=C3CN(C4)C(=O)C(C5=CC=CC=C5)OC,0
C1C2=C(C=CC(=C2)C3=CC(=CN=C3)OCC(CC4=CNC5=CC=CC=C54)N)NC1=O,0
C1=CC=C2C(=C1)C(=CN2)CC(COC3=CN=CC(=C3)C4=CC5=C(S4)C=NC=C5)N,0
CN1C2=C(C(=O)C3=C(N2O)C=CC(=C3)Cl)C(=N1)C(F)(F)F,0
C1=CC=C(C(=C1)C(=O)O)NC2=NC(=NC=C2)NC3=CC4=C(C=C3)NN=C4,0
COC1=CC=C(C=C1)C(=O)N2C3=CC=CC=C3SC4=C(C=NC=C42)Cl,0
CCN1C(=O)N(C2=CN=C(N=C2N1C3CCCC3)NC4=C(C=C(C=C4)C(=O)NC5CCN(CC5)C)OC)C,0
C1=CC(=CC=C1CNC(=O)NC2=CC3=C(C=C2)NN=C3)Br,0
CCCC(=O)NC1=CC=CC(=C1)C2=NC3=C(C=C(C=C3)OCCN4CCCC4)C(=N2)NC5=CC6=C(C=C5)NN=C6,0
C1=CC=C(C=C1)CC2=NOC(=C2)C3=CC4=C(C=C3)NN=C4,0
C1=CC=C(C=C1)CN2C=C(N=N2)C3=CC4=C(C=C3)NN=C4NC(=O)C5=CC=CC=C5,0
CCCC1=NOC(=C1)C2=CC3=C(C=C2)NN=C3,0
CC(C)CC1=NOC(=C1)C2=CC3=C(C=C2)NN=C3N,0
C1COCCN1CCN2C=NC(=C2C3=CC4=C(C=C3)NN=C4)C5=CC=C(C=C5)F,0
C1CCC(CC1)NC2=C(N=C3N2C=CC=N3)C4=CC5=C(C=C4)NN=C5,0
C1=CC=C(C(=C1)CC(=O)NC2=CC3=C(C=C2)C=NN3)Cl,0
CN1C=NC=C1C(C2=CC=C(C=C2)C#N)OCC3=C(C=C(C(=O)N3C)C#N)C4=CC=C(C=C4)OC(F)(F)F,0
CC(C)(CN1C=C(C=N1)C2=CN=C(C3=C2SC=C3C4=CC=C(C=C4)NC(=O)NC5=CC=C(C=C5)OC)N)O,0
COC1=CC=CC(=C1)NC(=O)C2=C3N=CC=C(N3N=C2)C4=CC=CC=C4,0
C1CC(CCC1NC2=NC(=CC(=N2)Cl)C3=CNC4=C3C=CC=N4)O,0
C1=CC(=CC=C1C2=CNC3=NC=CC(=C23)Cl)C(=O)N,0
C1=CC=C(C=C1)C2=CNC3=C2C(=NC=N3)NC(CO)CO,0
C1CC(CCC1NC2=CC(=NC(=N2)C3=CNC4=C3C=CC=N4)Cl)O,0
C1=CC=C(C=C1)NC(=O)NC2=CC=C(C=C2)C3=CSC4=NC=NC(=C34)N,0
CC1=CC=C(C=C1)NC(=O)NC2=CC=C(C=C2)C3=CSC4=C3C(=NC=C4C5=CN(N=C5)C(C)C(=O)NC)N,0
CNC(=O)C1=CN=C(C2=C1SC=C2C3=CC=C(C=C3)NC(=O)NC4=CC(=CC=C4)Cl)N,0
CC1=C(C(=C2N1N=CN=C2N)C3=CC=C(C=C3)NC(=O)NC4=CC=CC=C4)C(=O)OC,0
COC1=CC=C(C=C1)NC(=O)NC2=CC=C(C=C2)C3=CSC4=C3C(=NC=C4C5=CN(N=C5)CCO)N,0
CC1=C2C(=C(C=C1)C3=CC=C(C=C3)NC(=O)NC4=CC(=CC=C4)Br)C(=NN2)N,0
CC(C)(C(=O)N)N1C=C(C=N1)C2=CN=C(C3=C2SC=C3C4=CC=C(C=C4)NC(=O)NC5=CC(=CC=C5)F)N,0
CC1=CC(=C(C=C1)F)NC(=O)NC2=CC=C(C=C2)C3=C(C4=NC=CN=C4C=C3)N,0
C1=CC=C(C=C1)NC(=O)NC2=CC=C(C=C2)NC(=O)C3=CSC4=NC=NC(=C34)N,0
CC1=CC(=CC(=C1)NC(=O)NC2=CC=C(C=C2)C3=C4C=NSC4=CC=C3)C,0
CC1=C(C=CC(=C1)NC2=NC=C(C(=N2)NC3C4CC(C3C(=O)N)C=C4)F)N5CCN(CC5)C,0
CC(C1=CC=CC=C1)NC2=NC=CC(=N2)C3=C(N=C4N3C=CO4)C5=CC=C(C=C5)F,0
CCN1CCN(CC1)C2=CC=C(C=C2)NC3=NC=CC(=N3)C4=C(N=C5N4C=CC=C5)C6=CC(=CC=C6)C(=O)NC7=CC=CC=C7F,0
COC1=C2C(=C(C=C1)C3=CC=C(C=C3)NC(=O)NC4=CC(=CC(=C4)F)F)C(=NO2)N,0
C1=CC=C(C=C1)CN2C(=C(N=N2)C3=CC4=C(C=C3)NN=C4N)C5=CC=C(C=C5)F,0
CS(=O)(=O)NCCOC1=CN=CC(=C1)C2=CC3=C(C=C2)C=NC=C3,0
CCCCOC1=NC=NC2=C1C(=CN2)C3=CC=CC=C3,0
CN(CCOC)C(=O)C1=C(N=NN1CC2=CC=CC=C2)C3=CC4=C(C=C3)NN=C4,0
CN(C)C(=O)C1=C(N=NN1CC2=CC=CC=C2)C3=CC4=C(C=C3)NN=C4,0
C1=CC=C(C=C1)C(CO)NC(=O)C2=CC=C(C=C2)C3=CC=NC=C3,0
CC1=C(C=CN=C1)C2=CC=C(C=C2)C(=O)NC(C)C3=CC(=CC=C3)OC,0
CC1=C(C=CC(=C1)C(=O)NC(C)C2=CC(=CC=C2)OC)C3=CC=NC=C3,0
CC(C1=CC(=CC=C1)OC)NC(=O)C2=C(C=C(C=C2)C3=CC=NC=C3)NCCCN,0
CCCOC1=CC=CC(=C1)C(C)NC(=O)C2=CC=C(C=C2)C3=CC=NC=C3,0
CNS(=O)(=O)C1=CC=CC=C1NC2=NC(=NC=C2Cl)NC3=CC(=C(C(=C3)OC)OC)OC,0
CC(=O)N1CCN(CC1)C2=CC(=C(C=C2)OC)NC3=NC=C(C(=N3)NC4=CC=CC=C4S(=O)(=O)NC)Br,0
CCC1C(=O)N(C2=CN=C(N=C2N1C3CCCC3)NC4=C(C=C(C=C4)C(=O)NC5CCCCC5)OC)C,0
C1C2=C(C=C(C=C2C(=O)N1)OCCCN)C3=CC=C(C=C3)NC4=NC5=CC=CC=C5O4,0
C1=CC(=C(C=C1CNC(=O)NC2=CC3=C(C=C2)NN=C3)Cl)Cl,0
C1=CC(=CC=C1C(=O)NC2=C(SC3=C2C(=C(C=C3)Cl)Cl)C(=O)N)Cl,0
COC1=CC=CC(=C1)CNC(=O)C2=CC3=C(NN=C3S2)C4=CC=CC=C4,0
COC1=C(C=CC(=C1)C2=CC3=C(C=C2)C(=O)NC4=C(N3)C=CC(=C4)C(=O)NCC5=CC(=CC=C5)F)O,0
COC1=C(C=CC(=C1)C2=CC3=C(C=C2)C(=O)NC4=C(N3)C=CC(=C4)CCOC5=CC=C(C=C5)N6CCOCC6)OCC(CO)O,0
C1=CC(=CN=C1)C2=CC3=CC(=NC=C3C=C2)NCCO,0
CNC(=O)C1=NC=CC(=C1)OC2=CC=C(C=C2)NC(=O)NC3=CC=CC(=C3)C(F)(F)F,0
C1=CC=C2C(=C1)C(=CN2)CC(COC3=CN=CC(=C3)C=CC4=CC=NC=C4)O,0
CC(C)(CNC1=NC=CC(=N1)C2=C(N=C3N2C=CN=C3)C4=CC=C(C=C4)F)CO,0
CC1=NC=CN2C1=NC(=C2C3=NC(=NC=C3)NCC(C)(C)COC)C4=CC=C(C=C4)F,0
CC(C)(CNC1=NC=CC(=N1)C2=C(N=C3N2C=CN=C3CCN)C4=CC=C(C=C4)F)CO,0
CC1=CN2C(=C(N=C2C(=N1)C)C3=C(C=C(C=C3)F)F)C4=NC(=NC=C4)NCC(C)(C)CO,0
CC(=O)C1=CC=CC(=C1)C2=CN=C3C(=C2)C=CN3,0
CCOC(=O)C1=CN(C2=C(C1=O)C=CC(=C2)C3=CC=NC=C3)C4=C(C=C(C=C4)O)C,0
CC1=CC=C(C=C1)N2C3=C(C(=N2)C)C(=O)C4=C(N3O)C=CC(=C4)Cl,0
CCOC(=O)C1=CC2=C(C=C1)NC3=C2CCNC3=O,0
C1=CC(=C(C=C1C2=C(C=NN2)C3=NC=NC=C3)Cl)Cl,0
COC1=C(C=C(C=C1)C=NNC2=NC=NC3=C2NC4=CC=CC=C43)OC,0
COCCN1C=C(C(=N1)C2=CC=C(C=C2)Cl)C3=NC=NC=C3,0
CC1=CC(=NN1)NC2=CC(=NC(=N2)C=CC3=CC=CC=C3)N4CCN(CC4)C,0
CSC1=CNC2=C(C1=O)C=CC3=C2C=CN=C3,0
CC1=C(C=CC(=C1)O)N2C3=C(C=CC(=C3)Cl)C(=O)C4=C(N=C(N=C42)N)N,0
CN1CCN(CC1)C2=CC3=C(C=C2)N=C(N3)C4=C(C5=C(C=CC=C5F)NC4=O)N,0
CC1=C2C(=NN1)NC3=CC(=C(C=C3C(=N2)C4=CC=CC=C4Cl)F)OC,0
CC(=NNC(=N)N)C1=CC(=CC(=C1)NC(=O)C2=CC(=CC=C2)C(=O)NC3=CC(=CC(=C3)C(=NNC(=N)N)C)C(=NNC(=N)N)C)C(=NNC(=N)N)C,0
C1=CC=C(C=C1)CNC(=O)C(=CC2=CC(=C(C=C2)O)O)C#N,0
CCC(CO)NC1=NC(=C2C(=N1)N(C=N2)C(C)C)NCC3=CC=CC=C3,0
COC1=NC=CC(=N1)C2=C(N=CN2C3CCC(CC3)O)C4=CC=C(C=C4)F,0
CC(C1CCC(CC1)C(=O)NC2=CC=NC=C2)N,0
CS(=O)C1=CC=C(C=C1)C2=NC(=C(N2)C3=CC=NC=C3)C4=CC=C(C=C4)F,0
CC1=CC(=NC2=C1C3=C(S2)C(=NC=N3)N)C,0
C1=CC=C(C=C1)CSC2=NNC(=N2)C3=CC=NC=C3,0
C1=CSC(=C1)C=NNC(=O)C2=C(N(N=N2)C3=NON=C3N)C4=CC=CS4,0
CC1=CC=C(C=C1)CNC2=NN3C(=NN=C3C4=CC=CC=C4)C=C2,0
COC1=C(C=CC(=C1)C=C2C(=O)NC(=S)S2)O,0
COC1=C(C=CC(=C1)C=C(C#N)C2=C(C(=NN2)N)C#N)O,0
CC(C)OC1=CC=C(C=C1)NC(=O)N2CCN(CC2)C3=NC=NC4=CC(=C(C=C43)OC)OCCCN5CCCCC5,0
CC1=C(N2C=CC=CC2=N1)C3=CSC(=N3)NC4=CC=C(C=C4)O,0
CC1=NN(C(=C1)C2=CC=CC=C2)C3=NC=NC(=C3)NN=CC4=CC=CO4,0
COC1=CC(=C(C=C1)C(=O)NC2=NC3=C(S2)C=C(C=C3)Cl)OC,0
CC1=CC(=CC=C1)NC(=O)NC2=CC=C(C=C2)C3=C4CNC(=O)C4=CC=C3,0
CC1=C(SC(=N1)N)C2=NC(=NC=C2)NC3=CC=C(C=C3)N4CCOCC4,0
C1C2=C(C3=C(C=CC=N3)NC1=O)NC4=C2C=C(C=C4)Br,0
CN1CCN(CC1)C2CCC(CC2)N3C=C(C4=C(N=CN=C43)N)C5=CC=C(C=C5)OC6=CC=CC=C6,0
C1=CC=C(C=C1)C2=NN=C3N2N=C(C=C3)NCC4=CC=C(C=C4)Cl,0
C1=CC(=C(C=C1Cl)C2=C(C(=O)NC3=C2C(=CC(=C3)Cl)Cl)O)O,0
COC1=NC=CC(=N1)C2=C(N=CN2C3CCNCC3)C4=CC=C(C=C4)F,0
CC(C(C)(C)C)NC1=C(C(=O)C1=O)NC2=CC=NC=C2,0
C1=CC(=C2C(=C1)NC(=N2)C3=CC=NC=C3)C(=O)N,0
CCC1=NC(=C(S1)C2=CC(=NC=C2)NC(=O)C3=CC=CC=C3)C4=CC=CC(=C4)C,0
C1=CC=C(C=C1)CNC(=O)NC2=NC=C(S2)[N+](=O)[O-],0
CN1CCN(CC1)C2=NC3=CC=CC=C3C(=N2)C4=C(C(=O)NC4=O)C5=CNC6=CC=CC=C65,0
C1=CC=C(C=C1)NC(=O)NC2=CC=C(C=C2)C3=C4C(=CC=C3)NN=C4N,0
CCN(CC)CC#CC1=CN=C(C2=C1SC=C2C3=CC=C(C=C3)NC(=O)NC4=CC=CC(=C4)C)N,0
COC1=C(C=C(C=C1)NC(=O)NC2=CC=C(C=C2)C3=C4C(=CC=C3)ON=C4N)Cl,0
CCC1C(=O)N(C2=CN=C(N=C2N1C3CCCC3)NC4=C(C=C(C=C4)C(=O)NC5CCN(CC5)C)OC)C,0
CC1=CC(=CC=C1)NC(=O)NC2=CC=C(C=C2)C3=CN=CC4=C3C(=NN4C)N,0
CCOC1=C(C(=CC(=N1)NC(=O)CC2=C(C=CC(=C2)OC)OC)N)C#N,0
CC(=O)NC1=NC(=C(C(=C1)N)C#N)C2=CC=CC=C2,0
CCOC1=C(C(=CC(=N1)C(=O)NCC2=CC=C(C=C2)S(=O)(=O)C)N)C#N,0
CC(C)NC(=O)COC1=CC=CC(=C1)C2=NC3=CC=CC=C3C(=N2)NC4=CC5=C(C=C4)NN=C5,0
CC1=CC(=CC=C1)NC(=O)NC2=CC=C(C=C2)NC(=O)C3=CSC4=NC=NC(=C34)N,0
C1CC(CCC1CN)CNC2=NC(=NC=C2[N+](=O)[O-])NCC3=CC=CC=C3Cl,0
CC1=CC2=C(N1)C=CC(=C2)C3=CSC4=C3C(=NC=C4C5=CC(=CC=C5)S(=O)(=O)C)N,0
CC1=CC(=CC=C1)NC(=O)NC2=CC=C(C=C2)C3=CSC4=C3C(=NC=C4C#CCNS(=O)(=O)C)N,0
CC1=CC(=CC=C1)NC(=O)NC2=CC=C(C=C2)C3=CSC4=C3C(=NC=C4C#CC(C)(C)N)N,0
C1=CC=C(C=C1)C2=CN=CC3=C2C=C(S3)C(=O)N,0
CC1=C(C=CC(=C1)O)N2C=C(C(=O)C3=C2C=C(C=C3)C4=CC=NC=C4)C(=O)N,0
CC1CSC2=C(C(=O)C3=CC(=C(C=C3N12)N4CCC(C4)N)F)C(=O)O,0
CC1=CC(=CC=C1)NC2=NC(=CN=C2C(=O)N)NC3CCCCC3N,0
CN1CCN(CC1)CCCNC2=CC=CC(=N2)C3=NC4=C(C=CC=C4N3)C(=O)N,0
C1=CC(=C(C=C1C(CCN)C(=O)NC2=CC3=C(C=C2)NN=C3)Cl)Cl,0
COC1=C(C=C(C(=C1)CN2CCCCC2)Cl)NC(=O)NC3=NC=C(N=C3)C#N,0
C1=CC=C(C(=C1)C(=O)O)NC2=NC(=NC=C2)NC3=CC4=C(C=C3)C=NN4,0
CC1=CC(=CC=C1)C2(CC2C(=O)NC3=CC=NC=C3)C4=CC=CC(=C4)C,0
C1=CC=C2C(=C1)C(=CC=N2)NC(=O)NC3=NC=CN=C3,0
C1=CC(=C(C=C1Cl)F)C2=C(C=C(N2)C3=NC(=NC=C3)N)C(=O)N,0
C1=CC2=C(C=CN=C2C=C1C(F)(F)F)NC(=O)NC3=NC=CN=C3,0
C1=CC2=C(C=CN=C2C(=C1)C(F)(F)F)NC(=O)NC3=NC=CN=C3,0
CN1C=C(C=N1)C2=C3N=CC(=C(N3N=C2)N)C4=CC=C(C=C4)NC(=O)NC5=CC=CC(=C5)C(F)(F)F,0
CC(C)(CNC1=NC=CC(=N1)C2=C(N=C3N2C=CN=C3CC4CC4)C5=C(C=C(C=C5)F)F)O,0
CCC1=NC=CN2C1=NC(=C2C3=NC(=NC=C3)NCC(C)(C)O)C4=C(C=C(C=C4)F)F,0
C1=CC=C(C=C1)NC2=NC(=CS2)C3=CC4=C(C=C3)NN=C4,0
CC1=CC=C(C=C1)CNC2=C(C(=O)C2=O)NC3=CC=NC=C3,0
C1CC(CCC1N)NC2=NC=CC(=N2)C3=CNC4=C3C=CC=N4,0
CC1=CC(=CC=C1)NC(=O)NC2=CC=C(C=C2)C3=C(C4=NC=CN=C4C=C3)N,0
CN(C1=CC2=C(C=C1)N(C(=N2)NC(=O)C3=CC=C(C=C3)C#N)CCC(=O)N)C(=O)C4CCCCC4,0
COC1=CC(=C(C=C1)OC)NC(=O)C2=C3N=CC=C(N3N=C2)C4=CC=CC=C4,0
C1=CC(=CC(=C1)F)NC(=O)NC2=CC=C(C=C2)C3=CSC4=C3C(=NC=C4C5=CN(N=C5)CCO)N,0
C1CC(CCC1NC2=NC(=CC(=N2)Cl)C3=CNC4=C3C=CC=N4)O,0
C1CCC(C(C1)N)NC2=NC=CC(=N2)C3=CNC4=C3C=CC=N4,0
C1CCC(CC1)NC2=CC(=NC(=N2)C3=CNC4=C3C=CC=N4)Cl,0
C1CN(CC=C1C2=CNC3=C2C=CC=N3)C(=O)NC(CO)C4=CC=CC=C4,0
CCN(CC)CCNC(=O)C=CC1=CN=C(C2=C1SC=C2C3=CC=C(C=C3)NC(=O)NC4=CC=CC(=C4)C)N,0
CC(CN1C=C(C=N1)C2=CN=C(C3=C2SC=C3C4=CC=C(C=C4)NC(=O)NC5=CC(=CC=C5)F)N)O,0
CC1=CC(=CC=C1)NC(=O)NC2=CC=C(C=C2)C3=CSC4=C3C(=NC=C4C5=CN(N=C5)CC(C)O)N,0
CCNC(=O)C1=CN=C(C2=C1SC=C2C3=CC=C(C=C3)NC(=O)NC4=CC(=CC=C4)F)N,0
CC1=CC(=CC(=C1)NC(=O)NC2=CC=C(C=C2)NC(=O)C3=CSC4=NC=NC(=C34)N)C,0
CC1=CC=CC=C1NC(=O)NC2=CC3=C(C=C2)C4=C(CC3)SC5=NC=NC(=C45)N,0
C1=CC(=CC(=C1)NC(=O)NC2=CC=C(C=C2)C3=C(C4=NC=CN=C4C=C3)N)C(F)(F)F,0
COC1=CC=CC(=C1)C(CN)NC(=O)C2=CC=C(C=C2)C3=CC=NC=C3,0
CC(C1=CC(=CC=C1)OC)NC(=O)C2=CC=C(C=C2)C3=CC=NC=C3,0
CC1=C(C=C(C=C1)NC2=NC=C(C(=N2)NC3=CC=C(C=C3)OCC(=O)NC)F)S(=O)(=O)N,0
COC1=CC=C(C=C1)CNC2=C(C(=O)C2=O)NC3=CC4=C(C=C3)NN=C4,0
COC1=CC=CC2=C1NC3=C(C=CC(=C3)NC4=CC=NC=C4)C(=O)N2,0
CCOC(=O)C1=C2C(=CC=C1)NC(=N2)C3=CC=C(C=C3)N4CCC(C4)N,0
C1COCCN1S(=O)(=O)C2=CC=CC(=C2)C(=O)NC3=CC=C(C=C3)C4=NC5=C(C=CC=C5N4)C(=O)N,0
CC1=CC=CC=C1NC(=O)NC2=CC=C(C=C2)NC(=O)C3=CSC4=NC=NC(=C34)N,0
COC1=CC(=CC(=C1OC)OC)C2=CC3=C(C=C2)NC4=C(C=CC(=C4)C5=CC=CC=C5NS(=O)(=O)C)C(=O)N3,0
COC1=C(C=CC(=C1)C2=CC3=C(C=C2)C(=O)NC4=C(N3)C=CC(=C4)CCOC5=CC=C(C=C5)N6CCOCC6)CC#N,0
COC(=O)C1=CC=CC=C1C2=CC3=C(C=C2)C(=O)NC4=CC=CC=C4N3,0
COC1=C(C=CC(=C1)C2=CC3=C(C=C2)NN=C3C(=O)NC4=CC=CC=C4)O,0
CC1=C(SC(=C1)C(=O)NC(C)C2=CC(=CC=C2)OC)C3=CC4=C(NN=C4C=C3)C,0
CC(=O)NCC(=O)N1C2CCC1C3=C2C=CC(=C3)NC4=NC=C(C(=N4)NC5CCC5)C(F)(F)F,0
C1=CC=C2C(=C1)C(=CN2)CC(COC3=CN=CC(=C3)C4=CC5=C(C=C4)NC(=O)C5=CC6=CC=CO6)N,0
CC(C)(CNC1=NC=CC(=N1)C2=C(N=C3N2C=CN=C3)C4=CC=C(C=C4)F)CN(C)C,0
CC(C)(CNC1=NC=CC(=N1)C2=C(N=C3N2C=CN=C3Cl)C4=CC=C(C=C4)F)CO,0
CC(C)OC1=NC=CN2C1=NC(=C2C3=NC(=NC=C3)NCC(C)(C)O)C4=C(C=C(C=C4)F)F,0
CC(=O)N1CCN(CC1)C2CCC(CC2)N3C4=NC=NC(=C4C(=N3)C5=CC=C(C=C5)NC(=O)C6=CC7=CC=CC=C7N6C)N,0
C1CC(CCC1N2C3=NC=NC(=C3C(=N2)I)N)O,0
C1=CC(=C2C(=C1)NN=C2N)C3=CC=C(C=C3)NC(=O)NC4=C(C=CC(=C4)CO)F,0
C1=CC(=CC(=C1)Cl)CC(=O)NC2=CC=C(C=C2)C3=C(SC4=NC=NC(=C34)N)Br,0
COC1=CC2=NC=CC(=C2C=C1)NC(=O)NC3=CC=CC(=N3)C(F)(F)F,0
CC1=CC2=C(C=CN=C2C=C1)NC(=O)NC3=CC=CC(=N3)C(F)(F)F,0
COC1=CC2=NC=CC(=C2C=C1)NC(=O)NC3=NC(=CC=C3)Br,0
COC1=CC(=C(C=C1)OC)NC2=NN3C(=NN=C3C4=CC=CC=C4)C=C2,0
COC1=CC(=C(C=C1NC2=NN3C(=NN=C3C4=CC=CC=C4)C=C2)Cl)OC,0
CC(C(C)(C)C)NC1=C(C(=O)C1=O)NC2=NC(=NC=C2)NC3=CC(=C(C=C3)OC)OC,0
CNC(=O)C1=CC2=C(NN=C2S1)C3=CC=CC=C3F,0
CC(C1CCCCC1)NC2=C(C(=O)C2=O)NC3=CC=NC=C3,0
CC(C1=CC=CC=C1)NC2=C(C(=O)C2=O)NC3=CC=NC=C3,0
C1=CC=C(C=C1)COCC(COC2=CN=CC(=C2)C=CC3=CC=NC=C3)N,0
C1=CN=CC=C1C=CC2=CC(=CN=C2)OCCN,0
C1=CN=CC=C1C=CC2=CC(=CN=C2)OCCCN,0
COC1=CN=CC(=C1)C=CC2=CC=NC=C2,0
CC1=NC2=C(S1)C=CC(=C2)C3=CSC4=C3C(=NC=C4C=CC(=O)NC)N,0
CC1=CC(=C(C=C1Cl)NC(=O)NC2=NC=C(N=C2)C#N)OC3CCCC3,0
C1C(C(COC2=NC(=CN=C2C#N)NC(=O)NC3=C(O1)C=CC(=C3)Cl)O)O,0
CC(=C(C)C1=CC=CC2=C1NC(=C2CCCOC3=C(C(=CC=C3)Cl)Cl)C(=O)O)C,0
CC1=C(C(=CC=C1)Cl)C2=CC=CC3=C2NC(=C3CCCOC4=CC=CC5=CC=CC=C54)C(=O)NCCOCCOCCN,0
CC(=O)NC1=NC(=C(C(=C1)N)C#N)C2=CC3=CC=CC=C3C=C2,0
CC(=O)NC1=NC(=C(C(=C1)N)C#N)C2=CSC=C2,0
CC1CSC2=C(C(=O)C3=CC(=C(C(=C3N12)F)N4CCC(C4)N)F)C(=O)O,0
CC1=C2C(=O)C(=CNC2=NC(=C1F)N3CCC(C3)NC(=O)C)C(=O)O,0
C1=CC(=C2C(=C1Cl)C(=C(S2)C(=O)N)N)Br,0
CC1=C(C=CC(=C1)O)N2C=C(C(=O)C3=C2C=C(C=C3)C4=CC=NC=C4)C(=O)NN,0
CCOC(=O)C1=CN(C2=C(C1=O)C=CC(=C2)C3=CC=NC=C3)C4=C(C=C(C=C4)O)C,0
C1=CC(=C(C=C1C2=C(C=NN2)C3=NC=NC=C3)Cl)Cl,0
COC1=C(C=C(C=C1)C=C2C(=O)NC(=NC3=CC=CC=C3)S2)O,0
C1C(C1C(=O)NC2=CC3=C4C(=C2)NC=C4C=NNC3=O)C5=CC=CC=C5,0
C1=CC(=C2C(=C1Cl)C3=C(S2)C(=O)NC=N3)Cl,0
CC1=NSC2=C1C(=O)C(=CN2)C(=O)O,0
C1=CC=C(C=C1)C2=CN3C(=N2)C(=CNC3=O)I,0
CC(C)(C)C1=CC2=C(C=C1)N=C(N2)C3=NNC4=CC=CC=C43,0
C1=CC=C(C=C1)CSC2=NC=NC3=C2NC=N3,0
C1=CC(=CC(=C1)Cl)CSC2=NC=NC3=C2NC=N3,0
C1CN(CCN1CC2=NC3=CC=CC=C3N2)C4=CC=CC=N4,0
CCCOC1=CC=C(C=C1)[C@H]2[C@@H]([C@H](CN2CC(=O)NC3=C(C=CC=C3CC)CC)C4=CC5=C(C=C4)OCO5)C(=O)O,0
CC1=C(SC(=N1)N)C2=NC(=NC=C2)NC3=CC=C(C=C3)N4CCOCC4,0
CN1C=NC=C1[C@](COC2=C(C=C(C=C2)C#N)C3=CC=C(C=C3)OC(F)(F)F)(C4=CC=C(C=C4)C#N)O,0
C1=CC=C2C(=C1)C(=O)N=C(S2)C3=CC=CC=N3,0
CCCCN(CCCC)C(=O)CN1C[C@@H]([C@H]([C@@H]1CC(C)(C)CCC)C(=O)O)C2=CC3=C(C(=C2)OC)OCO3,0
CN1C=NC=C1[C@@](COC2=C(C=C(C=C2)C#N)C3=CC=C(C=C3)OC(F)(F)F)(C4=CC=C(C=C4)C#N)O,0
CC(=O)C1=C(C2=CC(=C(N=C2N(C1=O)C)C3=C(C=C(C=C3)Cl)Cl)C4=CC=C(C=C4)Cl)NS(=O)(=O)C,0
CC(=O)C1=C(C2=CC(=C(N=C2N(C1=O)C)C3=C(C=C(C=C3)Cl)Cl)C4=CC=C(C=C4)Cl)NC(=O)C,0
CC(=O)N1CCC(CC1)NC2=NC=CC(=N2)C3=C(N=C4N3C=CO4)C5=CC=C(C=C5)F,0
CC1=CNC2=NC=CC(=C12)OC3=C(C=C(C=C3F)NC4=CC(=NC(=N4)N)Cl)F,0
COC1=CC=CC(=C1)CNC(=O)C2=NC3=C(C(=CS3)COCC4=CC=C(C=C4)C(=O)O)C(=O)N2,0
C1CC(CCC1NS(=O)(=O)C(F)(F)F)(C2=C(C=CC(=C2)F)F)S(=O)(=O)C3=CC=C(C=C3)Cl,0
CSC1=C(N=CC=C1)N2CCN(CC2)CC3=NC4=CC=CC=C4N3,0
CN(C1=NC(=NC=C1)CNC2=NC(=NC=C2C(F)(F)F)NC3=CC4=C(C=C3)NC(=O)C4)S(=O)(=O)C,0
C1=CC=C(C(=C1)NC(=O)NC2=CC=C(C=C2)C3=CSC4=C3C(=NC=C4C5=COC=C5)N)F,0
CC1=C2C=C(C=CC2=NN1)C3=CC(=CN=C3)OCC(CC4=CC=CC=C4)CN,0
CCC(C1=CC(=NC2=C1C(=C(S2)C(=O)N)N)N3CCC(CC3)S(=O)(=O)C)(F)F,0
CC1=C([C@H](NC(=O)N1C2=CC=CC(=C2)C(F)(F)F)C3=CN=C(C=C3)C#N)C(=O)C,0
C1CN(CCC1=CC2=CC(=CC=C2)OC3=NC=C(C=C3)C(F)(F)F)C(=O)NC4=NN=CC=C4,0
CC1=CC(=CC=C1)NC(=O)NC2=CC=C(C=C2)C3=C(N4C(=C(C=N4)C5=CN(N=C5)C)N=C3)N,0
COC1=CC2=C(C=C1)C=C(C=C2)OCC3(CN(C3)C(=O)C4=CC=C(C=C4)F)C(=O)O,0
CNC(=O)C1=CC=C(C=C1)NC2=NC=C(C(=N2)NCC3=NC=CN=C3N(C)S(=O)(=O)C)C(F)(F)F,0
C1=CC=C(C=C1)CN2C=C(N=N2)C3=CC4=C(C=C3)NN=C4N,0
C1=CC=C(C=C1)NC2=NC(=CS2)C3=CC4=C(C=C3)NN=C4,0
C1CN(CCC1(C#N)C2=CC=CC=N2)CC3=C4C=CC=CN4C(=O)C(=C3)C(=O)O,0
C1CNCCC1C2=CC=C(C=C2)C3=C4C=CC(=CC4=CC(=C3)C(=O)O)C5=CC=C(C=C5)C(F)(F)F,0
CC/C(=N\\O)/C(=C/C1=CC=C(C=C1)F)/C,0
C[C@H](C1=CC=CC(=C1)C#N)N2C=C(C=C(C2=N)C(=O)N)Cl,0
CCS(=O)(=O)C1=NC=C2C(=C1)C=C(N2)C[C@](CC(C)(C)C3=C(C=C(C=C3)F)C(=O)N)(C(F)(F)F)O,0
CN([C@@H]1CCC2=C(C3=CC=CC=C3N2C1)CC(=O)O)S(=O)(=O)C4=CC=C(C=C4)F,0
C1CC2=C(C=CC(=C2)NC3=C(C=C(C=C3)F)F)C(=O)C4=C1C=CC(=C4)OC[C@@H](CO)O,0
CCOC(=O)C1=CC2=C(N1)C=CC(=C2)C3=CC(=NN3C)C(=O)NCC4=CC=C(C=C4)C(=O)O,0
C1=CC(=CC(=C1)F)NC(=O)NC2=CC=C(C=C2)C3=CSC4=C3C(=NC=C4C5=CN(N=C5)CCO)N,0
CCNC(=O)NCC1=CC=CC=C1C2=CC(=NC(=N2)NCCN(C)C)C3=CN=C(S3)NC(C)C,0
C1COCCN1C2=CC=CC(=C2)NC3=NC=CC(=N3)C4=C(N=C5N4C=CS5)C6=CC(=CC=C6)NC(=O)CC7=CC=CC=C7,0
COCCOC1=NC(=NC2=C1CN(CC2)C(=O)C3=C4C=CC=CN4C=N3)C5=CN=C(C=C5)Cl,0
CC1=NC=C(C=C1)C2=CN=C(C3=C2SC=C3C4=CC=C(C=C4)NC(=O)NC5=CC(=CC=C5)F)N,0
CN1CCN(CC1)C2=CC=CC(=C2)NC3=NC=CC(=N3)C4=C(N=C5N4C=CC=C5)C(=O)N,0
CCCS(=O)(=O)NC1=CC=C(C=C1)C2=CC3=C(C=C2)NN=C3N,0
C1=CC=C(C=C1)C(=O)C2=C(C=CC(=C2)C3=CC(=CN=C3)OCC(CC4=CNC5=CC=CC=C54)N)N,0
CS(=O)(=O)NC1=CC=C(C=C1)C2=CC3=C(C=C2)NN=C3N,0
CCS(=O)(=O)NC1=CC=C(C=C1)C2=CC3=C(C=C2)NN=C3N,0
CSC1=CNC2=C1C(=NC=N2)NCCCO,0
COC1=C(C=C(C=C1)C(=O)NC2=NNC3=C2C=C(C=C3)C4=CN(N=N4)CC5=CC=CC=C5)OC,0
C1=CC(=CC=C1C2=CC=NC=C2)C(=O)NC(CO)C3=CC(=CC(=C3)Cl)Cl,0
C1=CC=C(C=C1)C(CN)NC(=O)C2=CC=C(C=C2)C3=CC=NC=C3,0
COC1=CC=CC(=C1)C(CN)NC(=O)C2=CC=C(C=C2)C3=CC=NC=C3,0
CC1(CCC(=C(C1)C2=CC=C(C=C2)Cl)CN3CCN(CC3)C4=CC(=C(C=C4)C(=O)NS(=O)(=O)C5=CC(=C(C=C5)NCC6CCC(CC6)OC)[N+](=O)[O-])OC7=CN=C8C(=C7)C=CN8)C,0
CC(=O)N1CCC(CC1)C2=C(C=C(C=C2)C(=O)N=C(N)N)C(F)(F)F,0
CCC(=O)N[C@H]1CC[C@H](C1)C(=O)N(C)C2=CC=C(C=C2)C3=NC4=CC=CC=C4O3,0
CS(=O)(=O)C1=NC=CC(=C1)C2(CC2)NC(=O)C3=CN=CC4=C3C=NN4C5=CC=C(C=C5)F,0
C1CC1S(=O)(=O)N2CCC3=C(C2)N4C=C(N=C(C4=N3)N5CCOCC5)C6=CN=C(N=C6)N,0
CS(=O)(=O)N1CCC2=C(C1)N=C3N2C=C(N=C3N4CCOCC4)C5=CN=C(N=C5)N,0
CC1=NC(=NC=C1)NC2=CC(=CC(=C2)C3=CN=C(S3)[C@]4(CC[C@@H](C(C4)(C)C)C(=O)O)O)C,0
CN([C@@H]1CCC2=C(C3=C(N2C1)C=CC(=C3)S(=O)(=O)C)CC(=O)O)S(=O)(=O)C4=CC=C(C=C4)F,0
CC(C)(C1=CN=CC(=C1)C2=NC3=C(N2C4CC4)C=C(C=C3)F)O,0
CC1=C(C=CC(=C1)N2C(=NC(=N2)CC3=CC(=CC(=C3)F)C(F)(F)F)C)C(=O)N,0
CCC(=O)N[C@@H]1CC[C@@H](C1)C(=O)N(C)C2=CC=C(C=C2)C3=NC4=CC=CC=C4O3,0
CN(C)C(=O)CN1C=C(C=N1)C2=NC(=NO2)C3(CC3)C4=CC=C(C=C4)C5=CN=C(N=C5)N,0
CN1C(=CC(=N1)C(=O)NCC2=CC=C(C=C2)C(=O)O)C3=CC4=C(C=C3)NC=C4,0
CCOCCN1C=C(C=CC1=O)C(=O)NC2=NC=C(C=C2)N3C(=CC(=N3)C4=CN=CC=C4)C(F)(F)F,0
CCS(=O)(=O)C1=NC=C2C(=C1)C=C(N2)C[C@@](CC(C)(C)C3=C(C=C(C=C3)F)C(=O)N)(C(F)(F)F)O,0
C[C@@H](C(=O)NC1(CC1)C2=CC=CC=N2)NC(=O)C3=CN=C4N3[C@](C(=O)N4C5=CC(=C(C(=C5)Cl)F)Cl)(C)CC6=CC=C(C=C6)C#N,0
CC1=C(C=CC2=C1N=C(C=C2O[C@@H]3C[C@H]4C(=O)N[C@@]5(CC5/C=C\\CCCCC[C@@H](C(=O)N4C3)NC(=O)OC6CCCC6)C(=O)O)C7=CSC(=N7)NC(=O)C(C)C)OC,0
CN(C)CC#CC1=CC(=C(C=C1)OCCCC2=C(N=C(S2)N3CCC4=C(C3)C(=CC=C4)C(=O)NC5=NC6=CC=CC=C6S5)C(=O)O)F,0
CC1=CN(C=N1)C2=C(C=C(C=C2)C3=CN(N=N3)C4CCC5=C(C=CC=C5F)N(C4=O)CC(F)(F)F)OC,0
C[C@H](C1=CC=C(C=C1)F)N(CC2=CC(=CC=C2)C(=O)O)C(=O)C3=CC4=CC=CC=C4N=C3,0
C1=CC=C(C(=C1)CSC2=NC=NC3=C2NC=N3)Br,0
C[C@@](C1CC1)(C2=CC=C(C=C2)C3=CN=C(N=C3)N)C4=NOC(=N4)C5=CN(N=C5)CC(=O)N(C)C,0
C1CCN(C1)C(=O)C2=CC(=C3C=CC=CN3C2=O)CN4CCC(CC4)(C#N)C5=CC=CC=N5,0
CC1=CC(=C(C=C1NC(=O)C2=CC(=CC(=C2)C#N)S(F)(F)(F)(F)F)N3C=CN4C3=CC(=N4)C5=CN=CC=C5)C,0
C1=CC=C2C(=C1)C3=C(C=CN=C3N2)NC4=CC(=CC=C4)O,0
C[C@@H]1CN(C[C@@H](O1)C)C2=NC=NC(=C2)C3=NNC4=C3C=C(C=C4)OC5(CC5)C,0
C1CC1[C@H]2C3(CCS(=O)(=O)CC3)C4=C(N2S(=O)(=O)C5=CC=C(C=C5)F)C=CC(=C4)C(=O)NCC6=C(C=C(C=N6)C(F)(F)F)Cl,0
CC/C(=N\\O)/C(=C/C1=CC(=C(C=C1)F)C)/C,0
CC1=NC(=NC=C1C2=C3C=NNC3=CC(=C2)C(F)(F)F)N4CC[C@H](C4)O,0
CCCCN(CCCC)C(=O)CN1C[C@H]([C@@H]([C@H]1CC(C)(C)CCC)C(=O)O)C2=CC3=C(C(=C2)OC)OCO3,0
CN1C(=CC(=N1)C(F)(F)F)C2=CN=C(N=C2)N3CCC4=C3C(=CC(=C4)S(=O)(=O)NC5=C(C=C(C=C5F)Cl)F)N6CCCC6=O,0
CCCOC1=CC=C(C=C1)[C@@H]2[C@H]([C@@H](CN2CC(=O)NC3=C(C=CC=C3CC)CC)C4=CC5=C(C=C4)OCO5)C(=O)O,0
CC1=C(C(=NN1CC2=CC=C(C=C2)C#N)C(F)(F)F)NC(=O)C3=CC(=NC4=C3C=CC(=C4)F)C(=O)N,0
C1C[C@@H]([C@H]([C@@H]1CN2C(=O)C3=CC=CC=C3N=N2)C(=O)O)C(=O)C4=CC=C(C=C4)OCCC5CCOCC5,0
CC1=C(C(=NN1C2=C(C=C(C=N2)C3CC3)F)OC(C)C)OC4=C(C=CC=C4F)F,0
C1CC1[C@@H]2C3(CCS(=O)(=O)CC3)C4=C(N2S(=O)(=O)C5=CC=C(C=C5)F)C=CC(=C4)C(=O)NCC6=C(C=C(C=N6)C(F)(F)F)Cl,0
C[C@@H](C(F)(F)F)N(CC1=CC=C(C=C1)F)C(=O)CN2C(=O)[C@]3(CCC4=C3C=CC(=C4)NC(=O)NC)OC2=O,0
COC1=CC2=C(C=C1)[C@@H](C[C@@H](O2)C3=CC(=C(C=C3)OC)OC)NC(=O)C4(CC4)C5=CC6=C(C=C5)OC(O6)(F)F,0
COC1=CC2=C(C=C1)[C@H](C[C@H](O2)C3=CC(=C(C=C3)OC)OC)NC(=O)C4(CC4)C5=CC6=C(C=C5)OC(O6)(F)F,0
C1CC1N2C3=C(C=C(C=C3)C(F)(F)F)N=C2C4=CN=CC=C4,0
CC1=CN=C(N=C1OCC(C)(C)CO)N,0
C=CC(=O)NC1=CC2=C(C=C1)NC(=O)N2C3CCN(CC3)CC4=CC=C(C=C4)C5=C(C=C6C(=N5)C=CNC6=O)C7=CC=CC=C7,0
C1=CC=C(C=C1)CC(=O)NC2=CC(=C(C=C2)OC3=CC(=CC=C3)Cl)S(=O)(=O)N,0
CC1=C(C(=NN1CC2=CC=C(C=C2)C(C)(C)C)C(F)(F)F)NC(=O)C3=CC(=NC4=C3C=CC(=C4)F)C(=O)N,0
C[C@@H](C1=CC=CC(=C1)C#N)N2C=C(C=C(C2=N)C(=O)N)Cl,0
CC(C)([C@@H](CN1CC2=CC(=C(C=C2C1=O)N3CCOCC3)NC(=O)C4=C5N=CC=CN5N=C4)F)O,0
C1COCCC1OC2=C(C=C(C(=C2)NC3=CC4=C(C=C3)NC(=O)CC4)Cl)[N+](=O)[O-],0
C1[C@@H]2[C@@H](C2CNC(=O)C3=CC4=NNN=C4C=C3)CN1C(=O)OCC5=CC(=CC(=C5)C(F)(F)F)C(F)(F)F,0
CN1CCN(CC1)C2=CC3=C(C(=NC=N3)C4CCN(CC4)C(=O)C5=C(C=C(C=C5)OC(F)(F)F)N)N=C2,0
CCC1=CC=CC=C1C(=O)NC2=NNC3=C(C(=C(C=C32)C4C(=C(N(C(=C4C#N)C)C)C)C#N)F)C,0
CC(C)NC(=O)N1CC[C@@H](C1)N=C2C3=C(C=CC(=C3)Cl)N(C4=C(N2)C=C(C=C4)F)CC(F)F,0
CC1=NC2=CC(=C(C=C2C(=N1)N[C@H](C)C3=CC(=CS3)C4=CC=CC=C4CNC)OC)OC,0
C[C@@H](C(F)(F)F)N(CC1=CC=C(C=C1)F)C(=O)CN2C(=O)[C@]3(CCC4=C3C=C(C=C4)NC(=O)NC)OC2=O,0
CN(C)C1=NC=NC(=C1Cl)C2=CC3=C(C=C2)N=C(N3)NC4=NC=CC(=C4)CN5CCN(CC5)C(=O)CC(F)(F)F,0
C1=CC(=C(C=C1C#N)Cl)NC2=CC3=C(C=C2)NC(=O)N3,0
CC1=C(SC(=N1)CC2=CC(=CC=C2)C(F)(F)F)C3=CN=C(C=C3)C(=O)N,0
CN1C[C@H](C[C@H](C1)NC2=NC3=C(C(=O)N2C)NC=C3)C4=CC5=C(C=C4)OCCO5,0
C1=CC(=C(C(=C1)Cl)C(=O)NC2=CC3=C(C=C2)NN=C3C4=CC5=C(C=C4)NC=C5)Cl,0
CC1=NC2=CC(=C(C=C2C(=N1)N[C@@H](C)C3=CC(=CS3)C4=CC=CC=C4CNC)OC)OC,0
C1CCC(CC1)CCCNC(=O)C2=CC=C(C=C2)CNC(=O)C3=C(N(N=C3)C4=CC=CC=C4)N,0
C1CN([C@H](C2=C1N=CC=C2)C3=CC=C(C=C3)F)C(=O)NC4=CN=C(N=C4)OC5=CC=C(C=C5)F,0
C1CC(=O)N(C1)C2=CC(=CC3=C2N(CC3)C4=NC=C(C=N4)N)S(=O)(=O)NC5=C(C=C(C=C5F)Cl)F,0
C[C@H](C1=CC=CC=C1)NC(=O)NC2=NC(=C3C=NNC3=C2)CO,0
C[C@H](C1=CC(=NC=C1)NC2=NC3=C(N2)C=C(C=C3)C4=CC(=NC=N4)N(C)C)N5CCN(CC5)C(=O)CC(F)(F)F,0
CN1C=C(C=N1)NC2=NC=CC(=N2)COC3=CC(=C4C(=C3)SC(=N4)N[C@H]5CCCC[C@@H]5O)OC,0
C1CC1C2=NOC(=N2)[C@H]3C[C@H](CN(C3)C(=O)N4CCS(=O)(=O)CC4)C5=CC=C(C=C5)OC(F)(F)F,0
CC1=NC2=C(C(=N1)C3CCN(CC3)C(=O)C4=C(C=C(C=C4)OC(F)(F)F)N)N=CC(=C2)N5CCN(CC5)C,0
C1CC/C=C\\C2C[C@]2(NC(=O)[C@@H]3C[C@H](CN3C(=O)[C@H](CC1)NC(=O)OC4CCCC4)OC5=CC=NC=C5)C(=O)O,0
C1CC1(C2=CC=CC=C2Cl)C(=O)NC3=CC(=C(C=C3)OC4=CC(=CC=C4)Cl)S(=O)(=O)N,0
CC(C)CC(=O)N1CCC2=C(C1)C(=NC(=N2)C3=CC=C(C=C3)Br)N(C)CC4=CC=CC=C4,0
CC1=C2C=C(C=CC2=NN1)[C@@H]3C(=C(NC(=C3C#N)C4=CC=C(C=C4)Cl)C)C#N,0
CC1=CC(=CC(=C1)N2C=CN3C2=CC(=N3)C4=CN=CC=C4)NC(=O)C5=CC(=CC=C5)S(F)(F)(F)(F)F,0
CC1=C(C=C(C=C1)C2=CN=C(S2)[C@]3(CC[C@@H](C(C3)(C)C)C(=O)O)O)NC4=CC=CC(=N4)C(F)(F)F,0
C1CCC(CC1)CCCNC(=O)C2=CC=C(C=C2)CNC(=O)C3=C(N(N=C3)C4=CC=CC=C4)C(F)(F)F,0
CC1=NN(C=C1)C2=C(C=C(C=C2)C3=CN(N=N3)C4CCC5=CC=CC=C5N(C4=O)CC(F)(F)F)OC,0
C1C[C@H]([C@@H]([C@H]1CN2C(=O)C3=CC=CC=C3N=N2)C(=O)O)C(=O)C4=CC=C(C=C4)OCCC5CCOCC5,0
CC(=O)N1CCC(CC1)C2=C(C=C(C=C2)C(=O)NC3=NCCN3)C(F)(F)F,0
CS(=O)(=O)C1=NC=CC(=C1)[C@H](CCNS(=O)(=O)C)NC(=O)C2=CN=CC3=C2C=NN3C4=CC=C(C=C4)F,0
CN1C=C(C2=C(C=CN=C21)OC3=C(C=C(C=C3F)NC4=CC(=NC(=N4)N)Cl)F)Cl,0
C[C@]1(C(=O)N(C2=NC=C(N21)C(=O)NC3(CC3)C4=NC(=NO4)C5CCC5)C6=CC(=CC(=C6)Cl)Cl)CC7=CC=C(C=C7)C#N,0
CC1=NC=CC(=N1)COC(=O)N2C[C@@H]3[C@H](C2)C3CNC(=O)C4=CC5=NNN=C5C=C4,0
C1COCCC1CNC2=C(C=C(C=C2)S(=O)(=O)NC(=O)C3=C(C=C(C=C3)N4CCN(CC4)CC5=C(C=C(C=C5)C(F)(F)F)C6=CC=C(C=C6)Cl)OC7=CN=C8C(=C7)C=CN8)[N+](=O)[O-],0
C[C@@H](C1=CC=CC=N1)NC(=O)NC2=NC(=C3C=NNC3=C2)CO,0
C[C@@H]1CN(C[C@@H](O1)C)C2=NC=NC(=C2)C3=NN(C4=C3C=C(C=C4)OC5(CC5)C)C,0
C1=CC=C2C(=C1)C(=O)NC(S2)C3=CC=CC=N3,0
CS(=O)(=O)N1CCCC(C1)NC(=O)[C@H](CCC2CCCCC2)NC(=O)C3=CC=C(C=C3)CNC4=C5C(=NC=N4)N(N=N5)C6=CC=CC=C6,0
C[C@@H](C1=C(C=NC2=CC(=NN21)Cl)NC3=CC=C(C=C3)[C@@H](C(F)(F)F)N(C)C(=O)C4CCS(=O)(=O)CC4)OC,0
CC1=C(C=C(C2=C1C=C(C=C2)C3=CC=C(C=C3)C(F)(F)F)C4=CC=C(C=C4)C5CCNCC5)C(=O)O,0
C[C@@H](C1=C(C=NC2=CC(=NN21)Cl)NC3=CC=C(C=C3)[C@H](C(F)(F)F)N(C)C(=O)C4CCS(=O)(=O)CC4)OC,0
CS(=O)(=O)N1CCCC(C1)NC(=O)[C@H](CCC2CCCCC2)NC(=O)C3=CC=C(C=C3)CNC(=O)C4=CN=C5N4C=CC=C5,0
C1CN([C@@H](C2=C1N=CC=C2)C3=CC=C(C=C3)F)C(=O)NC4=CC=C(C=C4)OC5=CC=C(C=C5)F,0
CC[C@H](C(=O)O)NC1=C(C(=NC2=C1C=CN=C2)C3=CC=C(C=C3)C4=CC=CC(=C4F)C)C#N,0
CC1=CC=CC=C1C(=O)NC2=NN(C3=C2C=C(C=C3)C4C(=C(NC(=C4C#N)C)C)C#N)C,0
CC1=NOC(=N1)[C@H]2C[C@H](CN(C2)C(=O)N3CCS(=O)(=O)C3)C4=CC=C(C=C4)C(F)(F)F,0
C1C(CN1C(=O)NC2=NN=CC=C2)C/C=C/C3=CN=CC(=N3)OC4=NC=C(C=C4)C(F)(F)F,0
